account_id,activity_date,active_users,active_mobile_users,sessions,work_orders_created,work_orders_completed,automation_runs,api_calls,documents_uploaded,feature_breadth
account_00000001,2025-01-13,1,1,1,1,1,0,0,0,7
account_00000001,2025-01-16,2,1,2,4,3,0,0,3,9
account_00000001,2025-01-23,2,1,2,0,0,0,0,0,7
account_00000001,2025-01-27,1,1,3,1,1,0,0,1,6
account_00000001,2025-02-05,1,1,1,1,1,0,0,0,6
account_00000001,2025-02-13,2,1,2,3,2,0,0,1,4
account_00000001,2025-02-18,2,1,4,1,1,0,0,0,6
account_00000001,2025-02-21,2,1,2,0,0,0,0,0,6
account_00000001,2025-03-11,2,1,3,1,1,0,0,0,7
account_00000001,2025-03-20,1,1,1,0,0,0,0,0,8
account_00000001,2025-03-22,1,1,2,2,2,0,0,3,6
account_00000001,2025-03-27,2,1,4,1,1,0,0,1,6
account_00000001,2025-04-08,1,1,2,0,0,0,0,0,7
account_00000001,2025-04-22,1,1,3,2,2,1,0,1,6
account_00000001,2025-04-23,1,1,3,2,2,0,0,0,7
account_00000001,2025-04-25,1,1,2,1,1,0,0,0,7
account_00000001,2025-05-06,2,1,2,3,2,1,0,3,6
account_00000001,2025-05-11,2,1,2,1,1,0,0,0,8
account_00000001,2025-05-23,2,1,5,1,1,0,0,0,8
account_00000001,2025-05-25,2,1,2,1,1,0,0,0,7
account_00000001,2025-06-13,1,1,1,1,1,0,0,0,9
account_00000001,2025-06-20,1,1,2,1,1,0,0,1,9
account_00000001,2025-06-23,2,1,5,4,4,1,0,0,7
account_00000001,2025-06-30,2,1,5,2,2,0,0,0,7
account_00000001,2025-07-01,2,1,2,4,3,1,0,3,8
account_00000001,2025-07-07,2,1,5,0,0,0,0,0,7
account_00000001,2025-07-10,2,1,5,0,0,0,0,0,8
account_00000001,2025-07-17,1,1,1,0,0,0,0,0,10
account_00000001,2025-08-01,2,1,5,2,2,0,0,0,8
account_00000001,2025-08-16,2,1,2,1,1,1,0,0,9
account_00000001,2025-08-21,3,2,3,2,2,0,0,0,10
account_00000001,2025-08-27,1,1,1,0,0,0,0,1,9
account_00000001,2025-09-06,1,1,2,0,0,0,0,0,8
account_00000001,2025-09-13,1,1,1,0,0,0,0,0,7
account_00000001,2025-09-19,1,1,1,2,2,1,0,0,7
account_00000001,2025-09-29,1,1,6,2,2,1,0,0,8
account_00000001,2025-10-02,3,2,15,0,0,0,0,0,7
account_00000001,2025-10-14,2,1,3,4,3,1,0,4,8
account_00000001,2025-10-17,3,2,6,2,2,0,0,3,8
account_00000001,2025-10-24,2,1,8,3,2,0,0,1,7
account_00000001,2025-11-01,1,1,2,4,3,1,0,1,8
account_00000001,2025-11-02,1,1,1,1,1,0,0,0,8
account_00000001,2025-11-14,2,1,4,3,2,0,0,1,9
account_00000001,2025-11-20,1,1,1,1,1,0,0,0,8
account_00000001,2025-12-05,1,1,1,1,1,0,0,1,8
account_00000001,2025-12-23,1,1,1,0,0,0,0,0,7
account_00000001,2025-12-27,1,1,2,2,2,0,0,1,7
account_00000001,2025-12-31,1,1,3,1,1,1,0,0,6
account_00000001,2026-01-18,1,1,6,0,0,0,0,0,7
account_00000001,2026-01-21,2,1,5,0,0,0,0,0,7
account_00000001,2026-01-28,1,1,1,0,0,0,0,1,4
account_00000001,2026-01-31,1,1,1,1,1,0,0,0,6
account_00000001,2026-02-04,2,1,2,1,1,0,0,0,7
account_00000001,2026-02-11,1,1,1,0,0,0,0,0,5
account_00000001,2026-02-18,2,1,2,1,1,1,0,0,7
account_00000001,2026-02-22,2,1,3,4,3,0,0,1,7
account_00000001,2026-03-02,1,1,2,4,4,0,0,1,7
account_00000001,2026-03-06,1,1,1,1,1,0,0,0,8
account_00000001,2026-03-23,2,1,2,0,0,0,0,0,8
account_00000001,2026-03-30,1,1,1,1,1,0,0,0,6
account_00000001,2026-04-13,3,2,4,2,2,0,0,0,7
account_00000001,2026-04-16,2,1,3,2,2,0,0,1,5
account_00000001,2026-04-24,3,2,9,0,0,0,0,1,8
account_00000001,2026-04-27,2,1,4,1,1,0,0,0,5
account_00000001,2026-05-01,3,2,5,1,1,0,0,0,8
account_00000001,2026-05-19,2,1,4,0,0,0,0,0,7
account_00000001,2026-05-23,2,1,2,0,0,0,0,0,7
account_00000001,2026-05-25,2,1,3,1,1,0,0,0,9
account_00000001,2026-06-01,2,1,2,2,2,0,0,1,8
account_00000001,2026-06-16,2,1,2,3,3,0,0,0,8
account_00000001,2026-06-21,3,2,8,1,1,1,0,0,8
account_00000001,2026-06-24,2,1,3,3,3,0,0,1,9
account_00000002,2026-03-05,1,1,1,0,0,0,0,0,4
account_00000002,2026-03-19,1,1,2,2,2,0,0,2,7
account_00000002,2026-03-22,1,1,1,0,0,0,0,0,6
account_00000002,2026-03-25,1,1,1,0,0,0,0,0,5
account_00000002,2026-04-02,1,1,1,0,0,0,0,0,5
account_00000002,2026-04-12,1,1,2,2,1,0,0,1,4
account_00000002,2026-04-18,1,1,1,0,0,0,0,0,5
account_00000002,2026-04-25,1,1,1,1,1,0,0,0,5
account_00000002,2026-05-02,1,1,7,1,1,0,0,0,5
account_00000002,2026-05-14,1,1,3,0,0,0,0,0,6
account_00000002,2026-05-28,1,1,2,2,1,1,0,1,7
account_00000002,2026-05-30,1,1,3,2,2,0,0,1,3
account_00000002,2026-06-14,1,1,1,3,2,0,0,0,4
account_00000002,2026-06-15,1,1,1,3,2,0,0,1,6
account_00000002,2026-06-26,1,1,1,3,2,0,0,2,5
account_00000002,2026-06-28,1,1,1,0,0,0,0,1,5
account_00000004,2024-05-11,5,4,12,2,2,2,39,1,10
account_00000004,2024-05-14,5,4,6,5,4,2,36,4,10
account_00000004,2024-05-19,3,2,3,3,2,0,33,0,10
account_00000004,2024-05-23,2,1,5,1,1,1,21,3,10
account_00000004,2024-06-11,4,3,6,10,8,2,42,3,10
account_00000004,2024-06-12,6,4,9,4,4,2,29,0,9
account_00000004,2024-06-16,6,4,14,11,10,3,40,5,10
account_00000004,2024-06-21,6,4,12,14,13,9,33,7,10
account_00000004,2024-07-12,3,2,3,2,2,1,34,0,10
account_00000004,2024-07-20,4,3,11,5,4,3,30,0,10
account_00000004,2024-07-25,3,2,6,8,7,3,29,5,10
account_00000004,2024-07-27,7,5,16,6,5,4,26,2,10
account_00000004,2024-08-03,4,3,6,6,5,5,23,2,9
account_00000004,2024-08-13,3,2,5,4,4,6,43,3,10
account_00000004,2024-08-20,7,5,10,5,4,3,37,3,8
account_00000004,2024-08-26,3,2,3,4,4,1,29,3,9
account_00000004,2024-09-14,4,3,11,10,9,4,36,2,10
account_00000004,2024-09-21,7,5,16,10,9,5,38,3,9
account_00000004,2024-09-25,4,3,5,4,4,5,34,2,10
account_00000004,2024-09-29,5,4,6,7,7,5,32,3,10
account_00000004,2024-10-16,5,4,12,4,3,0,31,2,9
account_00000004,2024-10-17,5,4,6,4,4,0,27,2,10
account_00000004,2024-10-18,6,4,13,5,4,2,33,6,8
account_00000004,2024-10-26,7,5,10,4,4,3,32,1,10
account_00000004,2024-11-07,4,3,7,6,6,3,30,3,10
account_00000004,2024-11-10,3,2,3,3,3,2,29,2,10
account_00000004,2024-11-11,5,4,6,3,2,1,47,1,9
account_00000004,2024-11-17,5,4,11,9,8,5,26,7,10
account_00000004,2024-12-03,5,4,9,6,5,3,35,4,10
account_00000004,2024-12-06,3,2,12,2,2,0,31,0,10
account_00000004,2024-12-16,4,3,10,5,4,4,41,0,9
account_00000004,2024-12-20,3,2,3,4,4,2,40,1,10
account_00000004,2025-01-11,7,5,9,10,9,2,30,7,10
account_00000004,2025-01-16,5,4,9,14,13,6,35,6,10
account_00000004,2025-01-25,6,4,13,3,3,3,32,3,10
account_00000004,2025-01-31,3,2,6,1,1,0,42,1,9
account_00000004,2025-02-03,6,4,6,7,6,3,33,6,10
account_00000004,2025-02-13,5,4,9,2,2,0,26,0,10
account_00000004,2025-02-25,3,2,3,6,5,4,32,1,9
account_00000004,2025-02-26,5,4,7,1,1,0,39,1,9
account_00000004,2025-03-07,5,4,5,8,7,1,31,3,10
account_00000004,2025-03-09,4,3,16,1,1,0,30,0,10
account_00000004,2025-03-13,5,4,8,6,5,6,43,3,9
account_00000004,2025-03-20,6,4,22,4,3,1,29,1,9
account_00000004,2025-04-12,5,4,12,5,4,3,36,4,10
account_00000004,2025-04-15,7,5,19,7,6,9,34,2,10
account_00000004,2025-04-22,4,3,5,8,7,0,43,3,10
account_00000004,2025-04-29,5,4,6,7,5,5,29,1,10
account_00000004,2025-05-10,4,3,5,4,4,3,38,1,9
account_00000004,2025-05-21,3,2,6,1,1,0,33,1,9
account_00000004,2025-05-22,3,2,3,3,2,2,32,1,10
account_00000004,2025-05-28,5,4,6,11,8,3,21,3,8
account_00000004,2025-06-07,3,2,3,8,7,3,41,5,9
account_00000004,2025-06-08,5,4,15,1,1,0,30,1,10
account_00000004,2025-06-14,5,4,13,9,7,3,29,4,10
account_00000004,2025-06-16,4,3,7,6,5,1,42,3,10
account_00000004,2025-07-02,6,4,15,2,2,0,39,0,9
account_00000004,2025-07-23,7,5,8,5,5,2,40,1,10
account_00000004,2025-07-25,7,5,14,1,1,0,27,0,9
account_00000004,2025-07-27,5,4,9,4,4,0,35,4,10
account_00000004,2025-08-02,5,4,8,5,5,2,41,3,10
account_00000004,2025-08-07,5,4,18,8,8,2,36,3,10
account_00000004,2025-08-17,4,3,4,5,5,2,36,2,10
account_00000004,2025-08-28,6,4,16,4,4,1,47,2,10
account_00000004,2025-09-02,6,4,10,3,2,2,28,0,9
account_00000004,2025-09-04,5,4,15,6,5,2,41,1,10
account_00000004,2025-09-09,4,3,7,3,3,0,37,0,9
account_00000004,2025-09-22,5,4,10,1,1,1,33,1,9
account_00000004,2025-10-15,5,4,11,4,3,2,20,0,9
account_00000004,2025-10-18,7,5,13,4,3,1,22,2,9
account_00000004,2025-10-25,4,3,7,2,2,0,39,0,8
account_00000004,2025-10-30,4,3,5,3,3,0,28,0,10
account_00000004,2025-11-20,6,4,8,4,4,0,35,1,10
account_00000004,2025-11-26,4,3,5,8,8,5,32,2,9
account_00000004,2025-11-28,4,3,4,3,2,0,36,0,10
account_00000004,2025-11-29,5,4,6,7,6,2,35,1,10
account_00000004,2025-12-09,4,3,4,3,3,1,26,1,10
account_00000004,2025-12-20,4,3,7,6,5,4,32,3,10
account_00000004,2025-12-23,3,2,3,3,3,1,36,1,10
account_00000004,2025-12-28,5,4,9,3,2,1,34,2,9
account_00000004,2026-01-10,5,4,14,4,4,3,37,4,9
account_00000004,2026-01-18,7,5,15,2,2,0,35,0,10
account_00000004,2026-01-22,7,5,8,8,7,5,30,4,10
account_00000004,2026-01-23,4,3,6,3,3,2,36,3,10
account_00000004,2026-02-01,5,4,13,2,2,2,31,1,9
account_00000004,2026-02-10,5,4,5,11,9,5,31,1,10
account_00000004,2026-02-21,5,4,12,11,9,6,24,4,10
account_00000004,2026-02-22,4,3,4,4,4,3,27,0,10
account_00000004,2026-03-05,4,3,9,7,6,5,41,1,9
account_00000004,2026-03-11,5,4,6,4,3,2,25,3,10
account_00000004,2026-03-23,4,3,7,5,4,6,36,0,9
account_00000004,2026-03-30,2,1,6,3,3,2,33,3,8
account_00000004,2026-04-02,3,2,10,2,2,1,45,2,10
account_00000004,2026-04-14,6,4,8,12,11,4,45,5,10
account_00000004,2026-04-21,5,4,8,7,6,4,29,2,10
account_00000004,2026-04-26,3,2,3,2,2,0,28,3,10
account_00000004,2026-05-06,6,4,14,5,5,5,39,2,10
account_00000004,2026-05-20,5,4,11,6,6,1,36,2,10
account_00000004,2026-05-23,7,5,13,6,5,3,44,2,10
account_00000004,2026-05-31,5,4,5,8,7,4,25,6,10
account_00000004,2026-06-07,5,4,5,5,4,1,40,4,9
account_00000004,2026-06-11,6,4,9,7,6,4,38,1,9
account_00000004,2026-06-13,4,3,8,4,3,7,33,1,10
account_00000004,2026-06-17,5,4,6,8,7,4,31,2,10
account_00000008,2025-12-02,1,1,3,1,1,0,14,1,6
account_00000008,2025-12-04,1,1,2,0,0,0,10,0,7
account_00000008,2025-12-06,2,1,2,0,0,0,10,0,7
account_00000008,2025-12-26,1,1,2,2,2,1,17,0,6
account_00000008,2026-01-04,2,1,5,0,0,0,9,0,8
account_00000008,2026-01-07,1,1,1,1,1,0,9,1,8
account_00000008,2026-01-08,1,1,4,0,0,0,8,0,7
account_00000008,2026-01-29,1,1,2,4,3,1,9,0,7
account_00000008,2026-02-10,2,1,5,2,2,2,14,0,8
account_00000008,2026-02-12,1,1,4,1,1,1,17,0,5
account_00000008,2026-02-15,2,1,2,1,1,1,17,0,7
account_00000008,2026-02-24,1,1,2,0,0,0,13,0,7
account_00000008,2026-03-08,1,1,3,1,1,0,19,0,6
account_00000008,2026-03-13,1,1,3,1,1,0,16,0,7
account_00000008,2026-03-18,1,1,1,3,2,1,11,0,7
account_00000008,2026-03-28,2,1,4,1,1,1,18,0,6
account_00000008,2026-04-02,1,1,3,1,1,1,13,0,9
account_00000008,2026-04-05,1,1,3,0,0,0,12,0,8
account_00000008,2026-04-16,1,1,3,2,2,1,16,2,9
account_00000008,2026-04-25,1,1,3,0,0,0,15,0,7
account_00000008,2026-05-02,1,1,1,0,0,0,20,0,8
account_00000008,2026-05-05,2,1,2,2,2,0,14,1,10
account_00000008,2026-05-13,1,1,1,0,0,0,18,0,7
account_00000008,2026-05-16,1,1,3,0,0,0,12,0,8
account_00000008,2026-06-16,1,1,2,0,0,0,8,0,7
account_00000008,2026-06-17,1,1,1,1,1,1,19,0,9
account_00000008,2026-06-19,1,1,3,0,0,0,21,0,8
account_00000008,2026-06-22,2,1,2,3,3,0,13,1,9
account_00000009,2025-03-01,9,6,16,16,12,1,0,6,5
account_00000009,2025-03-04,6,4,6,5,4,1,0,4,8
account_00000009,2025-03-13,9,6,19,15,12,2,0,8,6
account_00000009,2025-03-20,10,7,11,11,9,2,0,4,4
account_00000009,2025-04-06,5,4,9,6,4,0,0,1,5
account_00000009,2025-04-08,7,5,7,5,4,0,0,4,9
account_00000009,2025-04-11,6,4,8,2,2,0,0,1,7
account_00000009,2025-04-17,6,4,6,9,6,0,0,4,6
account_00000009,2025-05-05,8,6,11,8,6,3,0,0,8
account_00000009,2025-05-15,9,6,18,19,16,6,0,8,8
account_00000009,2025-05-17,7,5,11,5,4,0,0,3,5
account_00000009,2025-05-30,8,6,11,4,3,0,0,2,5
account_00000009,2025-06-01,9,6,22,9,7,6,0,3,8
account_00000009,2025-06-07,7,5,14,6,5,0,0,2,8
account_00000009,2025-06-14,11,8,26,13,11,1,0,3,10
account_00000009,2025-06-26,5,4,8,4,3,0,0,2,8
account_00000013,2024-07-20,24,17,49,39,31,13,29,10,9
account_00000013,2024-07-22,32,23,64,46,37,18,29,12,10
account_00000013,2024-07-23,28,20,32,47,40,16,32,19,10
account_00000013,2024-07-24,26,19,63,35,26,18,27,10,10
account_00000013,2024-08-05,32,23,46,51,41,24,32,11,10
account_00000013,2024-08-12,18,13,26,27,25,16,28,9,9
account_00000013,2024-08-13,32,23,64,48,43,18,40,18,10
account_00000013,2024-08-17,23,17,40,37,33,14,33,12,10
account_00000013,2024-09-02,25,18,43,47,43,23,29,17,10
account_00000013,2024-09-09,25,18,44,38,37,12,35,21,9
account_00000013,2024-09-10,28,20,61,47,42,19,35,22,10
account_00000013,2024-09-14,18,13,22,21,19,11,38,8,10
account_00000013,2024-10-04,27,19,49,49,44,25,50,18,9
account_00000013,2024-10-11,29,21,50,45,36,25,45,14,10
account_00000013,2024-10-15,25,18,43,28,26,14,38,11,9
account_00000013,2024-10-28,23,17,31,33,29,9,26,11,10
account_00000013,2024-11-08,28,20,68,43,38,23,37,32,10
account_00000013,2024-11-15,15,11,37,20,17,11,54,3,10
account_00000013,2024-11-26,31,22,46,56,45,30,35,16,10
account_00000013,2024-11-28,19,14,22,26,22,18,38,7,10
account_00000013,2024-12-03,21,15,47,31,29,13,38,16,10
account_00000013,2024-12-09,16,12,38,28,26,25,33,17,9
account_00000013,2024-12-16,20,14,34,35,33,15,44,16,10
account_00000013,2024-12-18,15,11,18,28,26,12,34,10,10
account_00000013,2025-01-11,32,23,51,41,38,13,49,13,10
account_00000013,2025-01-12,29,21,35,26,25,11,48,11,9
account_00000013,2025-01-15,17,12,19,22,19,9,41,13,10
account_00000013,2025-01-21,18,13,32,26,24,15,35,8,8
account_00000013,2025-02-10,27,19,31,28,25,14,34,11,10
account_00000013,2025-02-11,14,10,19,27,23,9,29,7,10
account_00000013,2025-02-24,18,13,28,32,28,13,37,10,9
account_00000013,2025-02-28,31,22,49,49,43,25,38,25,10
account_00000013,2025-03-04,15,11,24,29,25,16,27,14,9
account_00000013,2025-03-10,24,17,43,30,25,11,29,4,10
account_00000013,2025-03-21,24,17,28,22,21,6,35,9,10
account_00000013,2025-03-28,23,17,23,27,24,12,33,10,10
account_00000013,2025-04-09,29,21,79,45,43,13,32,26,10
account_00000013,2025-04-11,18,13,30,27,24,9,45,12,10
account_00000013,2025-04-13,22,16,42,23,19,20,49,14,10
account_00000013,2025-04-16,13,9,20,17,16,8,39,5,10
account_00000013,2025-05-03,25,18,50,35,33,15,31,14,10
account_00000013,2025-05-08,32,23,32,54,45,25,36,21,10
account_00000013,2025-05-10,16,12,35,26,24,11,47,13,10
account_00000013,2025-05-16,31,22,31,60,57,38,34,35,10
account_00000013,2025-06-03,26,19,51,37,35,16,42,9,10
account_00000013,2025-06-26,16,12,17,25,21,12,34,9,10
account_00000013,2025-06-27,31,22,72,46,42,21,36,12,10
account_00000013,2025-06-30,17,12,35,18,16,6,29,8,10
account_00000013,2025-07-02,30,22,39,45,41,18,38,20,10
account_00000013,2025-07-05,15,11,16,14,13,5,33,1,10
account_00000013,2025-07-14,25,18,43,33,30,22,42,7,9
account_00000013,2025-07-20,27,19,65,32,30,13,33,12,10
account_00000013,2025-08-12,24,17,27,40,36,22,29,17,10
account_00000013,2025-08-16,29,21,50,32,28,22,43,20,10
account_00000013,2025-08-25,22,16,32,31,30,13,46,16,9
account_00000013,2025-08-28,16,12,29,24,23,15,46,13,10
account_00000013,2025-09-04,25,18,28,43,37,15,33,15,10
account_00000013,2025-09-05,16,12,38,28,25,15,32,7,10
account_00000013,2025-09-15,31,22,61,61,53,20,41,21,10
account_00000013,2025-09-19,20,14,24,32,30,11,28,14,10
account_00000013,2025-10-05,12,9,12,20,17,10,38,8,10
account_00000013,2025-10-14,21,15,36,33,31,13,35,11,10
account_00000013,2025-10-23,19,14,26,23,22,13,34,17,10
account_00000013,2025-10-25,19,14,21,33,32,22,40,19,10
account_00000013,2025-11-11,29,21,53,45,40,28,44,24,10
account_00000013,2025-11-17,24,17,33,40,37,17,37,24,10
account_00000013,2025-11-18,27,19,60,36,31,18,43,15,10
account_00000013,2025-11-19,24,17,46,33,28,12,37,9,10
account_00000013,2025-12-10,14,10,32,25,21,15,42,8,10
account_00000013,2025-12-14,19,14,49,33,30,11,43,15,10
account_00000013,2025-12-23,20,14,31,23,21,10,36,9,10
account_00000013,2025-12-27,14,10,27,19,15,8,40,3,10
account_00000013,2026-01-06,24,17,54,40,34,25,31,13,9
account_00000013,2026-01-13,17,12,45,24,22,7,43,12,9
account_00000013,2026-01-14,30,22,50,41,38,29,31,14,10
account_00000013,2026-01-20,15,11,17,28,26,10,55,15,9
account_00000013,2026-02-02,27,19,58,38,34,19,33,20,9
account_00000013,2026-02-09,15,11,19,18,15,9,40,6,10
account_00000013,2026-02-16,22,16,25,28,26,10,38,10,9
account_00000013,2026-02-19,33,24,41,39,35,12,42,8,10
account_00000013,2026-03-02,13,9,13,12,10,3,28,5,10
account_00000013,2026-03-10,15,11,35,23,19,10,40,5,10
account_00000013,2026-03-18,17,12,25,20,17,9,42,4,9
account_00000013,2026-03-28,21,15,34,45,38,21,33,20,7
account_00000013,2026-04-04,18,13,34,23,20,17,38,5,10
account_00000013,2026-04-11,16,12,30,26,23,9,39,14,8
account_00000013,2026-04-16,31,22,34,35,29,11,34,17,10
account_00000013,2026-04-30,29,21,57,33,29,9,28,12,10
account_00000013,2026-05-18,33,24,50,40,36,24,32,12,10
account_00000013,2026-05-28,13,9,24,21,20,6,41,10,10
account_00000013,2026-05-29,31,22,45,57,51,29,34,23,10
account_00000013,2026-05-31,33,24,51,45,39,36,38,20,10
account_00000013,2026-06-03,33,24,33,48,39,19,38,24,10
account_00000013,2026-06-08,20,14,30,28,24,15,41,8,10
account_00000013,2026-06-17,32,23,41,44,42,20,40,14,10
account_00000013,2026-06-27,13,9,30,18,16,10,37,5,10
account_00000019,2026-03-04,27,19,42,56,48,31,57,20,10
account_00000019,2026-03-10,23,17,39,38,30,20,78,14,9
account_00000019,2026-03-23,14,10,17,40,33,20,75,19,10
account_00000019,2026-03-24,16,12,32,35,30,9,46,13,10
account_00000019,2026-04-06,29,21,34,59,52,22,77,23,10
account_00000019,2026-04-11,24,17,64,41,35,21,74,11,10
account_00000019,2026-04-16,24,17,26,40,39,22,77,12,10
account_00000019,2026-04-26,15,11,27,26,23,8,67,15,10
account_00000019,2026-05-01,13,9,25,27,21,10,52,7,10
account_00000019,2026-05-05,13,9,15,23,20,5,75,5,10
account_00000019,2026-05-07,28,20,72,52,48,31,71,24,10
account_00000019,2026-05-28,20,14,34,37,34,18,61,14,10
account_00000019,2026-06-12,26,19,46,50,44,24,76,27,10
account_00000019,2026-06-16,18,13,18,27,25,10,74,19,10
account_00000019,2026-06-19,22,16,56,44,37,23,63,15,10
account_00000019,2026-06-20,16,12,29,29,27,12,75,15,10
account_00000022,2024-06-02,8,6,19,10,8,2,18,3,6
account_00000022,2024-06-11,5,4,10,8,6,2,16,4,7
account_00000022,2024-06-18,8,6,11,10,8,5,9,6,7
account_00000022,2024-06-28,5,4,7,5,5,2,12,2,8
account_00000022,2024-07-04,4,3,10,4,3,3,14,3,9
account_00000022,2024-07-16,8,6,10,6,5,1,20,6,9
account_00000022,2024-07-24,4,3,6,1,1,0,23,0,9
account_00000022,2024-07-29,4,3,13,5,4,2,19,1,9
account_00000022,2024-08-09,5,4,8,6,5,3,20,2,6
account_00000022,2024-08-17,3,2,3,3,2,2,8,1,9
account_00000022,2024-08-22,5,4,10,3,2,1,21,1,8
account_00000022,2024-08-25,6,4,14,3,2,1,10,1,7
account_00000022,2024-09-04,8,6,12,8,7,2,18,3,8
account_00000022,2024-09-07,6,4,8,3,3,1,20,2,10
account_00000022,2024-09-13,9,6,14,3,3,3,22,2,9
account_00000022,2024-09-20,6,4,10,9,7,1,22,3,9
account_00000022,2024-10-10,6,4,15,7,6,5,15,4,9
account_00000022,2024-10-11,6,4,6,3,3,3,10,2,9
account_00000022,2024-10-19,7,5,15,6,5,3,18,2,10
account_00000022,2024-10-25,9,6,13,9,7,3,11,5,9
account_00000022,2024-11-05,7,5,18,8,7,3,15,6,10
account_00000022,2024-11-23,5,4,7,8,7,3,17,3,9
account_00000022,2024-11-27,7,5,10,10,9,8,14,3,9
account_00000022,2024-11-30,9,6,19,13,11,4,17,4,9
account_00000022,2024-12-01,7,5,11,6,5,4,12,2,10
account_00000022,2024-12-12,5,4,9,6,5,6,19,2,9
account_00000022,2024-12-15,5,4,10,6,5,0,17,2,9
account_00000022,2024-12-17,8,6,9,14,13,8,16,2,8
account_00000022,2025-01-03,8,6,15,9,8,2,22,6,9
account_00000022,2025-01-26,8,6,21,6,6,4,19,3,7
account_00000022,2025-01-28,5,4,13,5,5,1,11,3,9
account_00000022,2025-01-31,4,3,4,4,3,3,19,3,7
account_00000022,2025-02-07,6,4,8,5,4,2,11,1,8
account_00000022,2025-02-12,7,5,7,6,5,3,11,2,6
account_00000022,2025-02-24,9,6,9,12,10,6,17,4,8
account_00000022,2025-02-28,5,4,5,9,7,4,13,2,7
account_00000022,2025-03-10,6,4,14,12,10,4,16,5,10
account_00000022,2025-03-15,7,5,7,7,6,6,14,3,10
account_00000022,2025-03-18,4,3,12,4,4,2,24,1,10
account_00000022,2025-03-30,6,4,7,5,4,0,23,1,9
account_00000022,2025-04-14,5,4,14,4,3,1,11,0,6
account_00000022,2025-04-15,6,4,11,9,7,4,15,5,8
account_00000022,2025-04-23,9,6,16,10,8,9,13,3,7
account_00000022,2025-04-29,6,4,10,2,2,0,14,0,10
account_00000022,2025-05-09,6,4,6,4,3,2,14,1,8
account_00000022,2025-05-14,5,4,9,3,3,1,14,0,9
account_00000022,2025-05-21,6,4,12,6,5,4,16,1,8
account_00000022,2025-05-30,10,7,14,6,5,0,13,3,8
account_00000022,2025-06-01,4,3,5,5,4,0,20,2,10
account_00000022,2025-06-04,7,5,16,7,6,5,14,1,9
account_00000022,2025-06-07,9,6,14,11,10,5,18,4,8
account_00000022,2025-06-08,8,6,12,11,10,6,20,4,9
account_00000022,2025-07-05,7,5,20,11,10,4,25,2,10
account_00000022,2025-07-08,8,6,13,8,7,4,19,2,8
account_00000022,2025-07-10,4,3,5,3,3,1,12,1,10
account_00000022,2025-07-30,4,3,12,4,3,1,19,2,9
account_00000022,2025-08-05,5,4,5,6,5,6,17,1,9
account_00000022,2025-08-07,8,6,8,13,12,8,20,4,9
account_00000022,2025-08-22,4,3,4,6,5,3,19,3,10
account_00000022,2025-08-27,6,4,19,7,6,3,12,2,9
account_00000022,2025-09-05,10,7,17,10,9,5,23,3,9
account_00000022,2025-09-07,9,6,15,9,7,7,15,5,10
account_00000022,2025-09-20,8,6,18,17,16,7,15,5,8
account_00000022,2025-09-26,6,4,12,6,5,2,14,1,8
account_00000022,2025-10-08,6,4,9,6,5,4,17,2,8
account_00000022,2025-10-19,5,4,11,7,6,3,12,2,8
account_00000022,2025-10-20,6,4,12,3,2,3,15,1,8
account_00000022,2025-10-31,9,6,11,6,5,2,12,0,7
account_00000022,2025-11-09,10,7,21,10,8,5,14,0,10
account_00000022,2025-11-10,6,4,6,10,9,7,21,1,6
account_00000022,2025-11-20,9,6,20,8,7,4,14,5,7
account_00000022,2025-11-26,5,4,5,5,4,1,12,1,8
account_00000022,2025-12-15,6,4,9,4,3,0,18,2,9
account_00000022,2025-12-23,8,6,11,7,6,7,15,3,10
account_00000022,2025-12-24,10,7,22,11,10,4,17,4,10
account_00000022,2025-12-25,6,4,6,9,8,3,11,4,10
account_00000022,2026-01-04,6,4,11,5,4,1,13,3,10
account_00000022,2026-01-12,5,4,7,4,4,3,22,4,8
account_00000022,2026-01-26,9,6,13,12,10,7,19,6,10
account_00000022,2026-01-31,4,3,9,5,4,3,15,1,9
account_00000022,2026-02-04,4,3,6,5,5,2,13,3,8
account_00000022,2026-02-06,5,4,14,6,5,2,15,1,8
account_00000022,2026-02-19,9,6,12,9,7,4,14,2,6
account_00000022,2026-02-26,6,4,10,5,4,1,19,4,7
account_00000022,2026-03-03,10,7,23,8,7,1,13,3,8
account_00000022,2026-03-07,10,7,15,15,12,7,14,5,10
account_00000022,2026-03-11,8,6,18,13,11,6,17,4,9
account_00000022,2026-03-30,10,7,30,12,11,5,14,7,9
account_00000022,2026-04-12,5,4,12,8,7,4,18,2,8
account_00000022,2026-04-15,9,6,19,6,5,2,15,3,10
account_00000022,2026-04-17,10,7,16,11,9,3,14,5,7
account_00000022,2026-04-18,4,3,9,3,3,1,17,1,7
account_00000022,2026-05-09,5,4,9,9,8,2,19,2,10
account_00000022,2026-05-10,8,6,15,12,10,3,17,6,7
account_00000022,2026-05-16,6,4,9,6,5,1,9,3,10
account_00000022,2026-05-18,6,4,11,12,10,6,21,6,8
account_00000022,2026-06-03,8,6,16,5,4,3,20,2,9
account_00000022,2026-06-12,8,6,11,7,6,2,17,7,9
account_00000022,2026-06-17,10,7,24,14,12,7,18,5,7
account_00000022,2026-06-22,8,6,8,6,6,1,19,2,9
account_00000023,2024-07-03,3,2,3,4,3,3,0,4,5
account_00000023,2024-07-07,3,2,5,1,1,0,0,0,7
account_00000023,2024-07-12,3,2,5,5,4,1,0,0,6
account_00000023,2024-07-15,2,1,4,1,1,1,0,1,7
account_00000023,2024-08-09,2,1,2,0,0,0,0,0,8
account_00000023,2024-08-28,4,3,6,4,4,2,0,1,8
account_00000023,2024-08-30,3,2,6,4,3,1,0,0,7
account_00000023,2024-08-31,4,3,8,3,3,0,0,2,7
account_00000023,2024-09-01,2,1,8,2,2,0,0,2,9
account_00000023,2024-09-06,2,1,4,4,3,0,0,1,8
account_00000023,2024-09-09,2,1,5,0,0,0,0,0,7
account_00000023,2024-09-26,3,2,3,5,4,0,0,1,6
account_00000023,2024-10-03,3,2,13,1,1,0,0,0,8
account_00000023,2024-10-08,2,1,3,2,2,0,0,0,6
account_00000023,2024-10-25,4,3,10,2,2,1,0,0,7
account_00000023,2024-10-31,2,1,4,3,2,2,0,0,10
account_00000023,2024-11-07,4,3,4,3,2,1,0,3,7
account_00000023,2024-11-18,5,4,8,3,2,0,0,0,8
account_00000023,2024-11-26,3,2,4,1,1,0,0,1,9
account_00000023,2024-11-30,4,3,5,3,3,2,0,1,8
account_00000023,2024-12-03,3,2,8,0,0,0,0,0,5
account_00000023,2024-12-05,3,2,11,6,5,1,0,1,8
account_00000023,2024-12-21,3,2,10,2,2,0,0,0,7
account_00000023,2024-12-31,4,3,4,5,4,1,0,2,7
account_00000023,2025-01-16,5,4,16,5,4,0,0,2,8
account_00000023,2025-01-22,3,2,8,3,3,1,0,2,9
account_00000023,2025-01-26,4,3,9,7,6,0,0,2,7
account_00000023,2025-01-27,5,4,5,3,3,0,0,2,7
account_00000023,2025-02-13,4,3,10,9,7,3,0,1,8
account_00000023,2025-02-17,2,1,4,2,2,0,0,0,9
account_00000023,2025-02-20,2,1,2,4,4,1,0,0,8
account_00000023,2025-02-24,4,3,6,6,5,1,0,3,9
account_00000023,2025-03-05,5,4,15,8,6,2,0,2,7
account_00000023,2025-03-13,4,3,6,4,3,1,0,4,7
account_00000023,2025-03-17,4,3,8,4,3,1,0,1,8
account_00000023,2025-03-31,2,1,2,2,2,0,0,0,9
account_00000023,2025-04-06,3,2,6,2,2,1,0,1,6
account_00000023,2025-04-13,5,4,10,6,5,0,0,1,8
account_00000023,2025-04-14,5,4,8,5,4,2,0,1,8
account_00000023,2025-04-18,2,1,2,1,1,0,0,0,5
account_00000023,2025-05-05,5,4,14,9,8,3,0,2,6
account_00000023,2025-05-06,4,3,15,1,1,0,0,1,8
account_00000023,2025-05-07,4,3,6,5,4,1,0,2,9
account_00000023,2025-05-23,2,1,3,2,2,0,0,0,7
account_00000023,2025-06-01,3,2,7,8,6,4,0,3,9
account_00000023,2025-06-19,2,1,3,3,3,0,0,0,9
account_00000023,2025-06-24,3,2,5,4,4,1,0,2,7
account_00000023,2025-06-26,4,3,4,5,4,0,0,0,7
account_00000023,2025-07-04,3,2,8,3,2,1,0,0,7
account_00000023,2025-07-06,3,2,4,4,3,0,0,1,7
account_00000023,2025-07-19,3,2,5,2,2,0,0,2,6
account_00000023,2025-07-31,3,2,5,0,0,0,0,0,8
account_00000023,2025-08-15,3,2,4,5,4,0,0,1,7
account_00000023,2025-08-16,2,1,2,1,1,0,0,0,7
account_00000023,2025-08-26,3,2,6,4,4,1,0,1,8
account_00000023,2025-08-27,2,1,2,3,2,2,0,0,8
account_00000023,2025-09-04,5,4,5,11,11,0,0,2,5
account_00000023,2025-09-05,2,1,2,1,1,0,0,0,7
account_00000023,2025-09-20,4,3,6,4,3,1,0,1,8
account_00000023,2025-09-24,3,2,4,5,4,0,0,1,7
account_00000023,2025-10-01,2,1,5,2,2,0,0,1,9
account_00000023,2025-10-03,2,1,3,1,1,0,0,0,8
account_00000023,2025-10-17,2,1,5,0,0,0,0,0,8
account_00000023,2025-10-23,3,2,5,3,3,0,0,1,10
account_00000023,2025-11-11,4,3,9,4,3,1,0,1,8
account_00000023,2025-11-17,2,1,3,1,1,0,0,1,6
account_00000023,2025-11-27,4,3,6,2,2,0,0,2,7
account_00000023,2025-11-30,3,2,5,2,2,1,0,2,7
account_00000023,2025-12-15,3,2,4,6,5,2,0,1,7
account_00000023,2025-12-19,1,1,1,4,3,2,0,2,8
account_00000023,2025-12-25,2,1,6,3,3,3,0,2,6
account_00000023,2025-12-29,3,2,5,5,4,0,0,3,7
account_00000023,2026-01-03,2,1,3,4,3,1,0,0,5
account_00000023,2026-01-22,1,1,3,0,0,0,0,0,7
account_00000023,2026-01-29,1,1,1,0,0,0,0,1,7
account_00000023,2026-01-31,1,1,2,0,0,0,0,0,7
account_00000023,2026-02-05,2,1,2,4,3,4,0,1,10
account_00000023,2026-02-12,2,1,2,2,2,0,0,0,9
account_00000023,2026-02-24,3,2,4,1,1,1,0,0,9
account_00000023,2026-02-28,2,1,2,3,2,0,0,1,10
account_00000023,2026-03-08,2,1,2,2,2,0,0,0,8
account_00000023,2026-03-13,3,2,5,0,0,0,0,0,10
account_00000023,2026-03-14,3,2,6,7,6,4,0,2,6
account_00000023,2026-03-24,2,1,3,1,1,2,0,0,7
account_00000023,2026-04-02,1,1,1,1,1,0,0,0,6
account_00000023,2026-04-06,2,1,6,1,1,0,0,0,8
account_00000023,2026-04-13,3,2,4,2,2,0,0,1,8
account_00000023,2026-04-26,2,1,2,1,1,1,0,1,8
account_00000023,2026-05-06,1,1,1,3,3,0,0,0,8
account_00000023,2026-05-09,2,1,5,3,3,0,0,2,9
account_00000023,2026-05-17,2,1,5,4,3,0,0,1,10
account_00000023,2026-05-23,2,1,2,1,1,0,0,1,6
account_00000023,2026-06-03,3,2,3,5,4,1,0,2,9
account_00000023,2026-06-14,1,1,1,1,1,0,0,0,8
account_00000023,2026-06-18,2,1,5,0,0,0,0,0,7
account_00000023,2026-06-30,2,1,2,2,2,1,0,3,7
account_00000024,2025-07-04,17,12,23,24,21,9,14,11,9
account_00000024,2025-07-13,25,18,30,41,38,20,18,8,9
account_00000024,2025-07-17,12,9,33,19,17,8,21,7,10
account_00000024,2025-07-21,24,17,24,42,39,21,9,20,10
account_00000024,2025-08-02,17,12,33,21,20,6,19,7,10
account_00000024,2025-08-20,15,11,35,15,13,8,15,4,10
account_00000024,2025-08-29,31,22,40,43,37,15,16,22,10
account_00000024,2025-08-30,27,19,30,48,42,21,8,17,10
account_00000024,2025-09-04,25,18,61,42,35,13,12,13,10
account_00000024,2025-09-08,21,15,36,22,18,5,19,9,8
account_00000024,2025-09-14,12,9,16,18,15,5,15,8,9
account_00000024,2025-09-17,16,12,40,31,29,10,17,12,10
account_00000024,2025-10-09,31,22,52,44,36,15,14,21,9
account_00000024,2025-10-17,16,12,32,24,20,11,18,14,9
account_00000024,2025-10-19,20,14,21,31,28,13,11,10,10
account_00000024,2025-10-22,14,10,21,19,17,8,19,9,8
account_00000024,2025-11-19,24,17,29,42,37,17,28,7,7
account_00000024,2025-11-24,28,20,29,44,42,28,24,16,10
account_00000024,2025-11-27,22,16,35,25,22,17,20,14,10
account_00000024,2025-11-29,15,11,21,27,23,14,17,15,10
account_00000024,2025-12-06,26,19,70,37,33,18,15,8,10
account_00000024,2025-12-11,23,17,48,36,33,22,17,19,10
account_00000024,2025-12-14,22,16,33,34,32,17,12,15,9
account_00000024,2025-12-29,13,9,13,21,20,14,22,12,9
account_00000024,2026-01-14,26,19,47,31,26,14,16,11,7
account_00000024,2026-01-19,25,18,51,40,36,16,20,15,8
account_00000024,2026-01-22,22,16,62,36,30,15,14,21,10
account_00000024,2026-01-24,24,17,46,33,29,24,19,11,10
account_00000024,2026-02-09,17,12,27,32,31,8,22,9,10
account_00000024,2026-02-18,21,15,47,29,25,18,11,14,9
account_00000024,2026-02-23,30,22,61,44,42,11,12,27,9
account_00000024,2026-02-25,27,19,46,34,30,13,18,14,9
account_00000024,2026-03-07,22,16,42,42,36,18,21,11,10
account_00000024,2026-03-13,18,13,19,27,24,16,26,12,10
account_00000024,2026-03-25,14,10,17,19,16,5,22,13,10
account_00000024,2026-03-31,28,20,28,42,39,17,22,11,8
account_00000024,2026-04-14,29,21,55,43,38,23,16,18,10
account_00000024,2026-04-16,24,17,34,34,31,17,12,13,10
account_00000024,2026-04-25,22,16,26,28,27,8,15,13,9
account_00000024,2026-04-26,19,14,24,28,26,10,15,11,10
account_00000024,2026-05-04,14,10,19,24,19,6,20,10,8
account_00000024,2026-05-22,30,22,41,46,37,13,15,12,8
account_00000024,2026-05-25,19,14,41,19,17,7,9,6,6
account_00000024,2026-05-29,24,17,33,41,35,22,7,19,10
account_00000024,2026-06-04,23,17,53,37,31,14,13,14,9
account_00000024,2026-06-11,23,17,32,25,20,7,17,9,8
account_00000024,2026-06-14,31,22,50,37,29,22,7,19,9
account_00000024,2026-06-19,25,18,51,37,31,17,9,20,8
account_00000035,2024-12-02,7,5,13,12,10,0,0,5,7
account_00000035,2024-12-13,6,4,16,5,4,2,0,4,7
account_00000035,2024-12-22,6,4,6,6,5,0,0,3,4
account_00000035,2024-12-31,3,2,4,3,3,1,0,2,7
account_00000035,2025-01-08,6,4,23,5,4,2,0,1,7
account_00000035,2025-01-12,4,3,4,7,6,0,0,2,7
account_00000035,2025-01-23,7,5,9,11,9,1,0,8,8
account_00000035,2025-01-26,7,5,8,1,1,0,0,0,6
account_00000035,2025-02-04,6,4,6,10,8,1,0,5,8
account_00000035,2025-02-11,5,4,8,2,2,0,0,1,7
account_00000035,2025-02-23,9,6,18,13,11,0,0,3,8
account_00000035,2025-02-24,4,3,7,3,3,0,0,1,7
account_00000035,2025-03-01,5,4,5,9,8,1,0,2,8
account_00000035,2025-03-11,6,4,13,7,6,3,0,1,6
account_00000035,2025-03-26,5,4,9,6,5,1,0,3,7
account_00000035,2025-03-29,9,6,22,14,13,3,0,5,9
account_00000035,2025-04-04,6,4,16,9,7,1,0,2,8
account_00000035,2025-04-08,5,4,10,4,3,0,0,1,7
account_00000035,2025-04-29,4,3,12,6,5,0,0,6,8
account_00000035,2025-04-30,4,3,7,5,4,3,0,1,7
account_00000035,2025-05-14,8,6,16,7,6,0,0,2,9
account_00000035,2025-05-15,5,4,12,5,5,2,0,1,9
account_00000035,2025-05-18,3,2,3,0,0,0,0,1,8
account_00000035,2025-05-28,8,6,10,10,9,5,0,2,9
account_00000035,2025-06-02,9,6,18,11,10,1,0,5,9
account_00000035,2025-06-04,7,5,15,5,5,0,0,2,8
account_00000035,2025-06-12,5,4,13,5,4,3,0,6,8
account_00000035,2025-06-18,4,3,4,4,3,0,0,4,6
account_00000035,2025-07-02,7,5,12,5,5,0,0,1,7
account_00000035,2025-07-05,5,4,8,6,6,2,0,1,7
account_00000035,2025-07-18,9,6,9,6,5,0,0,2,8
account_00000035,2025-07-22,6,4,10,5,5,0,0,2,8
account_00000035,2025-08-15,7,5,11,5,4,0,0,0,7
account_00000035,2025-08-21,6,4,13,7,6,4,0,1,8
account_00000035,2025-08-24,8,6,14,7,6,2,0,0,8
account_00000035,2025-08-28,8,6,14,7,5,1,0,0,8
account_00000035,2025-09-02,7,5,10,9,8,0,0,8,8
account_00000035,2025-09-06,7,5,16,7,6,0,0,1,8
account_00000035,2025-09-12,4,3,6,5,4,0,0,1,9
account_00000035,2025-09-13,7,5,14,3,3,0,0,0,8
account_00000035,2025-10-03,9,6,13,10,9,0,0,7,9
account_00000035,2025-10-04,8,6,22,7,6,2,0,1,8
account_00000035,2025-10-08,7,5,17,9,8,2,0,4,8
account_00000035,2025-10-22,10,7,15,11,10,1,0,5,10
account_00000035,2025-11-03,4,3,8,4,3,0,0,4,6
account_00000035,2025-11-07,5,4,6,8,7,2,0,1,7
account_00000035,2025-11-28,6,4,12,8,6,2,0,5,7
account_00000035,2025-11-29,9,6,15,11,9,6,0,5,5
account_00000035,2025-12-09,8,6,12,5,4,1,0,5,8
account_00000035,2025-12-14,6,4,13,9,7,5,0,6,5
account_00000035,2025-12-28,7,5,13,10,9,2,0,2,7
account_00000035,2025-12-31,6,4,10,3,3,1,0,2,9
account_00000035,2026-01-11,8,6,13,4,3,1,0,0,7
account_00000035,2026-01-17,6,4,7,15,13,1,0,4,7
account_00000035,2026-01-22,10,7,25,11,10,2,0,2,8
account_00000035,2026-01-23,7,5,14,8,7,1,0,5,7
account_00000035,2026-02-06,4,3,4,0,0,0,0,0,7
account_00000035,2026-02-15,4,3,4,1,1,0,0,0,9
account_00000035,2026-02-19,7,5,14,8,7,1,0,2,8
account_00000035,2026-02-22,5,4,11,5,5,0,0,3,8
account_00000035,2026-03-08,5,4,10,8,6,1,0,1,7
account_00000035,2026-03-19,7,5,11,12,10,3,0,4,8
account_00000035,2026-03-20,6,4,20,9,7,3,0,3,8
account_00000035,2026-03-27,7,5,8,5,4,0,0,0,7
account_00000035,2026-04-02,7,5,7,2,2,1,0,0,10
account_00000035,2026-04-05,8,6,8,7,6,2,0,4,8
account_00000035,2026-04-11,8,6,12,13,11,3,0,3,10
account_00000035,2026-04-20,4,3,5,5,5,3,0,3,8
account_00000035,2026-05-01,7,5,7,4,4,1,0,4,7
account_00000035,2026-05-03,5,4,6,6,6,3,0,6,8
account_00000035,2026-05-17,5,4,12,2,2,0,0,0,9
account_00000035,2026-05-29,11,8,27,12,10,2,0,8,10
account_00000035,2026-06-01,4,3,7,7,6,0,0,5,8
account_00000035,2026-06-07,7,5,14,6,5,2,0,3,6
account_00000035,2026-06-09,7,5,8,11,9,1,0,4,9
account_00000035,2026-06-13,5,4,14,4,4,1,0,1,10
account_00000039,2026-06-05,26,19,38,46,43,20,55,16,10
account_00000039,2026-06-07,25,18,56,43,40,13,52,20,9
account_00000039,2026-06-14,17,12,23,27,25,17,50,6,10
account_00000039,2026-06-19,22,16,46,37,33,22,57,10,10
account_00000040,2025-11-04,1,1,1,2,2,0,0,0,5
account_00000040,2025-11-11,1,1,3,4,3,0,0,0,5
account_00000040,2025-11-13,1,1,1,1,1,0,0,0,5
account_00000040,2025-11-26,1,1,1,2,1,1,0,0,6
account_00000040,2025-12-21,2,1,4,2,1,0,0,0,6
account_00000040,2025-12-25,1,1,1,1,1,0,0,2,7
account_00000040,2025-12-30,1,1,2,1,1,0,0,1,5
account_00000040,2025-12-31,2,1,4,1,1,0,0,1,7
account_00000040,2026-01-01,1,1,2,1,1,0,0,0,5
account_00000040,2026-01-28,1,1,4,0,0,0,0,0,5
account_00000040,2026-01-29,1,1,6,1,1,0,0,0,5
account_00000040,2026-01-30,2,1,2,2,2,0,0,0,6
account_00000040,2026-02-19,1,1,1,0,0,0,0,0,6
account_00000040,2026-02-20,2,1,2,1,1,0,0,0,7
account_00000040,2026-02-22,1,1,2,1,1,0,0,0,4
account_00000040,2026-02-25,2,1,6,0,0,0,0,0,7
account_00000040,2026-03-06,2,1,2,4,3,0,0,0,6
account_00000040,2026-03-15,1,1,1,1,1,1,0,1,7
account_00000040,2026-03-17,2,1,2,1,1,0,0,0,7
account_00000040,2026-03-24,1,1,1,0,0,0,0,0,7
account_00000040,2026-04-01,1,1,1,1,1,0,0,1,6
account_00000040,2026-04-15,1,1,2,0,0,0,0,0,7
account_00000040,2026-04-16,1,1,2,1,1,0,0,1,6
account_00000040,2026-04-30,1,1,5,0,0,0,0,1,5
account_00000040,2026-05-09,1,1,1,0,0,0,0,0,4
account_00000040,2026-05-14,1,1,1,1,1,1,0,0,6
account_00000040,2026-05-20,1,1,1,2,1,0,0,1,5
account_00000040,2026-05-27,1,1,1,0,0,0,0,0,4
account_00000040,2026-06-20,2,1,2,2,2,0,0,1,6
account_00000040,2026-06-21,1,1,1,1,1,1,0,0,5
account_00000040,2026-06-22,1,1,1,1,1,0,0,1,6
account_00000040,2026-06-23,1,1,4,2,2,1,0,0,7
account_00000043,2026-03-08,10,7,12,13,10,5,0,7,7
account_00000043,2026-03-11,8,6,20,10,8,4,0,8,7
account_00000043,2026-03-16,9,6,23,11,9,1,0,4,6
account_00000043,2026-03-24,8,6,15,8,7,0,0,3,8
account_00000043,2026-04-04,6,4,19,9,8,4,0,3,7
account_00000043,2026-04-09,5,4,8,8,6,2,0,3,6
account_00000043,2026-04-18,4,3,5,7,6,1,0,5,8
account_00000043,2026-04-21,7,5,11,12,11,1,0,6,8
account_00000043,2026-05-02,5,4,5,4,3,0,0,0,8
account_00000043,2026-05-12,6,4,9,10,8,1,0,7,9
account_00000043,2026-05-22,5,4,11,6,6,1,0,1,8
account_00000043,2026-05-24,10,7,10,4,3,0,0,1,7
account_00000043,2026-06-04,6,4,12,8,6,1,0,2,8
account_00000043,2026-06-11,8,6,23,10,8,0,0,5,7
account_00000043,2026-06-15,6,4,8,4,3,3,0,2,6
account_00000043,2026-06-21,4,3,6,10,8,4,0,3,6
account_00000044,2024-04-04,4,3,11,4,3,2,22,1,8
account_00000044,2024-04-19,8,6,14,11,8,1,29,3,9
account_00000044,2024-04-23,4,3,5,3,2,1,26,0,10
account_00000044,2024-04-26,5,4,8,9,7,5,23,3,8
account_00000044,2024-05-04,5,4,10,3,3,2,32,0,8
account_00000044,2024-05-05,5,4,15,3,3,1,33,2,9
account_00000044,2024-05-24,5,4,13,6,5,2,37,1,9
account_00000044,2024-05-31,3,2,4,4,3,0,30,1,9
account_00000044,2024-06-12,8,6,8,7,6,3,25,3,9
account_00000044,2024-06-24,7,5,10,8,7,4,22,0,10
account_00000044,2024-06-26,4,3,5,5,4,0,31,0,9
account_00000044,2024-06-29,5,4,9,6,5,1,32,1,8
account_00000044,2024-07-04,5,4,9,6,5,3,22,1,8
account_00000044,2024-07-08,3,2,7,8,7,2,27,5,8
account_00000044,2024-07-10,3,2,3,1,1,1,28,2,7
account_00000044,2024-07-13,7,5,9,4,3,2,29,1,8
account_00000044,2024-08-13,4,3,5,1,1,1,19,0,9
account_00000044,2024-08-22,5,4,8,2,1,0,20,1,8
account_00000044,2024-08-29,4,3,6,5,4,3,30,0,8
account_00000044,2024-08-30,5,4,14,3,2,3,26,1,8
account_00000044,2024-09-03,5,4,10,4,3,1,30,1,8
account_00000044,2024-09-09,8,6,12,5,4,2,25,2,9
account_00000044,2024-09-13,8,6,19,11,9,4,25,4,10
account_00000044,2024-09-20,4,3,4,3,3,0,33,1,8
account_00000044,2024-10-06,4,3,12,6,5,4,31,2,9
account_00000044,2024-10-07,7,5,8,5,4,0,25,4,9
account_00000044,2024-10-08,6,4,9,7,5,1,18,4,10
account_00000044,2024-10-11,4,3,10,5,4,1,30,1,10
account_00000044,2024-11-05,7,5,10,10,8,7,32,4,8
account_00000044,2024-11-06,4,3,9,6,5,4,34,4,10
account_00000044,2024-11-17,3,2,4,3,2,1,28,1,9
account_00000044,2024-11-29,3,2,4,5,4,5,33,2,9
account_00000044,2024-12-07,8,6,17,8,6,1,24,2,9
account_00000044,2024-12-08,6,4,7,4,3,1,24,4,10
account_00000044,2024-12-11,8,6,10,9,7,4,24,4,10
account_00000044,2024-12-26,4,3,7,8,7,3,26,0,8
account_00000044,2025-01-01,4,3,4,5,4,1,37,0,10
account_00000044,2025-01-11,8,6,18,10,9,4,32,7,10
account_00000044,2025-01-25,10,7,17,13,11,9,24,5,10
account_00000044,2025-01-28,4,3,4,6,5,1,28,3,10
account_00000044,2025-02-06,4,3,5,1,1,0,24,0,8
account_00000044,2025-02-08,5,4,14,3,2,1,33,2,9
account_00000044,2025-02-10,6,4,13,6,5,0,26,3,9
account_00000044,2025-02-17,5,4,9,5,4,3,24,1,7
account_00000044,2025-03-03,4,3,9,5,4,2,43,2,8
account_00000044,2025-03-08,6,4,7,7,6,2,29,0,9
account_00000044,2025-03-24,4,3,14,3,2,0,33,0,10
account_00000044,2025-03-25,5,4,7,5,4,2,29,0,10
account_00000044,2025-04-05,6,4,14,7,6,1,33,2,10
account_00000044,2025-04-11,4,3,6,4,4,3,19,1,10
account_00000044,2025-04-13,3,2,3,2,2,0,31,1,8
account_00000044,2025-04-18,6,4,18,6,5,3,21,3,8
account_00000044,2025-05-15,5,4,7,3,2,2,23,3,9
account_00000044,2025-05-19,7,5,8,3,3,0,26,2,9
account_00000044,2025-05-21,7,5,11,11,8,1,30,5,9
account_00000044,2025-05-31,5,4,7,9,7,6,28,5,8
account_00000044,2025-06-01,8,6,13,7,6,5,37,2,10
account_00000044,2025-06-17,9,6,11,7,6,1,23,2,9
account_00000044,2025-06-19,4,3,5,4,3,2,28,2,9
account_00000044,2025-06-28,8,6,11,10,8,1,18,3,10
account_00000044,2025-07-01,7,5,18,11,10,3,29,4,10
account_00000044,2025-07-12,4,3,14,3,3,0,26,1,9
account_00000044,2025-07-15,5,4,5,2,2,2,24,0,9
account_00000044,2025-07-29,5,4,5,5,4,2,30,4,7
account_00000044,2025-08-14,8,6,20,9,7,2,28,1,9
account_00000044,2025-08-22,7,5,14,4,3,0,37,2,8
account_00000044,2025-08-26,6,4,7,4,3,0,36,1,10
account_00000044,2025-08-27,7,5,11,12,11,2,39,5,9
account_00000044,2025-09-03,7,5,17,12,10,0,38,3,9
account_00000044,2025-09-14,5,4,13,4,3,2,36,3,10
account_00000044,2025-09-23,4,3,11,2,2,1,28,1,9
account_00000044,2025-09-27,6,4,15,7,6,2,19,3,9
account_00000044,2025-10-02,5,4,9,8,6,1,34,3,8
account_00000044,2025-10-13,4,3,8,4,3,2,36,0,10
account_00000044,2025-10-20,5,4,14,4,3,3,26,2,9
account_00000044,2025-10-22,4,3,5,4,3,2,18,3,10
account_00000044,2025-11-01,4,3,4,3,3,0,31,1,9
account_00000044,2025-11-03,3,2,3,4,4,2,41,2,9
account_00000044,2025-11-05,4,3,9,4,3,0,32,0,10
account_00000044,2025-11-17,7,5,19,2,2,0,37,0,10
account_00000044,2025-12-05,6,4,6,3,3,1,20,2,10
account_00000044,2025-12-09,7,5,7,8,7,2,29,2,8
account_00000044,2025-12-11,3,2,6,9,8,5,24,6,10
account_00000044,2025-12-20,4,3,8,3,3,0,31,1,7
account_00000044,2026-01-14,6,4,6,5,4,1,34,1,8
account_00000044,2026-01-20,8,6,15,5,4,0,36,2,10
account_00000044,2026-01-25,8,6,16,7,6,0,29,3,10
account_00000044,2026-01-31,4,3,6,4,3,1,49,1,9
account_00000044,2026-02-04,6,4,11,6,5,6,28,1,8
account_00000044,2026-02-14,5,4,7,11,9,6,36,5,10
account_00000044,2026-02-15,4,3,5,7,6,6,25,2,10
account_00000044,2026-02-28,7,5,12,5,4,4,31,1,10
account_00000044,2026-03-01,5,4,9,6,5,1,29,1,9
account_00000044,2026-03-02,6,4,21,5,4,2,41,1,10
account_00000044,2026-03-14,6,4,10,8,7,1,27,4,9
account_00000044,2026-03-29,7,5,11,10,9,2,36,3,9
account_00000044,2026-04-01,7,5,12,13,10,3,34,1,10
account_00000044,2026-04-08,8,6,15,16,13,8,24,4,9
account_00000044,2026-04-10,7,5,14,13,11,3,24,3,8
account_00000044,2026-04-11,8,6,10,5,4,2,37,1,8
account_00000044,2026-05-01,4,3,5,3,2,2,20,0,6
account_00000044,2026-05-05,4,3,5,5,4,4,31,3,8
account_00000044,2026-05-11,6,4,12,4,3,0,19,2,9
account_00000044,2026-05-26,6,4,11,5,4,2,28,2,8
account_00000044,2026-06-05,6,4,8,4,3,2,21,1,9
account_00000044,2026-06-06,4,3,7,3,3,1,31,2,9
account_00000044,2026-06-22,4,3,8,6,5,1,22,2,8
account_00000044,2026-06-23,5,4,7,6,5,4,24,3,9
account_00000047,2025-05-08,4,3,5,3,2,0,0,1,7
account_00000047,2025-05-14,4,3,8,4,3,1,0,1,8
account_00000047,2025-05-15,4,3,8,7,6,2,0,2,9
account_00000047,2025-05-24,6,4,10,9,7,0,0,2,7
account_00000047,2025-06-07,4,3,6,5,4,1,0,1,8
account_00000047,2025-06-11,7,5,7,5,4,2,0,3,7
account_00000047,2025-06-16,6,4,8,7,6,1,0,3,6
account_00000047,2025-06-29,4,3,4,4,3,0,0,3,4
account_00000047,2025-07-10,6,4,12,9,7,1,0,6,6
account_00000047,2025-07-11,4,3,6,3,2,0,0,0,9
account_00000047,2025-07-14,2,1,5,0,0,0,0,0,8
account_00000047,2025-07-18,3,2,6,3,3,0,0,4,6
account_00000047,2025-08-08,8,6,8,6,5,0,0,3,6
account_00000047,2025-08-09,7,5,9,11,10,0,0,4,9
account_00000047,2025-08-10,6,4,12,5,4,1,0,1,6
account_00000047,2025-08-22,5,4,17,8,7,3,0,1,7
account_00000047,2025-09-11,6,4,7,9,8,3,0,4,9
account_00000047,2025-09-20,4,3,5,4,3,0,0,0,7
account_00000047,2025-09-28,4,3,4,2,2,1,0,1,5
account_00000047,2025-09-30,8,6,18,12,9,0,0,6,6
account_00000047,2025-10-09,8,6,13,8,6,1,0,3,6
account_00000047,2025-10-16,8,6,9,4,3,2,0,2,8
account_00000047,2025-10-24,6,4,9,8,7,0,0,2,8
account_00000047,2025-10-25,7,5,14,7,6,1,0,5,8
account_00000047,2025-11-05,3,2,3,6,5,2,0,1,7
account_00000047,2025-11-06,5,4,5,6,5,1,0,1,10
account_00000047,2025-11-09,2,1,3,1,1,0,0,1,9
account_00000047,2025-11-18,5,4,8,7,6,3,0,2,6
account_00000047,2025-12-02,7,5,19,12,10,2,0,3,7
account_00000047,2025-12-03,8,6,15,10,8,3,0,4,8
account_00000047,2025-12-05,4,3,7,3,2,1,0,1,9
account_00000047,2025-12-06,3,2,4,5,4,1,0,1,8
account_00000047,2026-01-04,5,4,5,8,7,0,0,3,8
account_00000047,2026-01-08,7,5,23,6,6,1,0,3,9
account_00000047,2026-01-09,6,4,14,7,6,0,0,2,8
account_00000047,2026-01-25,5,4,5,3,3,2,0,3,7
account_00000047,2026-02-04,5,4,5,6,5,3,0,5,7
account_00000047,2026-02-19,3,2,5,2,2,1,0,1,9
account_00000047,2026-02-22,3,2,6,2,2,0,0,4,8
account_00000047,2026-02-28,3,2,8,5,4,0,0,1,9
account_00000047,2026-03-04,5,4,13,7,6,2,0,4,8
account_00000047,2026-03-06,4,3,14,8,7,0,0,9,9
account_00000047,2026-03-08,6,4,10,10,9,0,0,8,7
account_00000047,2026-03-29,5,4,10,5,4,0,0,1,7
account_00000047,2026-04-03,5,4,5,7,5,4,0,4,8
account_00000047,2026-04-05,7,5,16,9,8,0,0,3,8
account_00000047,2026-04-11,7,5,13,2,2,0,0,2,9
account_00000047,2026-04-26,6,4,6,11,10,2,0,3,8
account_00000047,2026-05-08,4,3,13,3,3,1,0,1,9
account_00000047,2026-05-13,4,3,9,3,3,2,0,2,7
account_00000047,2026-05-19,3,2,6,1,1,0,0,0,10
account_00000047,2026-05-20,4,3,6,7,6,0,0,3,8
account_00000047,2026-06-02,7,5,16,11,9,1,0,4,6
account_00000047,2026-06-06,5,4,6,5,4,3,0,2,8
account_00000047,2026-06-20,6,4,17,8,7,1,0,2,6
account_00000047,2026-06-30,6,4,13,11,9,1,0,6,7
account_00000051,2025-05-01,1,1,4,1,1,0,0,0,7
account_00000051,2025-05-08,1,1,1,0,0,0,0,0,7
account_00000051,2025-05-12,1,1,1,0,0,0,0,0,6
account_00000051,2025-05-15,2,1,5,1,1,0,0,1,6
account_00000051,2025-06-02,1,1,2,1,1,0,0,0,5
account_00000051,2025-06-12,1,1,1,1,1,0,0,0,7
account_00000051,2025-06-24,1,1,3,0,0,0,0,1,8
account_00000051,2025-06-30,2,1,2,0,0,0,0,0,7
account_00000051,2025-07-02,1,1,1,0,0,0,0,0,8
account_00000051,2025-07-24,1,1,1,2,2,0,0,1,7
account_00000051,2025-07-25,1,1,3,2,2,0,0,4,7
account_00000051,2025-07-29,1,1,2,0,0,0,0,0,8
account_00000051,2025-08-09,1,1,3,1,1,0,0,0,4
account_00000051,2025-08-21,1,1,1,0,0,0,0,0,7
account_00000051,2025-08-24,2,1,4,1,1,0,0,0,6
account_00000051,2025-08-26,2,1,2,2,1,2,0,1,6
account_00000051,2025-09-03,2,1,6,2,2,0,0,0,7
account_00000051,2025-09-06,1,1,1,0,0,0,0,0,7
account_00000051,2025-09-22,1,1,1,2,2,0,0,1,8
account_00000051,2025-09-25,2,1,2,2,2,2,0,0,5
account_00000051,2025-10-06,1,1,2,0,0,0,0,0,6
account_00000051,2025-10-11,1,1,3,3,2,1,0,2,5
account_00000051,2025-10-19,1,1,3,3,3,0,0,0,8
account_00000051,2025-10-31,2,1,4,1,1,0,0,0,7
account_00000051,2025-11-07,1,1,2,0,0,0,0,0,7
account_00000051,2025-11-11,1,1,2,1,1,1,0,0,6
account_00000051,2025-11-20,1,1,3,1,1,1,0,1,8
account_00000051,2025-11-28,1,1,2,1,1,0,0,3,8
account_00000051,2025-12-07,1,1,1,2,2,1,0,2,7
account_00000051,2025-12-10,2,1,3,3,2,1,0,1,7
account_00000051,2025-12-12,2,1,3,1,1,0,0,0,6
account_00000051,2025-12-23,1,1,2,0,0,0,0,0,8
account_00000051,2026-01-03,2,1,5,2,2,1,0,1,6
account_00000051,2026-01-17,1,1,2,1,1,0,0,0,6
account_00000051,2026-01-20,2,1,3,1,1,0,0,0,8
account_00000051,2026-01-29,1,1,3,2,2,0,0,1,8
account_00000051,2026-02-07,2,1,4,3,3,0,0,0,7
account_00000051,2026-02-09,2,1,2,0,0,0,0,0,6
account_00000051,2026-02-11,2,1,3,3,3,2,0,1,8
account_00000051,2026-02-16,1,1,1,1,1,0,0,1,8
account_00000051,2026-03-10,1,1,2,2,2,0,0,0,7
account_00000051,2026-03-16,1,1,3,0,0,0,0,0,9
account_00000051,2026-03-19,2,1,2,1,1,0,0,0,8
account_00000051,2026-03-31,1,1,1,1,1,0,0,0,9
account_00000051,2026-04-02,1,1,3,1,1,0,0,0,8
account_00000051,2026-04-14,1,1,5,0,0,0,0,0,7
account_00000051,2026-04-15,2,1,2,0,0,0,0,0,7
account_00000051,2026-04-27,1,1,5,2,2,0,0,2,7
account_00000051,2026-05-04,1,1,3,1,1,0,0,1,6
account_00000051,2026-05-12,1,1,2,3,3,0,0,0,8
account_00000051,2026-05-14,1,1,1,0,0,0,0,0,7
account_00000051,2026-05-31,2,1,2,2,2,0,0,2,8
account_00000051,2026-06-01,1,1,2,1,1,0,0,0,6
account_00000051,2026-06-10,1,1,2,3,2,1,0,2,8
account_00000051,2026-06-12,2,1,2,1,1,0,0,0,6
account_00000051,2026-06-27,1,1,1,1,1,1,0,0,6
account_00000056,2025-04-11,23,17,23,24,22,12,12,10,10
account_00000056,2025-04-15,15,11,32,22,19,11,24,11,9
account_00000056,2025-04-22,26,19,47,39,33,17,17,13,9
account_00000056,2025-04-23,14,10,22,18,16,5,15,10,8
account_00000056,2025-05-10,31,22,63,47,42,25,21,16,9
account_00000056,2025-05-23,26,19,35,42,35,16,22,16,10
account_00000056,2025-05-24,27,19,34,48,40,22,23,19,9
account_00000056,2025-05-27,14,10,20,17,14,7,17,7,9
account_00000056,2025-06-12,23,17,36,34,28,10,16,15,10
account_00000056,2025-06-18,29,21,64,33,30,13,17,12,10
account_00000056,2025-06-19,22,16,43,48,42,20,20,23,10
account_00000056,2025-06-29,30,22,54,43,37,12,12,13,9
account_00000056,2025-07-07,27,19,32,43,39,23,22,19,10
account_00000056,2025-07-08,17,12,35,24,24,16,20,9,9
account_00000056,2025-07-13,14,10,19,24,21,13,19,8,9
account_00000056,2025-07-20,12,9,13,20,18,11,19,13,10
account_00000056,2025-08-03,23,17,45,24,22,11,13,8,8
account_00000056,2025-08-10,30,22,64,48,41,23,19,15,9
account_00000056,2025-08-21,19,14,44,29,25,14,10,11,10
account_00000056,2025-08-22,19,14,45,36,30,20,20,13,9
account_00000056,2025-09-02,13,9,21,26,22,12,14,16,10
account_00000056,2025-09-08,15,11,15,19,17,11,16,12,10
account_00000056,2025-09-27,20,14,43,32,27,10,21,16,9
account_00000056,2025-09-28,26,19,27,51,49,22,12,21,9
account_00000056,2025-10-14,30,22,54,48,41,21,20,22,8
account_00000056,2025-10-17,25,18,58,29,28,7,18,11,9
account_00000056,2025-10-19,20,14,23,36,32,18,21,14,10
account_00000056,2025-10-22,21,15,32,25,23,9,23,8,10
account_00000056,2025-11-01,13,9,19,25,24,15,19,9,10
account_00000056,2025-11-05,30,22,39,38,35,18,10,17,10
account_00000056,2025-11-16,27,19,42,41,34,17,22,12,10
account_00000056,2025-11-24,28,20,50,44,40,22,24,13,9
account_00000056,2025-12-04,13,9,28,17,15,13,14,3,10
account_00000056,2025-12-07,32,23,46,44,41,24,13,23,10
account_00000056,2025-12-17,17,12,18,28,25,12,21,12,10
account_00000056,2025-12-25,14,10,25,25,23,13,21,8,10
account_00000056,2026-01-07,21,15,45,29,28,11,20,16,9
account_00000056,2026-01-11,18,13,33,23,21,11,10,10,9
account_00000056,2026-01-23,24,17,36,36,32,10,14,12,8
account_00000056,2026-01-29,26,19,43,29,25,16,14,9,9
account_00000056,2026-02-08,23,17,48,37,34,13,14,13,10
account_00000056,2026-02-11,29,21,62,32,29,15,21,11,9
account_00000056,2026-02-22,32,23,58,46,44,18,27,21,9
account_00000056,2026-02-25,24,17,27,43,36,22,18,12,9
account_00000056,2026-03-14,28,20,33,41,39,21,18,13,10
account_00000056,2026-03-17,32,23,65,44,41,15,23,17,10
account_00000056,2026-03-21,17,12,40,21,20,9,13,9,10
account_00000056,2026-03-29,32,23,62,44,40,21,24,20,10
account_00000056,2026-04-03,25,18,50,36,35,18,15,24,10
account_00000056,2026-04-14,27,19,61,42,34,27,15,21,10
account_00000056,2026-04-25,26,19,37,37,33,18,11,10,9
account_00000056,2026-04-30,29,21,52,44,34,14,17,17,9
account_00000056,2026-05-05,18,13,21,21,20,7,14,8,9
account_00000056,2026-05-19,13,9,31,25,21,14,21,11,10
account_00000056,2026-05-26,16,12,18,28,24,18,17,9,10
account_00000056,2026-05-27,25,18,50,44,40,17,24,23,10
account_00000056,2026-06-03,33,24,49,42,38,19,24,15,10
account_00000056,2026-06-06,20,14,33,21,19,14,14,9,9
account_00000056,2026-06-13,23,17,23,39,35,21,20,18,8
account_00000056,2026-06-15,15,11,15,25,23,11,18,8,10
account_00000069,2024-04-01,10,7,17,13,12,1,13,5,9
account_00000069,2024-04-16,10,7,14,17,14,2,26,11,8
account_00000069,2024-04-19,17,12,31,16,14,4,23,6,8
account_00000069,2024-04-28,9,6,27,15,14,2,11,9,9
account_00000069,2024-05-15,9,6,18,18,16,10,13,6,8
account_00000069,2024-05-21,7,5,7,11,10,5,14,1,10
account_00000069,2024-05-28,16,12,33,27,23,8,15,15,8
account_00000069,2024-05-30,10,7,25,14,11,5,13,6,9
account_00000069,2024-06-09,15,11,18,23,21,19,21,7,9
account_00000069,2024-06-15,13,9,13,23,20,10,18,7,10
account_00000069,2024-06-24,11,8,33,16,15,11,17,7,9
account_00000069,2024-06-30,10,7,18,19,16,8,15,10,10
account_00000069,2024-07-05,13,9,20,20,17,10,14,4,10
account_00000069,2024-07-15,11,8,25,17,15,5,13,8,9
account_00000069,2024-07-23,17,12,32,24,21,7,21,9,9
account_00000069,2024-07-31,11,8,22,9,9,2,16,4,8
account_00000069,2024-08-19,12,9,17,21,21,11,17,13,10
account_00000069,2024-08-27,16,12,24,24,22,12,16,9,9
account_00000069,2024-08-29,9,6,15,12,10,2,10,8,10
account_00000069,2024-08-30,7,5,11,12,11,9,15,4,10
account_00000069,2024-09-10,12,9,18,11,9,2,29,4,8
account_00000069,2024-09-13,8,6,8,11,9,2,22,7,9
account_00000069,2024-09-19,15,11,30,34,29,9,12,18,10
account_00000069,2024-09-30,13,9,18,17,15,5,13,5,8
account_00000069,2024-10-01,16,12,32,24,21,6,17,8,9
account_00000069,2024-10-08,12,9,23,14,13,7,14,10,9
account_00000069,2024-10-11,8,6,11,11,10,3,20,9,9
account_00000069,2024-10-21,15,11,17,25,23,11,18,13,9
account_00000069,2024-11-01,11,8,19,17,14,10,17,6,9
account_00000069,2024-11-02,9,6,11,11,9,4,22,3,7
account_00000069,2024-11-04,9,6,25,9,8,6,10,3,9
account_00000069,2024-11-10,16,12,30,22,19,6,16,7,9
account_00000069,2024-12-08,10,7,10,9,8,8,20,6,10
account_00000069,2024-12-17,10,7,11,11,10,5,17,5,10
account_00000069,2024-12-20,15,11,16,24,21,17,17,15,10
account_00000069,2024-12-30,13,9,18,13,12,7,17,10,9
account_00000069,2025-01-09,11,8,14,20,18,9,22,8,9
account_00000069,2025-01-15,13,9,28,18,17,8,19,9,9
account_00000069,2025-01-16,12,9,23,30,26,14,15,7,9
account_00000069,2025-01-23,16,12,20,22,20,15,22,11,9
account_00000069,2025-02-06,17,12,46,18,16,11,16,4,9
account_00000069,2025-02-10,13,9,24,15,14,8,16,12,10
account_00000069,2025-02-19,9,6,13,17,15,10,25,6,10
account_00000069,2025-02-28,12,9,17,22,20,11,15,8,10
account_00000069,2025-03-01,15,11,31,21,18,12,25,7,10
account_00000069,2025-03-04,15,11,15,29,24,20,11,10,10
account_00000069,2025-03-08,14,10,14,26,23,10,13,11,10
account_00000069,2025-03-11,7,5,7,12,12,4,25,6,10
account_00000069,2025-04-03,10,7,15,10,9,2,19,8,10
account_00000069,2025-04-15,11,8,11,16,13,8,14,7,8
account_00000069,2025-04-22,10,7,10,16,14,5,15,11,10
account_00000069,2025-04-27,5,4,9,2,2,1,13,2,9
account_00000069,2025-05-09,14,10,16,24,21,14,10,10,10
account_00000069,2025-05-11,12,9,26,18,16,6,21,5,10
account_00000069,2025-05-21,10,7,12,8,7,3,18,3,9
account_00000069,2025-05-26,13,9,22,19,17,9,27,6,10
account_00000069,2025-06-05,11,8,11,10,9,3,20,4,8
account_00000069,2025-06-18,15,11,30,22,20,8,16,9,9
account_00000069,2025-06-27,12,9,22,18,17,7,16,5,10
account_00000069,2025-06-29,7,5,15,9,8,4,20,4,8
account_00000069,2025-07-07,8,6,18,6,5,4,17,2,9
account_00000069,2025-07-08,11,8,19,16,14,9,21,4,9
account_00000069,2025-07-29,16,12,35,28,26,9,16,6,9
account_00000069,2025-07-30,17,12,29,26,22,14,18,8,9
account_00000069,2025-08-03,17,12,26,15,14,6,18,8,10
account_00000069,2025-08-04,8,6,20,8,7,3,17,2,10
account_00000069,2025-08-09,16,12,29,23,21,13,18,12,9
account_00000069,2025-08-27,15,11,18,23,21,15,23,5,8
account_00000069,2025-09-06,6,4,6,5,4,4,25,1,8
account_00000069,2025-09-11,6,4,10,13,11,4,21,4,10
account_00000069,2025-09-21,8,6,12,13,11,4,14,6,9
account_00000069,2025-09-28,15,11,46,15,12,10,14,2,8
account_00000069,2025-10-01,9,6,10,12,11,6,19,6,10
account_00000069,2025-10-04,14,10,21,13,12,8,17,5,9
account_00000069,2025-10-13,10,7,29,16,14,9,20,7,10
account_00000069,2025-10-21,9,6,11,18,16,6,18,8,8
account_00000069,2025-11-05,7,5,12,9,8,3,19,3,10
account_00000069,2025-11-22,8,6,14,8,7,1,25,1,10
account_00000069,2025-11-29,13,9,23,18,17,7,20,10,9
account_00000069,2025-11-30,9,6,15,11,10,6,18,1,10
account_00000069,2025-12-19,7,5,7,14,12,4,13,7,10
account_00000069,2025-12-23,11,8,17,26,23,9,16,6,9
account_00000069,2025-12-28,15,11,29,24,22,10,19,7,9
account_00000069,2025-12-31,15,11,25,27,24,10,21,13,8
account_00000069,2026-01-11,11,8,14,16,15,6,17,6,9
account_00000069,2026-01-12,15,11,31,33,29,19,16,16,7
account_00000069,2026-01-21,7,5,13,8,7,2,8,3,9
account_00000069,2026-01-26,15,11,23,20,18,7,14,7,9
account_00000069,2026-02-08,12,9,20,10,9,7,13,4,9
account_00000069,2026-02-18,10,7,12,8,7,1,18,4,9
account_00000069,2026-02-19,12,9,30,16,14,7,17,5,9
account_00000069,2026-02-24,16,12,40,23,20,9,24,7,10
account_00000069,2026-03-02,14,10,20,27,24,10,13,15,9
account_00000069,2026-03-14,12,9,28,13,12,4,9,10,8
account_00000069,2026-03-15,12,9,24,14,13,6,15,3,10
account_00000069,2026-03-21,15,11,28,22,20,7,18,10,9
account_00000069,2026-04-04,15,11,22,25,21,12,17,15,9
account_00000069,2026-04-17,7,5,7,10,9,8,16,4,7
account_00000069,2026-04-22,11,8,22,13,11,4,18,5,9
account_00000069,2026-04-23,12,9,12,22,19,12,17,12,8
account_00000069,2026-05-08,8,6,8,8,8,1,14,1,10
account_00000069,2026-05-15,7,5,7,20,19,5,14,6,10
account_00000069,2026-05-22,7,5,11,14,12,6,15,5,10
account_00000069,2026-05-29,17,12,41,13,11,7,14,5,10
account_00000069,2026-06-11,12,9,25,13,12,5,25,7,10
account_00000069,2026-06-12,17,12,26,29,26,14,15,11,9
account_00000069,2026-06-20,8,6,13,10,9,4,20,6,9
account_00000069,2026-06-24,16,12,33,24,22,14,15,10,10
account_00000079,2025-10-11,25,18,50,35,31,16,58,14,10
account_00000079,2025-10-27,22,16,58,31,27,17,52,11,10
account_00000079,2025-10-28,32,23,64,54,49,29,45,19,10
account_00000079,2025-10-29,26,19,28,48,47,27,61,25,10
account_00000079,2025-11-04,27,19,66,34,27,18,50,6,10
account_00000079,2025-11-05,17,12,40,21,17,9,46,8,10
account_00000079,2025-11-13,27,19,51,47,43,18,58,14,10
account_00000079,2025-11-27,15,11,35,17,15,9,55,8,9
account_00000079,2025-12-08,15,11,23,23,19,15,47,9,10
account_00000079,2025-12-10,25,18,47,47,43,25,59,17,10
account_00000079,2025-12-27,21,15,42,30,26,18,51,8,10
account_00000079,2025-12-31,16,12,26,23,22,13,50,8,10
account_00000079,2026-01-12,21,15,36,28,23,12,52,15,10
account_00000079,2026-01-19,14,10,34,21,18,8,64,9,10
account_00000079,2026-01-28,20,14,29,26,24,8,60,14,10
account_00000079,2026-01-31,13,9,21,25,22,17,66,8,10
account_00000079,2026-02-05,30,22,59,59,50,30,43,19,10
account_00000079,2026-02-18,21,15,53,29,26,10,49,19,10
account_00000079,2026-02-24,15,11,20,21,19,16,49,5,10
account_00000079,2026-02-25,31,22,44,44,41,25,44,23,10
account_00000079,2026-03-03,17,12,26,22,20,9,74,13,10
account_00000079,2026-03-08,24,17,37,37,34,15,46,9,10
account_00000079,2026-03-21,22,16,37,33,29,15,63,13,10
account_00000079,2026-03-23,19,14,44,32,31,16,58,13,10
account_00000079,2026-04-04,20,14,30,31,28,13,64,15,10
account_00000079,2026-04-16,17,12,32,26,24,11,67,15,10
account_00000079,2026-04-20,28,20,43,42,39,23,67,19,10
account_00000079,2026-04-28,22,16,42,30,26,13,52,10,10
account_00000079,2026-05-07,21,15,28,31,29,12,47,12,10
account_00000079,2026-05-18,30,22,56,41,33,14,52,18,10
account_00000079,2026-05-20,18,13,19,29,27,15,74,9,10
account_00000079,2026-05-26,25,18,50,49,42,30,66,17,10
account_00000079,2026-06-07,24,17,46,25,22,10,61,8,10
account_00000079,2026-06-12,27,19,48,48,43,23,64,17,10
account_00000079,2026-06-20,27,19,44,44,40,22,53,24,10
account_00000079,2026-06-23,21,15,26,28,26,17,59,6,10
account_00000080,2025-09-11,31,19,49,68,66,34,53,36,10
account_00000080,2025-09-19,28,17,43,59,52,29,66,23,10
account_00000080,2025-09-24,19,12,43,43,38,23,59,17,10
account_00000080,2025-09-27,21,13,59,46,39,25,50,16,10
account_00000080,2025-10-03,21,13,49,45,38,24,50,17,10
account_00000080,2025-10-08,17,11,34,32,31,16,59,24,9
account_00000080,2025-10-17,28,17,68,70,63,39,68,30,10
account_00000080,2025-10-24,20,12,23,49,44,20,61,26,10
account_00000080,2025-11-03,28,17,37,67,58,33,61,23,10
account_00000080,2025-11-18,25,16,38,65,64,40,62,25,10
account_00000080,2025-11-19,25,16,52,58,53,32,65,19,9
account_00000080,2025-11-30,24,15,43,58,52,33,63,23,10
account_00000080,2025-12-11,21,13,26,48,46,25,67,26,10
account_00000080,2025-12-12,12,7,32,27,24,9,58,13,10
account_00000080,2025-12-16,14,9,34,33,30,13,67,12,9
account_00000080,2025-12-19,33,20,49,76,68,41,68,24,10
account_00000080,2026-01-05,31,19,34,65,61,36,46,34,10
account_00000080,2026-01-18,31,19,66,73,68,43,53,41,10
account_00000080,2026-01-23,29,18,59,69,58,28,56,30,10
account_00000080,2026-01-27,15,9,20,43,41,20,54,19,10
account_00000080,2026-02-02,29,18,56,75,63,38,52,30,10
account_00000080,2026-02-03,28,17,71,57,54,27,72,27,10
account_00000080,2026-02-17,32,20,69,73,67,32,65,30,10
account_00000080,2026-02-28,27,17,38,68,65,41,68,28,10
account_00000080,2026-03-04,30,19,34,67,57,28,71,30,10
account_00000080,2026-03-09,14,9,19,25,22,12,47,12,10
account_00000080,2026-03-13,17,11,25,43,41,18,57,19,10
account_00000080,2026-03-24,14,9,25,26,24,13,66,11,10
account_00000080,2026-04-01,16,10,22,61,57,37,59,38,10
account_00000080,2026-04-03,26,16,44,72,65,37,56,23,10
account_00000080,2026-04-07,29,18,59,66,56,39,64,26,10
account_00000080,2026-04-23,19,12,53,52,50,33,44,20,10
account_00000080,2026-05-10,28,17,39,49,44,28,52,25,10
account_00000080,2026-05-14,15,9,15,27,25,18,74,5,10
account_00000080,2026-05-28,21,13,42,62,59,26,58,30,10
account_00000080,2026-05-31,30,19,45,65,61,23,58,28,10
account_00000080,2026-06-07,26,16,42,59,55,21,52,13,10
account_00000080,2026-06-08,24,15,33,56,52,27,50,29,10
account_00000080,2026-06-11,25,16,31,52,45,25,65,19,10
account_00000080,2026-06-21,24,15,38,53,45,30,58,29,9
account_00000083,2024-08-04,4,3,13,3,2,0,0,1,4
account_00000083,2024-08-14,3,2,3,2,1,1,0,1,6
account_00000083,2024-08-22,3,2,9,3,2,1,0,2,5
account_00000083,2024-08-26,7,5,16,7,5,0,0,0,5
account_00000083,2024-09-02,6,4,15,5,4,0,0,1,6
account_00000083,2024-09-09,6,4,6,4,3,1,0,1,5
account_00000083,2024-09-13,6,4,16,10,7,2,0,2,5
account_00000083,2024-09-23,5,4,7,6,5,1,0,0,8
account_00000083,2024-10-08,4,3,7,4,3,1,0,0,5
account_00000083,2024-10-10,3,2,5,7,6,3,0,2,9
account_00000083,2024-10-11,4,3,13,6,5,0,0,0,5
account_00000083,2024-10-26,6,4,8,13,10,0,0,4,6
account_00000083,2024-11-04,5,4,10,3,2,0,0,1,4
account_00000083,2024-11-05,5,4,15,6,4,0,0,4,7
account_00000083,2024-11-06,4,3,6,5,4,1,0,1,7
account_00000083,2024-11-12,7,5,9,9,7,2,0,1,7
account_00000083,2024-12-08,3,2,6,2,2,0,0,1,7
account_00000083,2024-12-12,4,3,5,2,2,0,0,2,7
account_00000083,2024-12-15,5,4,5,4,3,2,0,1,7
account_00000083,2024-12-21,7,5,7,10,7,3,0,4,7
account_00000083,2025-01-06,3,2,3,3,2,0,0,1,6
account_00000083,2025-01-07,3,2,3,2,2,0,0,1,7
account_00000083,2025-01-15,4,3,9,4,3,1,0,0,6
account_00000083,2025-01-24,5,4,6,4,3,3,0,3,5
account_00000083,2025-02-02,3,2,3,2,2,1,0,1,8
account_00000083,2025-02-14,6,4,7,1,1,0,0,0,5
account_00000083,2025-02-16,3,2,4,3,2,0,0,2,8
account_00000083,2025-02-22,8,6,12,13,11,4,0,5,9
account_00000083,2025-03-09,5,4,18,3,2,1,0,1,7
account_00000083,2025-03-17,5,4,9,2,2,0,0,1,6
account_00000083,2025-03-25,4,3,4,4,3,3,0,2,4
account_00000083,2025-03-28,5,4,5,7,6,2,0,1,7
account_00000083,2025-04-05,8,6,18,6,5,0,0,3,9
account_00000083,2025-04-07,4,3,8,5,4,1,0,1,10
account_00000083,2025-04-09,4,3,9,3,2,1,0,0,6
account_00000083,2025-04-23,7,5,17,7,6,2,0,1,6
account_00000083,2025-05-03,7,5,9,10,8,2,0,3,6
account_00000083,2025-05-24,4,3,8,4,3,1,0,2,8
account_00000083,2025-05-30,5,4,11,3,3,2,0,0,8
account_00000083,2025-05-31,9,6,9,7,6,0,0,4,6
account_00000083,2025-06-01,5,4,14,3,2,1,0,0,7
account_00000083,2025-06-12,5,4,7,4,3,1,0,4,5
account_00000083,2025-06-18,7,5,11,5,4,1,0,2,8
account_00000083,2025-06-25,7,5,16,5,4,2,0,1,7
account_00000083,2025-07-18,5,4,6,7,6,2,0,2,7
account_00000083,2025-07-22,5,4,14,0,0,0,0,0,7
account_00000083,2025-07-23,6,4,17,6,4,0,0,2,6
account_00000083,2025-07-26,7,5,8,7,5,1,0,1,7
account_00000083,2025-08-03,5,4,7,7,5,0,0,3,6
account_00000083,2025-08-07,7,5,10,11,9,3,0,6,6
account_00000083,2025-08-12,5,4,11,7,5,0,0,2,8
account_00000083,2025-08-17,6,4,9,6,5,2,0,0,6
account_00000083,2025-09-04,7,5,11,7,5,1,0,2,7
account_00000083,2025-09-06,3,2,3,5,4,1,0,1,6
account_00000083,2025-09-19,5,4,5,9,7,3,0,3,6
account_00000083,2025-09-20,5,4,17,4,3,0,0,3,6
account_00000083,2025-10-06,4,3,8,4,3,0,0,0,7
account_00000083,2025-10-14,5,4,5,7,5,0,0,5,8
account_00000083,2025-10-17,3,2,3,3,2,1,0,2,8
account_00000083,2025-10-29,4,3,14,5,4,2,0,2,7
account_00000083,2025-11-01,3,2,7,4,3,1,0,1,4
account_00000083,2025-11-04,7,5,25,5,4,2,0,1,6
account_00000083,2025-11-18,4,3,4,6,5,2,0,2,6
account_00000083,2025-11-20,6,4,11,7,5,2,0,2,8
account_00000083,2025-12-06,6,4,15,7,6,1,0,2,7
account_00000083,2025-12-18,5,4,6,1,1,0,0,1,6
account_00000083,2025-12-24,4,3,4,2,2,0,0,0,7
account_00000083,2025-12-27,5,4,11,5,4,1,0,6,5
account_00000083,2026-01-12,3,2,4,4,3,0,0,2,7
account_00000083,2026-01-13,3,2,7,4,3,0,0,3,5
account_00000083,2026-01-21,4,3,5,4,3,0,0,0,8
account_00000083,2026-01-23,5,4,6,6,5,0,0,1,6
account_00000083,2026-02-10,6,4,6,9,8,2,0,4,5
account_00000083,2026-02-16,3,2,3,8,6,2,0,6,7
account_00000083,2026-02-19,7,5,14,5,4,1,0,2,8
account_00000083,2026-02-24,8,6,14,6,5,2,0,2,7
account_00000083,2026-03-02,4,3,8,4,3,0,0,1,6
account_00000083,2026-03-04,6,4,6,6,5,2,0,5,8
account_00000083,2026-03-20,6,4,8,6,5,0,0,2,6
account_00000083,2026-03-23,7,5,15,14,10,2,0,4,7
account_00000083,2026-04-09,5,4,7,3,2,0,0,1,5
account_00000083,2026-04-10,7,5,16,9,7,4,0,2,7
account_00000083,2026-04-18,4,3,8,5,4,2,0,4,6
account_00000083,2026-04-27,4,3,9,1,1,0,0,0,7
account_00000083,2026-05-02,4,3,8,5,4,0,0,2,5
account_00000083,2026-05-03,6,4,15,11,8,3,0,5,7
account_00000083,2026-05-13,5,4,9,6,5,0,0,0,5
account_00000083,2026-05-21,7,5,20,6,5,2,0,3,6
account_00000083,2026-06-05,4,3,5,2,2,0,0,1,8
account_00000083,2026-06-07,6,4,9,6,5,1,0,1,7
account_00000083,2026-06-08,7,5,16,4,3,0,0,0,7
account_00000083,2026-06-27,7,5,7,11,10,2,0,5,8
account_00000085,2024-03-05,2,1,4,3,2,0,16,1,6
account_00000085,2024-03-20,1,1,1,2,1,0,9,0,5
account_00000085,2024-03-25,2,1,3,2,1,2,13,0,8
account_00000085,2024-03-30,2,1,2,1,1,0,14,0,7
account_00000085,2024-04-14,1,1,1,2,1,0,9,0,6
account_00000085,2024-04-25,1,1,1,0,0,0,10,0,6
account_00000085,2024-04-27,1,1,3,0,0,0,8,0,8
account_00000085,2024-04-30,1,1,1,0,0,0,13,0,6
account_00000085,2024-05-02,3,2,4,5,4,1,12,2,7
account_00000085,2024-05-06,3,2,4,2,2,0,17,2,7
account_00000085,2024-05-18,3,2,6,2,1,2,11,0,6
account_00000085,2024-05-31,2,1,4,4,3,1,9,3,6
account_00000085,2024-06-12,2,1,3,4,3,1,16,2,8
account_00000085,2024-06-22,2,1,2,1,1,1,20,1,9
account_00000085,2024-06-26,2,1,4,3,2,1,21,2,6
account_00000085,2024-06-28,3,2,4,1,1,0,13,2,7
account_00000085,2024-07-06,1,1,5,1,1,1,8,1,8
account_00000085,2024-07-17,2,1,3,2,2,0,16,1,9
account_00000085,2024-07-23,1,1,2,1,1,0,12,0,8
account_00000085,2024-07-29,1,1,2,0,0,0,12,0,6
account_00000085,2024-08-06,4,3,7,2,2,3,9,1,5
account_00000085,2024-08-13,3,2,4,5,4,1,15,4,6
account_00000085,2024-08-19,2,1,5,4,3,2,8,3,7
account_00000085,2024-08-20,2,1,3,1,1,2,9,0,5
account_00000085,2024-09-11,3,2,3,3,2,0,16,1,8
account_00000085,2024-09-17,2,1,2,1,1,1,11,0,8
account_00000085,2024-09-24,4,3,5,5,4,2,15,4,7
account_00000085,2024-09-25,3,2,5,1,1,0,17,0,7
account_00000085,2024-10-08,2,1,6,4,3,2,15,1,8
account_00000085,2024-10-17,2,1,5,0,0,0,16,0,7
account_00000085,2024-10-23,2,1,4,1,1,0,6,0,6
account_00000085,2024-10-28,2,1,5,3,2,1,14,0,8
account_00000085,2024-11-01,2,1,6,1,1,0,7,0,7
account_00000085,2024-11-02,3,2,5,1,1,0,9,1,6
account_00000085,2024-11-21,1,1,1,0,0,0,13,0,5
account_00000085,2024-11-25,2,1,3,0,0,0,7,0,7
account_00000085,2024-12-12,2,1,2,2,2,0,14,1,8
account_00000085,2024-12-14,2,1,2,3,2,0,14,0,8
account_00000085,2024-12-18,2,1,7,0,0,0,7,0,8
account_00000085,2024-12-26,2,1,2,1,1,0,6,1,8
account_00000085,2025-01-02,3,2,4,1,1,1,11,0,6
account_00000085,2025-01-05,3,2,7,5,4,1,15,4,8
account_00000085,2025-01-06,2,1,9,4,3,0,18,2,9
account_00000085,2025-01-13,3,2,3,1,1,0,14,1,8
account_00000085,2025-02-04,3,2,5,2,2,1,12,2,7
account_00000085,2025-02-09,3,2,6,2,2,0,19,0,8
account_00000085,2025-02-21,2,1,4,1,1,0,14,0,6
account_00000085,2025-02-25,2,1,4,1,1,1,12,0,7
account_00000085,2025-03-03,1,1,3,0,0,0,11,0,7
account_00000085,2025-03-10,2,1,3,2,2,1,9,1,6
account_00000085,2025-03-26,3,2,8,3,2,3,18,1,7
account_00000085,2025-03-30,3,2,3,2,1,0,9,0,7
account_00000085,2025-04-02,2,1,4,0,0,0,13,0,8
account_00000085,2025-04-11,2,1,2,1,1,0,13,0,7
account_00000085,2025-04-19,2,1,5,2,1,0,13,0,7
account_00000085,2025-04-27,2,1,5,3,2,1,17,0,8
account_00000086,2025-12-05,1,1,2,3,2,0,18,4,7
account_00000086,2025-12-19,1,1,1,1,1,0,8,0,7
account_00000086,2025-12-22,1,1,1,1,1,0,12,0,8
account_00000086,2025-12-27,1,1,2,3,3,4,15,1,8
account_00000086,2026-01-10,1,1,1,2,2,0,12,0,9
account_00000086,2026-01-13,1,1,3,0,0,0,14,0,7
account_00000086,2026-01-18,1,1,1,1,1,0,15,0,7
account_00000086,2026-01-31,1,1,1,0,0,0,12,1,7
account_00000086,2026-02-06,1,1,2,1,1,0,15,0,10
account_00000086,2026-02-11,1,1,3,0,0,0,11,0,7
account_00000086,2026-02-13,1,1,2,0,0,0,11,0,6
account_00000086,2026-02-24,1,1,1,0,0,0,14,0,9
account_00000086,2026-03-03,1,1,1,2,2,1,20,0,9
account_00000086,2026-03-26,1,1,1,1,1,0,17,0,9
account_00000086,2026-03-28,1,1,1,0,0,0,16,1,8
account_00000086,2026-03-30,1,1,2,2,2,0,16,1,9
account_00000086,2026-04-07,1,1,2,0,0,0,9,0,8
account_00000086,2026-04-18,1,1,2,0,0,0,17,0,10
account_00000086,2026-04-19,1,1,3,0,0,0,15,0,8
account_00000086,2026-04-26,1,1,2,1,1,3,20,0,8
account_00000086,2026-05-04,1,1,1,0,0,0,17,0,10
account_00000086,2026-05-16,1,1,1,0,0,0,18,0,10
account_00000086,2026-05-25,1,1,5,2,2,1,25,0,8
account_00000086,2026-05-31,1,1,1,1,1,1,19,1,10
account_00000086,2026-06-12,1,1,1,1,1,0,16,0,8
account_00000086,2026-06-16,1,1,1,0,0,0,17,0,8
account_00000086,2026-06-26,1,1,1,5,5,4,22,0,10
account_00000086,2026-06-27,1,1,2,1,1,0,12,1,8
account_00000087,2025-02-02,7,5,22,7,5,0,0,6,8
account_00000087,2025-02-12,5,4,8,4,3,0,0,4,7
account_00000087,2025-02-23,6,4,19,5,4,0,0,1,7
account_00000087,2025-02-25,5,4,5,3,2,0,0,2,6
account_00000087,2025-03-12,6,4,9,7,6,1,0,3,8
account_00000087,2025-03-21,5,4,9,7,6,1,0,2,7
account_00000087,2025-03-23,10,7,21,11,9,4,0,6,8
account_00000087,2025-03-24,6,4,9,5,4,0,0,4,5
account_00000087,2025-04-02,8,6,11,6,5,0,0,2,9
account_00000087,2025-04-08,4,3,11,5,4,1,0,1,7
account_00000087,2025-04-15,6,4,15,8,7,2,0,5,9
account_00000087,2025-04-29,6,4,16,7,6,3,0,3,9
account_00000087,2025-05-01,9,6,13,15,12,0,0,6,6
account_00000087,2025-05-12,6,4,14,9,8,1,0,1,10
account_00000087,2025-05-25,9,6,17,12,11,1,0,5,7
account_00000087,2025-05-26,8,6,19,14,11,5,0,2,6
account_00000087,2025-06-02,7,5,9,9,8,1,0,2,9
account_00000087,2025-06-14,9,6,15,6,5,0,0,1,7
account_00000087,2025-06-23,7,5,15,6,5,1,0,2,7
account_00000087,2025-06-24,11,8,14,8,7,6,0,3,9
account_00000087,2025-07-15,9,6,16,11,9,4,0,6,7
account_00000087,2025-07-24,7,5,10,12,11,2,0,3,7
account_00000087,2025-07-27,6,4,6,5,4,0,0,1,7
account_00000087,2025-07-29,7,5,12,10,8,1,0,3,8
account_00000087,2025-08-01,6,4,17,5,4,1,0,1,9
account_00000087,2025-08-02,5,4,7,7,6,1,0,0,6
account_00000087,2025-08-12,8,6,10,7,6,0,0,2,6
account_00000087,2025-08-23,9,6,18,11,10,3,0,3,7
account_00000087,2025-09-12,8,6,13,9,7,2,0,2,7
account_00000087,2025-09-22,10,7,20,9,8,1,0,3,8
account_00000087,2025-09-26,9,6,16,3,2,2,0,1,8
account_00000087,2025-09-28,5,4,8,3,3,0,0,2,8
account_00000087,2025-10-03,7,5,9,9,7,2,0,2,8
account_00000087,2025-10-04,7,5,16,8,7,2,0,3,8
account_00000087,2025-10-20,11,8,13,17,13,1,0,8,7
account_00000087,2025-10-21,5,4,5,10,9,3,0,3,7
account_00000087,2025-11-10,7,5,7,11,9,2,0,5,6
account_00000087,2025-11-11,6,4,10,6,5,1,0,1,9
account_00000087,2025-11-23,9,6,14,7,6,2,0,3,8
account_00000087,2025-11-24,6,4,6,12,10,4,0,0,8
account_00000087,2025-12-03,10,7,19,15,14,5,0,4,8
account_00000087,2025-12-10,6,4,22,9,8,1,0,6,8
account_00000087,2025-12-19,5,4,9,7,6,1,0,3,8
account_00000087,2025-12-20,11,8,14,9,8,1,0,3,9
account_00000087,2026-01-05,10,7,22,12,11,4,0,4,7
account_00000087,2026-01-15,7,5,7,8,7,0,0,2,8
account_00000087,2026-01-23,10,7,21,14,12,6,0,8,7
account_00000087,2026-01-30,7,5,15,6,5,1,0,4,8
account_00000087,2026-02-06,5,4,5,8,7,2,0,1,8
account_00000087,2026-02-08,7,5,16,7,6,2,0,3,6
account_00000087,2026-02-09,11,8,14,10,9,3,0,3,7
account_00000087,2026-02-26,7,5,13,14,12,3,0,3,7
account_00000087,2026-03-18,11,8,19,11,9,2,0,6,9
account_00000087,2026-03-20,11,8,13,10,8,3,0,1,8
account_00000087,2026-03-24,5,4,6,7,6,1,0,5,9
account_00000087,2026-03-28,7,5,25,5,4,0,0,1,7
account_00000087,2026-04-06,5,4,11,7,6,0,0,1,7
account_00000087,2026-04-13,7,5,14,12,10,5,0,3,7
account_00000087,2026-04-14,8,6,15,2,2,1,0,1,8
account_00000087,2026-04-15,10,7,14,10,8,2,0,6,8
account_00000087,2026-05-01,10,7,27,8,7,1,0,2,8
account_00000087,2026-05-03,9,6,15,15,14,4,0,9,7
account_00000087,2026-05-08,11,8,21,4,3,0,0,1,7
account_00000087,2026-05-09,8,6,18,10,9,3,0,9,9
account_00000087,2026-06-17,7,5,19,6,5,1,0,1,7
account_00000087,2026-06-21,8,6,18,10,9,2,0,1,7
account_00000087,2026-06-22,9,6,12,8,7,1,0,4,9
account_00000087,2026-06-27,10,7,25,18,15,4,0,6,6
account_00000089,2024-12-01,4,3,4,3,3,0,0,0,8
account_00000089,2024-12-10,3,2,4,1,1,0,0,2,8
account_00000089,2024-12-16,2,1,4,2,2,0,0,0,8
account_00000089,2024-12-31,3,2,3,3,2,1,0,1,9
account_00000089,2025-01-03,2,1,2,4,4,1,0,0,8
account_00000089,2025-01-06,4,3,4,3,2,1,0,0,8
account_00000089,2025-01-10,4,3,9,6,5,1,0,2,7
account_00000089,2025-01-17,2,1,3,2,2,1,0,1,7
account_00000089,2025-02-01,3,2,8,3,3,0,0,1,8
account_00000089,2025-02-15,4,3,7,5,4,0,0,3,6
account_00000089,2025-02-18,3,2,3,2,2,2,0,0,6
account_00000089,2025-02-19,3,2,10,2,2,1,0,0,6
account_00000089,2025-03-13,2,1,4,1,1,0,0,1,6
account_00000089,2025-03-18,2,1,6,1,1,0,0,0,8
account_00000089,2025-03-23,3,2,6,2,2,0,0,1,7
account_00000089,2025-03-27,3,2,3,5,4,1,0,3,9
account_00000089,2025-04-05,2,1,2,6,5,1,0,1,8
account_00000089,2025-04-06,5,4,5,8,7,1,0,2,8
account_00000089,2025-04-23,3,2,4,8,8,5,0,3,7
account_00000089,2025-04-28,4,3,14,1,1,0,0,0,7
account_00000089,2025-05-10,5,4,5,6,5,0,0,2,6
account_00000089,2025-05-11,4,3,4,5,4,2,0,4,7
account_00000089,2025-05-21,3,2,7,4,3,0,0,4,6
account_00000089,2025-05-23,3,2,5,0,0,0,0,0,7
account_00000089,2025-06-06,3,2,5,6,5,1,0,2,7
account_00000089,2025-06-09,4,3,6,5,4,2,0,0,9
account_00000089,2025-06-12,2,1,7,2,2,0,0,0,9
account_00000089,2025-06-30,4,3,12,6,5,2,0,4,10
account_00000089,2025-07-11,4,3,8,3,3,1,0,0,7
account_00000089,2025-07-16,3,2,5,6,6,3,0,0,7
account_00000089,2025-07-19,2,1,6,3,2,0,0,0,8
account_00000089,2025-07-21,4,3,4,3,3,1,0,1,7
account_00000089,2025-08-01,3,2,5,9,7,0,0,5,8
account_00000089,2025-08-03,3,2,7,1,1,0,0,0,4
account_00000089,2025-08-18,2,1,3,4,3,0,0,1,6
account_00000089,2025-08-25,2,1,6,2,2,1,0,3,8
account_00000089,2025-09-13,3,2,4,5,4,0,0,2,7
account_00000089,2025-09-15,3,2,3,7,6,1,0,1,8
account_00000089,2025-09-16,3,2,12,2,2,1,0,1,8
account_00000089,2025-09-29,4,3,8,7,6,0,0,4,8
account_00000089,2025-10-08,3,2,5,2,2,2,0,1,10
account_00000089,2025-10-11,6,4,7,4,4,0,0,0,7
account_00000089,2025-10-15,5,4,16,12,11,4,0,5,9
account_00000089,2025-10-24,2,1,2,4,4,0,0,0,9
account_00000089,2025-11-03,3,2,4,4,3,2,0,3,8
account_00000089,2025-11-19,3,2,3,2,2,1,0,1,9
account_00000089,2025-11-20,4,3,9,1,1,0,0,0,8
account_00000089,2025-11-22,3,2,9,2,2,1,0,0,8
account_00000089,2025-12-02,2,1,2,2,2,0,0,1,7
account_00000089,2025-12-26,4,3,7,6,5,0,0,1,6
account_00000089,2025-12-29,4,3,5,4,3,0,0,0,7
account_00000089,2025-12-31,3,2,4,2,2,1,0,4,7
account_00000089,2026-01-02,3,2,3,1,1,0,0,0,8
account_00000089,2026-01-07,3,2,6,5,5,1,0,0,6
account_00000089,2026-01-22,3,2,7,3,3,1,0,1,7
account_00000089,2026-01-27,2,1,4,2,2,1,0,2,8
account_00000089,2026-02-05,2,1,5,5,4,0,0,0,7
account_00000089,2026-02-11,3,2,4,1,1,0,0,0,8
account_00000089,2026-02-23,2,1,2,2,2,0,0,0,8
account_00000089,2026-02-28,2,1,5,2,2,0,0,2,6
account_00000089,2026-03-12,5,4,10,7,6,2,0,4,9
account_00000089,2026-03-17,5,4,10,2,2,1,0,2,8
account_00000089,2026-03-27,3,2,4,4,3,1,0,2,7
account_00000089,2026-03-28,5,4,10,3,2,2,0,0,8
account_00000089,2026-04-01,5,4,8,11,10,5,0,1,10
account_00000089,2026-04-04,4,3,8,5,5,2,0,3,9
account_00000089,2026-04-20,5,4,5,7,6,1,0,3,8
account_00000089,2026-04-29,6,4,6,3,2,0,0,0,7
account_00000089,2026-05-11,4,3,7,4,3,1,0,1,6
account_00000089,2026-05-14,4,3,5,4,3,0,0,0,9
account_00000089,2026-05-26,4,3,12,6,5,0,0,1,6
account_00000089,2026-05-30,2,1,7,1,1,1,0,0,7
account_00000089,2026-06-01,2,1,2,1,1,0,0,0,7
account_00000089,2026-06-05,3,2,3,7,6,0,0,0,6
account_00000089,2026-06-07,3,2,7,6,5,1,0,0,8
account_00000089,2026-06-16,2,1,8,5,4,2,0,1,7
account_00000092,2026-02-09,1,1,3,4,3,2,0,3,6
account_00000092,2026-02-12,1,1,3,0,0,0,0,0,4
account_00000092,2026-02-23,1,1,2,0,0,0,0,0,5
account_00000092,2026-02-26,1,1,5,0,0,0,0,0,6
account_00000092,2026-03-02,1,1,3,0,0,0,0,0,5
account_00000092,2026-03-26,1,1,2,0,0,0,0,0,5
account_00000092,2026-03-30,1,1,1,0,0,0,0,0,4
account_00000092,2026-03-31,1,1,3,1,1,0,0,0,3
account_00000092,2026-04-01,1,1,2,1,1,0,0,0,7
account_00000092,2026-04-04,1,1,1,2,1,0,0,0,6
account_00000092,2026-04-15,1,1,3,1,1,0,0,0,6
account_00000092,2026-04-19,1,1,1,0,0,0,0,0,5
account_00000092,2026-05-14,1,1,2,1,1,0,0,3,5
account_00000092,2026-05-15,1,1,1,1,1,0,0,1,7
account_00000092,2026-05-18,1,1,1,0,0,0,0,0,6
account_00000092,2026-05-30,1,1,1,0,0,0,0,0,6
account_00000092,2026-06-03,1,1,3,1,1,0,0,0,4
account_00000092,2026-06-12,1,1,1,0,0,0,0,0,5
account_00000092,2026-06-14,1,1,2,2,1,2,0,0,5
account_00000092,2026-06-29,1,1,3,2,1,0,0,1,4
account_00000093,2024-11-09,2,1,3,3,2,0,0,2,5
account_00000093,2024-11-15,1,1,1,1,1,1,0,0,7
account_00000093,2024-11-28,4,3,17,1,1,1,0,0,7
account_00000093,2024-11-29,2,1,2,0,0,0,0,0,5
account_00000093,2024-12-16,2,1,4,2,2,0,0,0,8
account_00000093,2024-12-18,1,1,1,1,1,0,0,1,8
account_00000093,2024-12-26,1,1,3,0,0,0,0,1,5
account_00000093,2024-12-27,1,1,2,0,0,0,0,0,6
account_00000093,2025-01-07,2,1,6,1,1,0,0,1,7
account_00000093,2025-01-22,1,1,1,0,0,0,0,0,6
account_00000093,2025-01-26,2,1,7,1,1,0,0,2,6
account_00000093,2025-01-27,2,1,5,2,2,0,0,0,8
account_00000093,2025-02-01,3,2,10,3,2,2,0,1,7
account_00000093,2025-02-07,2,1,4,1,1,0,0,0,9
account_00000093,2025-02-14,3,2,8,4,3,0,0,0,7
account_00000093,2025-02-22,2,1,2,1,1,0,0,0,6
account_00000093,2025-03-01,3,2,6,0,0,0,0,0,6
account_00000093,2025-03-02,1,1,1,2,1,0,0,0,6
account_00000093,2025-03-06,3,2,5,0,0,0,0,0,6
account_00000093,2025-03-11,2,1,3,0,0,0,0,0,6
account_00000093,2025-04-04,2,1,2,2,2,1,0,2,9
account_00000093,2025-04-08,2,1,8,1,1,0,0,0,7
account_00000093,2025-04-10,1,1,1,2,2,0,0,3,5
account_00000093,2025-04-12,1,1,1,0,0,0,0,0,6
account_00000093,2025-05-17,3,2,4,2,2,1,0,0,7
account_00000093,2025-05-19,2,1,6,3,2,1,0,2,6
account_00000093,2025-05-23,2,1,8,2,2,0,0,0,6
account_00000093,2025-05-30,2,1,5,0,0,0,0,1,7
account_00000093,2025-06-07,3,2,10,1,1,0,0,1,8
account_00000093,2025-06-09,3,2,4,3,3,2,0,1,7
account_00000093,2025-06-18,4,3,10,3,2,3,0,1,7
account_00000093,2025-06-26,3,2,8,1,1,0,0,0,6
account_00000093,2025-07-02,3,2,6,6,5,1,0,2,6
account_00000093,2025-07-12,3,2,5,2,2,0,0,2,5
account_00000093,2025-07-18,3,2,3,2,1,0,0,0,7
account_00000093,2025-07-29,2,1,2,2,2,0,0,1,6
account_00000093,2025-08-04,1,1,1,2,2,1,0,1,6
account_00000093,2025-08-05,2,1,2,0,0,0,0,0,7
account_00000093,2025-08-16,3,2,3,0,0,0,0,0,7
account_00000093,2025-08-29,1,1,3,0,0,0,0,0,7
account_00000093,2025-09-01,1,1,1,0,0,0,0,0,6
account_00000093,2025-09-13,1,1,3,0,0,0,0,0,7
account_00000093,2025-09-22,3,2,3,1,1,0,0,0,7
account_00000093,2025-09-29,2,1,3,3,2,0,0,1,8
account_00000093,2025-10-01,2,1,3,2,2,0,0,1,7
account_00000093,2025-10-02,2,1,4,4,4,1,0,0,8
account_00000093,2025-10-19,2,1,2,3,2,0,0,1,6
account_00000093,2025-10-29,2,1,3,2,2,0,0,1,5
account_00000093,2025-11-12,2,1,2,0,0,0,0,0,6
account_00000093,2025-11-16,3,2,5,1,1,0,0,0,7
account_00000093,2025-11-20,2,1,2,0,0,0,0,0,8
account_00000093,2025-11-30,2,1,7,1,1,0,0,0,6
account_00000093,2025-12-03,2,1,5,0,0,0,0,0,6
account_00000093,2025-12-04,1,1,3,0,0,0,0,0,6
account_00000093,2025-12-05,2,1,2,1,1,0,0,1,6
account_00000093,2025-12-22,2,1,2,0,0,0,0,0,6
account_00000093,2026-01-11,2,1,5,2,2,0,0,2,6
account_00000093,2026-01-14,2,1,9,2,1,0,0,0,8
account_00000093,2026-01-24,1,1,1,1,1,1,0,1,7
account_00000093,2026-01-25,3,2,5,1,1,0,0,0,7
account_00000093,2026-02-03,2,1,3,3,3,1,0,0,6
account_00000093,2026-02-18,1,1,2,2,2,0,0,2,8
account_00000093,2026-02-22,2,1,3,5,4,1,0,1,6
account_00000093,2026-02-26,3,2,3,5,4,0,0,2,6
account_00000093,2026-03-01,3,2,7,1,1,1,0,1,7
account_00000093,2026-03-13,1,1,1,0,0,0,0,0,7
account_00000093,2026-03-15,1,1,2,2,2,0,0,0,6
account_00000093,2026-03-21,2,1,7,2,2,0,0,1,7
account_00000093,2026-04-01,3,2,3,2,2,1,0,2,7
account_00000093,2026-04-03,4,3,10,4,3,0,0,2,6
account_00000093,2026-04-12,2,1,3,1,1,0,0,0,5
account_00000093,2026-04-14,2,1,2,3,2,1,0,0,7
account_00000093,2026-05-03,4,3,5,4,3,0,0,1,6
account_00000093,2026-05-13,3,2,7,2,2,1,0,1,8
account_00000093,2026-05-18,2,1,3,1,1,0,0,0,6
account_00000093,2026-05-24,3,2,4,4,3,0,0,1,10
account_00000093,2026-06-07,2,1,3,1,1,1,0,1,6
account_00000093,2026-06-19,3,2,5,3,2,0,0,1,7
account_00000093,2026-06-21,2,1,7,1,1,0,0,0,7
account_00000093,2026-06-26,1,1,1,0,0,0,0,0,9
account_00000094,2026-02-10,5,4,10,8,6,2,0,1,5
account_00000094,2026-02-13,4,3,7,3,2,0,0,1,5
account_00000094,2026-02-19,3,2,8,1,1,0,0,0,6
account_00000094,2026-02-26,6,4,14,5,4,1,0,0,6
account_00000094,2026-03-05,4,3,4,3,2,2,0,0,7
account_00000094,2026-03-13,6,4,6,8,6,2,0,3,7
account_00000094,2026-03-21,4,3,4,2,2,0,0,2,6
account_00000094,2026-03-26,4,3,11,2,2,0,0,2,6
account_00000094,2026-04-01,6,4,20,4,3,1,0,1,5
account_00000094,2026-04-14,4,3,8,6,5,1,0,0,7
account_00000094,2026-04-17,6,4,8,8,6,3,0,1,4
account_00000094,2026-04-27,4,3,7,4,3,1,0,0,7
account_00000094,2026-05-11,4,3,4,2,1,0,0,2,8
account_00000094,2026-05-13,4,3,6,4,3,0,0,2,7
account_00000094,2026-05-24,6,4,9,4,3,0,0,0,4
account_00000094,2026-05-28,4,3,8,4,3,1,0,2,6
account_00000094,2026-06-04,5,4,6,6,5,3,0,1,6
account_00000094,2026-06-21,7,5,14,5,4,0,0,1,8
account_00000094,2026-06-23,7,5,11,5,4,1,0,1,7
account_00000094,2026-06-29,6,4,18,7,6,2,0,2,6
account_00000095,2025-05-03,28,20,62,55,48,33,81,19,10
account_00000095,2025-05-13,13,9,23,35,32,23,65,10,10
account_00000095,2025-05-16,21,15,37,42,37,23,76,13,10
account_00000095,2025-05-28,33,24,80,65,60,25,84,28,10
account_00000095,2025-06-16,25,18,31,51,47,14,68,30,10
account_00000095,2025-06-22,24,17,40,52,48,26,75,24,10
account_00000095,2025-06-24,21,15,32,44,36,34,78,15,10
account_00000095,2025-06-28,13,9,13,15,13,10,77,4,10
account_00000095,2025-07-04,33,24,43,73,63,39,72,33,10
account_00000095,2025-07-10,27,19,50,43,37,19,72,15,10
account_00000095,2025-07-13,32,23,56,51,43,29,55,16,10
account_00000095,2025-07-14,32,23,48,56,52,20,71,28,10
account_00000095,2025-08-09,27,19,53,68,60,28,71,22,10
account_00000095,2025-08-14,30,22,45,53,51,29,72,20,10
account_00000095,2025-08-17,15,11,33,33,32,19,64,16,10
account_00000095,2025-08-18,16,12,33,37,32,10,87,14,10
account_00000095,2025-09-14,30,22,50,60,52,22,74,21,10
account_00000095,2025-09-18,26,19,48,55,51,29,71,25,10
account_00000095,2025-09-26,25,18,32,46,43,22,87,22,10
account_00000095,2025-09-28,19,14,21,33,31,10,58,15,10
account_00000095,2025-10-04,28,20,44,48,44,22,67,26,10
account_00000095,2025-10-17,23,17,44,52,49,28,89,25,10
account_00000095,2025-10-20,17,12,24,29,26,8,86,9,10
account_00000095,2025-10-25,20,14,44,40,35,20,87,19,10
account_00000095,2025-11-04,32,23,85,68,60,37,66,14,10
account_00000095,2025-11-06,17,12,35,27,26,7,91,8,10
account_00000095,2025-11-27,17,12,34,27,25,11,69,15,10
account_00000095,2025-11-30,29,21,51,60,55,45,82,24,10
account_00000095,2025-12-05,16,12,27,35,32,22,65,13,10
account_00000095,2025-12-09,33,24,34,72,65,32,89,27,10
account_00000095,2025-12-24,16,12,34,25,23,13,75,10,10
account_00000095,2025-12-26,18,13,25,30,27,12,90,6,10
account_00000095,2026-01-11,13,9,22,20,18,10,76,9,10
account_00000095,2026-01-23,22,16,26,48,45,28,73,20,10
account_00000095,2026-01-25,15,11,28,23,21,13,81,7,10
account_00000095,2026-01-31,31,22,57,64,56,24,82,21,10
account_00000095,2026-02-03,33,24,39,57,50,29,63,23,10
account_00000095,2026-02-09,29,21,58,44,43,21,79,15,10
account_00000095,2026-02-13,31,22,46,54,48,32,86,25,10
account_00000095,2026-02-17,26,19,58,48,45,27,82,20,10
account_00000095,2026-03-07,28,20,32,58,53,27,67,19,10
account_00000095,2026-03-09,16,12,33,40,36,25,84,22,10
account_00000095,2026-03-11,31,22,47,47,43,26,73,24,10
account_00000095,2026-03-23,30,22,54,42,39,18,83,20,10
account_00000095,2026-04-01,23,17,43,44,37,22,80,15,10
account_00000095,2026-04-03,24,17,35,38,33,17,78,12,10
account_00000095,2026-04-04,21,15,21,38,35,19,86,12,10
account_00000095,2026-04-06,18,13,22,36,33,21,88,16,10
account_00000095,2026-05-04,23,17,44,39,36,22,75,12,10
account_00000095,2026-05-06,26,19,49,46,43,29,79,8,10
account_00000095,2026-05-08,19,14,24,32,28,13,81,12,10
account_00000095,2026-05-24,29,21,37,72,67,51,80,27,10
account_00000100,2026-05-02,1,1,2,0,0,0,0,1,7
account_00000100,2026-05-16,2,1,2,0,0,0,0,0,6
account_00000100,2026-05-19,2,1,5,4,3,2,0,0,6
account_00000100,2026-05-27,2,1,11,0,0,0,0,0,8
account_00000100,2026-06-02,2,1,2,1,1,0,0,0,7
account_00000100,2026-06-16,3,2,7,5,4,1,0,3,6
account_00000100,2026-06-25,3,2,7,1,1,0,0,1,6
account_00000100,2026-06-27,2,1,2,4,3,2,0,0,7
account_00000101,2026-05-07,2,1,5,2,2,0,11,2,8
account_00000101,2026-05-20,2,1,2,1,1,1,18,2,8
account_00000101,2026-05-21,3,2,3,3,2,0,10,1,7
account_00000101,2026-05-25,3,2,3,3,2,1,16,1,10
account_00000101,2026-06-03,2,1,2,1,1,1,9,0,8
account_00000101,2026-06-18,2,1,2,1,1,1,13,0,6
account_00000101,2026-06-20,2,1,5,1,1,0,12,1,8
account_00000101,2026-06-25,1,1,2,2,2,0,9,0,6
account_00000104,2024-08-01,1,1,3,0,0,0,7,0,8
account_00000104,2024-08-08,1,1,4,1,1,0,14,0,6
account_00000104,2024-08-16,1,1,3,0,0,0,7,0,7
account_00000104,2024-08-25,1,1,5,1,1,0,8,1,6
account_00000104,2024-09-01,2,1,8,0,0,0,12,0,9
account_00000104,2024-09-03,2,1,4,2,2,0,7,0,5
account_00000104,2024-09-12,1,1,1,2,1,0,9,2,7
account_00000104,2024-09-17,1,1,1,2,2,0,11,2,6
account_00000104,2024-10-11,1,1,1,0,0,0,11,0,9
account_00000104,2024-10-18,3,2,8,6,5,1,9,2,8
account_00000104,2024-10-21,1,1,1,0,0,0,10,0,7
account_00000104,2024-10-26,2,1,4,2,1,2,7,0,6
account_00000104,2024-11-01,1,1,1,1,1,0,9,2,6
account_00000104,2024-11-03,2,1,2,1,1,1,12,1,7
account_00000104,2024-11-13,1,1,2,0,0,0,10,0,8
account_00000104,2024-11-22,1,1,2,1,1,0,12,0,7
account_00000104,2024-12-10,1,1,2,0,0,0,7,0,7
account_00000104,2024-12-12,1,1,5,0,0,0,13,0,5
account_00000104,2024-12-27,2,1,6,2,2,1,15,0,9
account_00000104,2024-12-29,1,1,1,0,0,0,10,0,6
account_00000104,2025-01-09,2,1,2,1,1,0,9,1,8
account_00000104,2025-01-11,2,1,6,5,4,1,14,2,8
account_00000104,2025-01-15,2,1,2,3,2,1,10,3,6
account_00000104,2025-01-20,1,1,4,2,1,0,13,1,6
account_00000104,2025-02-12,2,1,5,1,1,1,15,2,8
account_00000104,2025-02-19,1,1,2,1,1,0,14,0,9
account_00000104,2025-02-22,1,1,1,0,0,0,8,0,8
account_00000104,2025-02-23,2,1,2,1,1,1,13,0,8
account_00000104,2025-03-03,1,1,3,1,1,2,21,2,8
account_00000104,2025-03-05,1,1,1,0,0,0,12,0,8
account_00000104,2025-03-19,2,1,4,2,2,1,13,1,8
account_00000104,2025-03-30,1,1,1,0,0,0,11,0,8
account_00000104,2025-04-03,1,1,1,2,1,0,10,2,7
account_00000104,2025-04-06,2,1,2,0,0,0,10,0,7
account_00000104,2025-04-08,1,1,3,0,0,0,14,0,7
account_00000104,2025-04-20,2,1,2,1,1,0,13,1,7
account_00000104,2025-05-01,1,1,3,2,2,1,12,0,8
account_00000104,2025-05-17,1,1,4,0,0,0,16,0,8
account_00000104,2025-05-19,1,1,1,1,1,1,18,0,6
account_00000104,2025-05-23,2,1,5,2,2,2,15,0,8
account_00000104,2025-06-04,1,1,1,0,0,0,8,0,8
account_00000104,2025-06-05,2,1,3,0,0,0,17,0,6
account_00000104,2025-06-10,2,1,4,0,0,0,15,0,7
account_00000104,2025-06-17,1,1,1,0,0,0,14,0,6
account_00000104,2025-07-04,2,1,7,2,1,0,15,0,8
account_00000104,2025-07-05,1,1,3,2,2,0,3,1,5
account_00000104,2025-07-07,2,1,4,2,2,2,18,1,8
account_00000104,2025-07-16,1,1,1,1,1,0,13,1,6
account_00000104,2025-08-01,1,1,1,2,1,2,10,0,8
account_00000104,2025-08-06,1,1,2,0,0,0,15,2,8
account_00000104,2025-08-16,1,1,2,1,1,0,13,0,5
account_00000104,2025-08-29,1,1,1,2,2,2,9,4,7
account_00000104,2025-09-04,1,1,1,0,0,0,11,0,6
account_00000104,2025-09-09,1,1,4,2,2,1,15,1,7
account_00000104,2025-09-11,1,1,8,3,3,1,11,4,7
account_00000104,2025-09-23,1,1,1,1,1,0,19,0,8
account_00000104,2025-10-07,1,1,3,1,1,0,13,1,7
account_00000104,2025-10-10,1,1,1,1,1,0,10,0,6
account_00000104,2025-10-11,1,1,3,0,0,0,12,0,8
account_00000104,2025-10-18,2,1,8,2,1,1,9,0,6
account_00000104,2025-11-13,1,1,5,1,1,0,11,1,7
account_00000104,2025-11-16,1,1,4,2,2,1,7,0,6
account_00000104,2025-11-22,2,1,4,0,0,0,16,0,8
account_00000104,2025-11-25,1,1,1,1,1,0,16,0,5
account_00000104,2025-12-07,1,1,2,0,0,0,13,0,5
account_00000104,2025-12-10,1,1,1,2,2,0,14,0,4
account_00000104,2025-12-12,1,1,2,0,0,0,6,1,5
account_00000104,2025-12-30,2,1,5,1,1,0,9,1,6
account_00000104,2026-01-02,1,1,1,1,1,1,10,1,5
account_00000104,2026-01-09,1,1,1,3,2,1,15,2,6
account_00000104,2026-01-20,1,1,2,0,0,0,14,0,8
account_00000104,2026-01-27,1,1,1,2,2,0,5,2,7
account_00000104,2026-02-08,1,1,1,1,1,0,11,1,6
account_00000104,2026-02-14,3,2,8,3,2,0,9,0,7
account_00000104,2026-02-26,1,1,5,2,2,1,15,0,7
account_00000104,2026-02-28,2,1,5,0,0,0,9,0,6
account_00000104,2026-03-03,2,1,5,2,2,1,13,1,5
account_00000104,2026-03-11,1,1,2,2,2,1,5,3,7
account_00000104,2026-03-23,1,1,3,0,0,0,16,0,8
account_00000104,2026-03-28,1,1,1,1,1,0,10,1,6
account_00000104,2026-04-11,2,1,6,3,2,1,16,0,6
account_00000104,2026-04-12,2,1,2,2,2,2,8,1,7
account_00000104,2026-04-20,1,1,2,1,1,1,8,1,5
account_00000104,2026-04-29,1,1,3,0,0,0,6,1,6
account_00000104,2026-05-01,2,1,5,2,2,3,9,1,8
account_00000104,2026-05-15,1,1,2,1,1,0,11,1,8
account_00000104,2026-05-22,1,1,4,0,0,0,11,0,6
account_00000104,2026-05-23,1,1,2,0,0,0,10,0,7
account_00000104,2026-06-07,2,1,2,4,3,3,13,3,7
account_00000104,2026-06-16,2,1,3,0,0,0,12,0,5
account_00000104,2026-06-19,2,1,3,1,1,0,16,0,7
account_00000104,2026-06-30,3,2,4,4,3,2,11,2,6
account_00000105,2026-05-02,9,6,10,15,12,6,22,4,9
account_00000105,2026-05-04,12,9,18,10,8,4,19,2,8
account_00000105,2026-05-15,12,9,37,15,12,7,17,3,9
account_00000105,2026-05-26,10,7,18,13,11,5,24,8,10
account_00000105,2026-06-01,8,6,8,11,9,4,21,3,9
account_00000105,2026-06-04,12,9,25,15,14,6,16,11,10
account_00000105,2026-06-17,7,5,13,5,4,0,16,1,8
account_00000105,2026-06-30,6,4,10,7,6,0,9,4,9
account_00000106,2024-05-04,4,3,5,4,3,1,9,1,7
account_00000106,2024-05-07,3,2,12,4,4,1,22,1,9
account_00000106,2024-05-27,3,2,6,2,2,0,11,2,10
account_00000106,2024-05-31,4,3,7,2,2,0,22,1,9
account_00000106,2024-06-10,4,3,8,6,5,3,14,3,9
account_00000106,2024-06-15,3,2,3,1,1,0,21,1,9
account_00000106,2024-06-18,3,2,3,2,2,0,20,0,8
account_00000106,2024-06-27,8,6,16,12,10,4,14,3,9
account_00000106,2024-07-02,4,3,9,4,3,2,19,3,6
account_00000106,2024-07-11,5,4,8,6,5,1,14,2,8
account_00000106,2024-07-18,7,5,15,7,5,4,17,3,7
account_00000106,2024-07-20,3,2,6,4,3,3,11,2,8
account_00000106,2024-08-14,4,3,8,6,5,4,21,3,9
account_00000106,2024-08-18,3,2,8,5,4,0,15,3,9
account_00000106,2024-08-25,3,2,3,1,1,0,23,0,10
account_00000106,2024-08-31,6,4,9,7,6,2,20,5,7
account_00000106,2024-09-10,4,3,4,5,4,3,32,0,7
account_00000106,2024-09-15,4,3,6,4,3,0,14,1,9
account_00000106,2024-09-16,8,6,16,13,11,4,13,6,10
account_00000106,2024-09-22,5,4,7,3,2,1,12,1,8
account_00000106,2024-10-06,8,6,20,10,9,2,22,1,9
account_00000106,2024-10-07,8,6,14,9,8,1,15,7,10
account_00000106,2024-10-08,4,3,5,9,8,1,16,3,8
account_00000106,2024-10-19,6,4,10,7,6,2,15,3,8
account_00000106,2024-11-10,6,4,9,12,11,8,21,5,8
account_00000106,2024-11-13,4,3,4,3,3,5,17,1,10
account_00000106,2024-11-16,4,3,11,3,3,1,20,0,10
account_00000106,2024-11-21,7,5,10,7,7,2,23,1,10
account_00000106,2024-12-04,4,3,9,6,5,2,23,1,9
account_00000106,2024-12-07,4,3,17,4,3,2,13,2,8
account_00000106,2024-12-16,4,3,9,7,6,0,22,3,10
account_00000106,2024-12-23,7,5,16,5,4,3,22,0,10
account_00000106,2025-01-03,4,3,4,5,4,1,14,3,9
account_00000106,2025-01-07,6,4,14,8,7,2,18,1,10
account_00000106,2025-01-24,4,3,6,5,4,2,14,3,9
account_00000106,2025-01-31,3,2,11,0,0,0,12,0,10
account_00000106,2025-02-04,7,5,14,9,8,5,8,2,10
account_00000106,2025-02-07,6,4,6,6,5,6,16,3,9
account_00000106,2025-02-13,3,2,6,5,4,1,26,2,8
account_00000106,2025-02-15,6,4,6,7,6,1,16,3,10
account_00000106,2025-03-01,8,6,22,3,2,1,18,2,9
account_00000106,2025-03-09,9,6,11,2,2,4,17,0,9
account_00000106,2025-03-21,7,5,7,10,8,7,18,4,9
account_00000106,2025-03-28,4,3,4,5,4,0,16,2,9
account_00000106,2025-04-13,2,1,6,2,2,1,12,0,7
account_00000106,2025-04-17,7,5,18,7,6,1,12,4,7
account_00000106,2025-04-18,6,4,11,3,2,3,18,1,9
account_00000106,2025-04-30,3,2,3,4,3,4,18,1,9
account_00000106,2025-05-03,3,2,5,4,4,2,12,2,8
account_00000106,2025-05-10,8,6,20,4,3,4,16,4,9
account_00000106,2025-05-16,5,4,9,5,4,3,14,2,8
account_00000106,2025-05-30,7,5,8,5,4,1,18,3,7
account_00000106,2025-06-06,5,4,12,2,2,1,23,1,9
account_00000106,2025-06-07,4,3,14,6,5,2,18,3,7
account_00000106,2025-06-13,4,3,8,1,1,0,22,2,9
account_00000106,2025-06-17,4,3,6,0,0,0,22,0,10
account_00000106,2025-07-03,5,4,11,2,2,0,21,1,10
account_00000106,2025-07-15,4,3,4,8,7,0,14,3,9
account_00000106,2025-07-19,4,3,9,4,4,2,20,1,10
account_00000106,2025-07-27,7,5,10,12,11,3,18,5,10
account_00000106,2025-08-03,6,4,6,3,3,1,16,3,8
account_00000106,2025-08-11,3,2,4,3,2,2,17,2,8
account_00000106,2025-08-22,6,4,9,7,6,1,24,2,7
account_00000106,2025-08-31,7,5,15,7,6,5,15,0,8
account_00000106,2025-09-19,6,4,11,3,2,0,15,0,8
account_00000106,2025-09-20,6,4,14,5,4,3,25,3,8
account_00000106,2025-09-26,5,4,12,10,9,3,13,2,8
account_00000106,2025-09-27,8,6,13,11,8,6,17,1,8
account_00000106,2025-10-04,8,6,10,8,7,5,14,0,8
account_00000106,2025-10-07,8,6,17,9,8,7,19,3,10
account_00000106,2025-10-20,9,6,16,13,12,5,23,7,10
account_00000106,2025-10-29,5,4,9,3,2,2,28,0,10
account_00000106,2025-11-02,9,6,18,9,8,3,16,3,8
account_00000106,2025-11-12,9,6,27,8,7,3,18,7,9
account_00000106,2025-11-14,5,4,12,7,6,4,20,3,10
account_00000106,2025-11-25,7,5,22,4,3,2,21,1,10
account_00000106,2025-12-06,8,6,11,10,9,2,26,3,9
account_00000106,2025-12-09,7,5,10,11,10,2,15,3,10
account_00000106,2025-12-18,7,5,7,4,3,3,12,1,10
account_00000106,2025-12-29,6,4,9,7,6,2,17,2,10
account_00000106,2026-01-04,7,5,9,9,7,2,20,5,10
account_00000106,2026-01-05,4,3,9,5,4,2,11,2,10
account_00000106,2026-01-07,4,3,4,4,3,1,16,2,8
account_00000106,2026-01-21,3,2,6,1,1,1,24,0,8
account_00000106,2026-02-04,4,3,6,6,5,5,19,3,9
account_00000106,2026-02-06,9,6,21,11,10,10,14,9,10
account_00000106,2026-02-09,4,3,7,6,5,0,17,1,9
account_00000106,2026-02-19,7,5,10,10,9,4,16,4,8
account_00000106,2026-03-08,5,4,7,5,4,2,23,0,10
account_00000106,2026-03-20,4,3,4,4,3,1,16,1,9
account_00000106,2026-03-24,5,4,6,7,6,5,21,0,8
account_00000106,2026-03-31,8,6,19,7,6,3,22,1,7
account_00000106,2026-04-08,6,4,9,5,4,4,19,3,7
account_00000106,2026-04-11,6,4,11,2,2,1,9,0,8
account_00000106,2026-04-16,8,6,26,6,6,3,24,3,9
account_00000106,2026-04-23,7,5,13,8,7,3,15,2,9
account_00000106,2026-05-04,6,4,7,4,3,2,14,3,8
account_00000106,2026-05-05,6,4,6,6,5,1,15,1,7
account_00000106,2026-05-06,6,4,10,4,3,2,18,1,9
account_00000106,2026-05-21,8,6,13,9,7,1,14,1,10
account_00000106,2026-06-12,4,3,8,4,3,2,15,0,7
account_00000106,2026-06-23,7,5,10,13,10,1,13,5,8
account_00000106,2026-06-25,7,5,16,4,4,0,13,1,8
account_00000106,2026-06-26,6,4,10,7,6,2,17,2,7
account_00000108,2025-05-01,25,16,53,40,37,15,48,31,9
account_00000108,2025-05-07,24,15,47,54,48,26,52,20,9
account_00000108,2025-05-18,24,15,29,53,47,21,55,12,10
account_00000108,2025-05-21,30,19,72,78,70,38,57,32,10
account_00000108,2025-06-09,26,16,44,70,63,41,64,25,10
account_00000108,2025-06-12,30,19,51,79,72,39,62,31,10
account_00000108,2025-06-23,19,12,23,41,35,14,57,12,10
account_00000108,2025-06-24,19,12,24,51,45,24,67,23,10
account_00000108,2025-07-06,22,14,39,59,56,41,61,32,10
account_00000108,2025-07-07,18,11,22,54,47,15,56,24,10
account_00000108,2025-07-11,13,8,13,37,34,19,57,12,10
account_00000108,2025-07-28,20,12,36,45,41,18,58,19,10
account_00000108,2025-08-05,14,9,22,28,26,21,68,9,10
account_00000108,2025-08-11,23,14,34,57,52,24,64,17,10
account_00000108,2025-08-13,17,11,43,50,48,29,53,14,10
account_00000108,2025-08-24,18,11,31,46,44,28,70,9,10
account_00000108,2025-09-01,25,16,31,78,68,33,59,34,10
account_00000108,2025-09-07,16,10,33,29,26,17,53,18,9
account_00000108,2025-09-09,23,14,29,62,56,26,74,34,10
account_00000108,2025-09-26,13,8,24,29,27,14,63,10,10
account_00000108,2025-10-02,16,10,20,43,40,17,66,17,9
account_00000108,2025-10-08,28,17,34,60,56,28,62,26,10
account_00000108,2025-10-21,16,10,45,32,29,15,66,12,10
account_00000108,2025-10-28,22,14,39,40,36,17,66,19,10
account_00000108,2025-11-01,26,16,26,60,55,26,65,23,8
account_00000108,2025-11-02,33,20,73,72,64,37,47,32,10
account_00000108,2025-11-10,20,12,26,35,34,16,57,15,10
account_00000108,2025-11-18,32,20,57,73,71,35,45,34,10
account_00000108,2025-12-09,20,12,27,45,43,14,58,18,10
account_00000108,2025-12-13,24,15,24,56,49,22,54,23,10
account_00000108,2025-12-29,33,20,46,73,66,35,56,30,10
account_00000108,2025-12-31,12,7,29,24,20,6,67,8,10
account_00000108,2026-01-02,30,19,70,80,70,31,54,25,10
account_00000108,2026-01-11,15,9,17,38,35,14,58,20,10
account_00000108,2026-01-22,16,10,27,40,37,18,58,19,10
account_00000108,2026-01-27,14,9,19,32,30,18,64,14,10
account_00000108,2026-02-13,19,12,47,42,37,28,52,21,10
account_00000108,2026-02-16,33,20,53,77,68,51,59,30,10
account_00000108,2026-02-18,19,12,27,44,42,17,46,17,10
account_00000108,2026-02-25,14,9,14,36,33,21,59,12,10
account_00000108,2026-03-14,26,16,33,57,49,27,53,17,10
account_00000108,2026-03-15,19,12,37,38,34,15,49,14,10
account_00000108,2026-03-25,30,19,46,66,62,29,54,25,10
account_00000108,2026-03-30,21,13,34,45,39,22,44,17,10
account_00000108,2026-04-06,20,12,21,50,46,22,62,17,10
account_00000108,2026-04-07,31,19,88,91,89,60,63,41,10
account_00000108,2026-04-26,30,19,76,60,54,41,64,18,10
account_00000108,2026-04-29,25,16,36,61,60,29,61,30,10
account_00000108,2026-05-08,20,12,20,49,45,27,57,23,10
account_00000108,2026-05-18,28,17,49,55,53,21,54,27,10
account_00000108,2026-05-28,13,8,19,35,33,21,78,13,10
account_00000108,2026-05-30,14,9,18,29,24,7,55,9,9
account_00000108,2026-06-01,27,17,57,67,61,38,50,33,10
account_00000108,2026-06-11,15,9,19,32,28,12,49,13,10
account_00000108,2026-06-14,15,9,41,42,38,19,77,18,9
account_00000108,2026-06-18,30,19,54,69,60,32,56,30,10
account_00000110,2024-07-01,20,14,54,29,25,13,17,17,8
account_00000110,2024-07-09,15,11,15,16,14,6,11,4,7
account_00000110,2024-07-19,15,11,28,22,18,9,15,6,9
account_00000110,2024-07-24,20,14,40,22,19,7,13,13,7
account_00000110,2024-08-05,18,13,30,28,24,8,22,11,9
account_00000110,2024-08-07,29,21,61,46,39,17,17,19,8
account_00000110,2024-08-14,15,11,25,28,24,8,18,7,9
account_00000110,2024-08-26,21,15,27,33,28,22,23,12,10
account_00000110,2024-09-04,27,19,49,29,26,14,17,6,8
account_00000110,2024-09-07,25,18,40,43,36,20,20,16,8
account_00000110,2024-09-11,33,24,56,53,48,24,17,21,9
account_00000110,2024-09-28,24,17,34,32,28,18,24,15,8
account_00000110,2024-10-03,21,15,42,36,32,15,18,9,10
account_00000110,2024-10-09,33,24,67,72,68,24,16,34,8
account_00000110,2024-10-12,13,9,22,23,21,7,22,4,9
account_00000110,2024-10-18,32,23,39,51,47,18,16,20,10
account_00000110,2024-11-01,17,12,17,14,12,4,21,3,8
account_00000110,2024-11-06,29,21,64,42,34,17,16,25,8
account_00000110,2024-11-09,16,12,34,18,15,9,9,7,7
account_00000110,2024-11-22,25,18,26,35,30,31,10,12,8
account_00000110,2024-12-07,26,19,65,37,32,15,15,15,10
account_00000110,2024-12-08,24,17,57,36,31,16,20,11,10
account_00000110,2024-12-17,21,15,48,40,34,13,18,15,8
account_00000110,2024-12-18,30,22,36,42,40,17,20,13,9
account_00000110,2025-01-03,23,17,46,33,30,17,13,18,7
account_00000110,2025-01-05,30,22,32,44,41,17,15,20,10
account_00000110,2025-01-15,22,16,49,40,36,15,12,18,10
account_00000110,2025-01-29,24,17,55,36,30,14,15,12,10
account_00000110,2025-02-01,31,22,31,39,36,9,14,14,8
account_00000110,2025-02-03,24,17,48,41,36,9,19,21,9
account_00000110,2025-02-17,20,14,36,26,22,16,14,4,10
account_00000110,2025-02-28,31,22,78,39,33,15,26,10,10
account_00000110,2025-03-01,15,11,43,24,23,11,14,14,9
account_00000110,2025-03-10,16,12,30,20,18,9,25,7,10
account_00000110,2025-03-16,22,16,39,32,30,10,28,24,10
account_00000110,2025-03-27,22,16,47,27,25,16,18,14,10
account_00000110,2025-04-03,30,22,57,62,56,28,21,23,10
account_00000110,2025-04-05,27,19,59,44,42,30,17,19,9
account_00000110,2025-04-23,18,13,40,32,29,16,25,17,10
account_00000110,2025-04-29,16,12,34,21,18,16,19,12,9
account_00000110,2025-05-01,31,22,56,48,39,23,26,17,10
account_00000110,2025-05-09,13,9,19,13,11,4,16,4,10
account_00000110,2025-05-25,24,17,35,47,40,24,15,19,7
account_00000110,2025-05-29,14,10,22,20,18,7,18,9,7
account_00000110,2025-06-11,25,18,45,30,26,17,22,12,7
account_00000110,2025-06-12,30,22,55,53,48,20,16,16,9
account_00000110,2025-06-24,20,14,26,32,29,14,17,9,8
account_00000110,2025-06-27,24,17,52,32,28,11,20,19,8
account_00000110,2025-07-22,17,12,35,24,20,12,23,4,9
account_00000110,2025-07-24,25,18,69,29,23,16,12,12,8
account_00000110,2025-07-25,18,13,20,25,21,9,31,18,8
account_00000110,2025-07-30,30,22,63,40,37,16,27,26,10
account_00000110,2025-08-08,29,21,40,41,35,28,10,15,10
account_00000110,2025-08-10,20,14,33,29,25,15,12,12,9
account_00000110,2025-08-18,23,17,51,46,40,21,24,14,10
account_00000110,2025-08-31,15,11,37,20,17,8,17,13,8
account_00000110,2025-09-04,17,12,26,31,26,9,27,13,8
account_00000110,2025-09-12,31,22,36,36,31,21,15,11,7
account_00000110,2025-09-22,28,20,34,60,55,29,23,28,8
account_00000110,2025-09-25,20,14,34,28,25,20,24,14,10
account_00000110,2025-10-10,14,10,17,24,23,13,19,12,10
account_00000110,2025-10-14,13,9,18,20,18,8,25,8,9
account_00000110,2025-10-19,24,17,46,39,37,24,14,15,10
account_00000110,2025-10-31,27,19,50,39,35,22,25,20,10
account_00000110,2025-11-01,18,13,22,35,31,19,20,15,9
account_00000110,2025-11-04,26,19,46,39,36,17,28,12,7
account_00000110,2025-11-22,15,11,37,26,24,17,30,11,9
account_00000110,2025-11-25,25,18,49,43,37,19,14,17,9
account_00000110,2025-12-01,13,9,18,22,19,11,21,9,10
account_00000110,2025-12-04,26,19,66,36,34,29,21,20,10
account_00000110,2025-12-06,19,14,26,25,22,8,25,7,10
account_00000110,2025-12-29,15,11,20,17,15,12,11,8,10
account_00000110,2026-01-02,27,19,60,38,33,17,13,23,10
account_00000110,2026-01-16,17,12,24,19,17,7,19,6,9
account_00000110,2026-01-28,15,11,16,26,24,16,14,14,10
account_00000110,2026-01-29,15,11,25,20,17,7,15,7,9
account_00000110,2026-02-05,13,9,31,21,17,6,17,10,10
account_00000110,2026-02-10,26,19,37,29,26,14,22,16,8
account_00000110,2026-02-19,30,22,54,54,45,25,20,21,10
account_00000110,2026-02-27,29,21,38,53,45,30,22,19,9
account_00000110,2026-03-04,27,19,27,45,41,25,27,22,10
account_00000110,2026-03-06,14,10,30,26,24,9,21,11,10
account_00000110,2026-03-07,19,14,38,28,27,13,18,16,9
account_00000110,2026-03-11,12,9,24,23,20,11,19,10,9
account_00000110,2026-04-12,15,11,23,20,17,14,19,5,10
account_00000110,2026-04-18,15,11,15,20,17,10,16,12,10
account_00000110,2026-04-27,14,10,21,16,14,6,12,7,10
account_00000110,2026-04-29,15,11,26,18,15,9,21,8,8
account_00000110,2026-05-17,29,21,38,43,40,17,21,17,9
account_00000110,2026-05-18,29,21,39,49,42,21,18,17,10
account_00000110,2026-05-30,26,19,64,36,31,13,20,13,9
account_00000110,2026-05-31,14,10,37,20,16,7,20,7,8
account_00000110,2026-06-06,21,15,29,32,28,17,21,17,10
account_00000110,2026-06-09,22,16,26,35,29,16,19,8,9
account_00000110,2026-06-19,25,18,27,45,40,23,27,19,9
account_00000110,2026-06-24,30,22,50,49,43,28,31,18,7
account_00000111,2025-01-02,2,1,3,1,1,0,0,1,7
account_00000111,2025-01-14,2,1,2,4,3,1,0,1,3
account_00000111,2025-01-17,3,2,5,6,4,2,0,1,7
account_00000111,2025-01-20,3,2,4,3,2,0,0,0,6
account_00000111,2025-02-01,2,1,2,6,4,1,0,3,6
account_00000111,2025-02-02,2,1,4,5,4,0,0,6,7
account_00000111,2025-02-12,2,1,2,1,1,0,0,2,6
account_00000111,2025-02-17,2,1,3,4,3,0,0,1,6
account_00000111,2025-03-07,2,1,4,3,3,0,0,1,7
account_00000111,2025-03-12,3,2,5,3,2,1,0,2,4
account_00000111,2025-03-23,3,2,3,3,2,0,0,1,8
account_00000111,2025-03-26,2,1,2,2,1,0,0,0,5
account_00000111,2025-04-06,3,2,9,1,1,0,0,2,7
account_00000111,2025-04-08,3,2,7,4,3,0,0,2,6
account_00000111,2025-04-10,4,3,11,7,6,0,0,3,7
account_00000111,2025-04-16,4,3,8,4,3,1,0,3,7
account_00000111,2025-05-06,2,1,2,1,1,0,0,1,5
account_00000111,2025-05-15,3,2,11,3,2,0,0,0,7
account_00000111,2025-05-23,2,1,5,2,2,0,0,3,7
account_00000111,2025-05-24,3,2,9,2,1,0,0,0,7
account_00000111,2025-06-11,2,1,4,2,2,1,0,1,7
account_00000111,2025-06-16,4,3,5,6,5,0,0,4,8
account_00000111,2025-06-22,4,3,4,6,4,2,0,2,5
account_00000111,2025-06-23,4,3,6,7,6,1,0,6,6
account_00000111,2025-07-05,4,3,4,1,1,1,0,0,7
account_00000111,2025-07-06,3,2,9,8,6,2,0,1,8
account_00000111,2025-07-07,4,3,7,2,1,0,0,1,8
account_00000111,2025-07-11,5,4,12,1,1,0,0,0,7
account_00000111,2025-08-10,4,3,6,0,0,0,0,0,6
account_00000111,2025-08-17,3,2,3,2,1,0,0,1,6
account_00000111,2025-08-18,3,2,8,5,4,0,0,2,6
account_00000111,2025-08-26,3,2,7,2,2,0,0,1,6
account_00000111,2025-09-06,3,2,6,3,3,0,0,3,8
account_00000111,2025-09-08,3,2,8,0,0,0,0,0,7
account_00000111,2025-09-12,4,3,7,2,2,0,0,1,5
account_00000111,2025-09-23,3,2,8,3,3,2,0,2,7
account_00000111,2025-10-09,3,2,5,6,5,0,0,0,7
account_00000111,2025-10-22,3,2,3,6,5,1,0,2,8
account_00000111,2025-10-25,2,1,4,1,1,1,0,1,6
account_00000111,2025-10-27,2,1,3,3,2,2,0,2,8
account_00000111,2025-11-12,4,3,15,2,1,0,0,0,7
account_00000111,2025-11-13,2,1,3,2,1,0,0,1,6
account_00000111,2025-11-15,2,1,7,3,2,1,0,1,6
account_00000111,2025-11-23,2,1,2,3,2,1,0,0,6
account_00000111,2025-12-06,2,1,2,0,0,0,0,0,6
account_00000111,2025-12-15,4,3,4,5,4,0,0,1,6
account_00000111,2025-12-20,2,1,2,2,2,0,0,0,7
account_00000111,2025-12-25,3,2,6,5,4,1,0,4,4
account_00000111,2026-01-06,4,3,4,6,5,0,0,1,8
account_00000111,2026-01-08,4,3,7,5,4,0,0,2,7
account_00000111,2026-01-20,3,2,6,4,3,3,0,0,5
account_00000111,2026-01-30,2,1,2,6,5,0,0,5,6
account_00000111,2026-02-08,2,1,4,2,2,0,0,0,6
account_00000111,2026-02-09,5,4,7,4,3,0,0,0,7
account_00000111,2026-02-17,4,3,11,4,3,1,0,2,8
account_00000111,2026-02-27,4,3,8,3,2,0,0,0,8
account_00000111,2026-03-05,5,4,8,3,3,2,0,2,5
account_00000111,2026-03-18,6,4,12,10,8,2,0,7,9
account_00000111,2026-03-23,5,4,13,6,5,2,0,1,8
account_00000111,2026-03-27,3,2,5,5,4,1,0,2,7
account_00000111,2026-04-04,4,3,11,6,4,1,0,5,6
account_00000111,2026-04-07,2,1,4,1,1,0,0,0,5
account_00000111,2026-04-17,2,1,4,5,4,0,0,0,6
account_00000111,2026-04-20,4,3,9,5,4,0,0,2,6
account_00000111,2026-05-02,4,3,8,3,2,1,0,0,7
account_00000111,2026-05-11,2,1,3,5,4,2,0,2,8
account_00000111,2026-05-12,2,1,3,5,4,0,0,1,6
account_00000111,2026-05-24,5,4,10,5,4,1,0,3,5
account_00000111,2026-06-05,3,2,3,1,1,0,0,0,7
account_00000111,2026-06-16,5,4,12,4,3,0,0,2,7
account_00000111,2026-06-18,5,4,11,1,1,0,0,0,6
account_00000111,2026-06-27,3,2,3,4,3,2,0,1,5
account_00000113,2024-08-09,23,17,37,44,35,5,0,19,8
account_00000113,2024-08-15,23,17,62,36,31,7,0,15,7
account_00000113,2024-08-25,26,19,46,43,34,11,0,18,8
account_00000113,2024-08-28,23,17,29,31,25,6,0,15,7
account_00000113,2024-09-19,18,13,40,23,18,4,0,8,8
account_00000113,2024-09-25,24,17,62,33,27,7,0,13,7
account_00000113,2024-09-27,18,13,18,33,29,5,0,17,8
account_00000113,2024-09-29,17,12,19,23,19,4,0,7,9
account_00000113,2024-10-02,30,22,60,41,35,12,0,13,8
account_00000113,2024-10-17,27,19,48,39,32,9,0,11,8
account_00000113,2024-10-19,13,9,31,27,23,1,0,14,8
account_00000113,2024-10-21,22,16,31,33,29,8,0,13,6
account_00000113,2024-11-07,31,22,56,66,60,19,0,25,8
account_00000113,2024-11-13,29,21,52,50,44,9,0,18,9
account_00000113,2024-11-17,28,20,41,59,52,11,0,17,9
account_00000113,2024-11-27,28,20,53,42,38,12,0,16,9
account_00000113,2024-12-11,27,19,65,43,37,15,0,18,9
account_00000113,2024-12-12,30,22,62,35,32,4,0,14,8
account_00000113,2024-12-16,16,12,37,23,21,4,0,7,9
account_00000113,2024-12-27,21,15,47,18,15,8,0,6,9
account_00000113,2025-01-08,17,12,33,30,27,14,0,9,9
account_00000113,2025-01-09,23,17,46,28,24,4,0,13,9
account_00000113,2025-01-17,18,13,26,33,29,9,0,8,8
account_00000113,2025-01-28,19,14,38,33,29,9,0,8,6
account_00000113,2025-02-01,17,12,40,24,20,8,0,10,8
account_00000113,2025-02-11,33,24,69,51,46,14,0,22,7
account_00000113,2025-02-14,17,12,27,31,28,11,0,16,9
account_00000113,2025-02-19,26,19,46,33,29,6,0,13,8
account_00000113,2025-03-01,15,11,21,22,20,3,0,11,7
account_00000113,2025-03-21,15,11,17,28,27,9,0,17,8
account_00000113,2025-03-26,30,22,44,43,38,11,0,19,9
account_00000113,2025-03-28,17,12,36,18,17,2,0,4,8
account_00000113,2025-04-02,20,14,22,22,18,5,0,8,7
account_00000113,2025-04-14,23,17,24,41,33,7,0,14,7
account_00000113,2025-04-20,24,17,56,40,35,10,0,18,7
account_00000113,2025-04-21,24,17,36,33,26,11,0,11,7
account_00000113,2025-05-17,20,14,32,32,27,5,0,19,7
account_00000113,2025-05-18,22,16,34,24,21,7,0,8,9
account_00000113,2025-05-20,20,14,24,33,30,9,0,16,8
account_00000113,2025-05-22,19,14,19,23,21,4,0,2,7
account_00000113,2025-06-08,32,23,80,55,48,20,0,28,7
account_00000113,2025-06-14,25,18,45,38,36,9,0,20,8
account_00000113,2025-06-18,13,9,17,25,22,8,0,7,8
account_00000113,2025-06-29,16,12,28,22,21,8,0,9,9
account_00000113,2025-07-01,16,12,35,21,19,3,0,12,6
account_00000113,2025-07-06,27,19,44,35,30,9,0,11,7
account_00000113,2025-07-20,29,21,34,29,23,7,0,8,6
account_00000113,2025-07-31,27,19,45,48,42,7,0,21,9
account_00000113,2025-08-07,25,18,45,38,35,15,0,19,9
account_00000113,2025-08-13,13,9,16,13,11,7,0,2,6
account_00000113,2025-08-14,29,21,49,43,37,9,0,16,6
account_00000113,2025-08-17,22,16,45,40,36,9,0,12,8
account_00000113,2025-09-09,20,14,39,27,25,6,0,9,9
account_00000113,2025-09-23,18,13,25,27,23,3,0,9,8
account_00000113,2025-09-24,31,22,37,37,31,8,0,14,9
account_00000113,2025-09-27,26,19,31,32,27,8,0,23,10
account_00000113,2025-10-02,19,14,53,31,29,8,0,13,8
account_00000113,2025-10-08,25,18,35,24,20,6,0,12,9
account_00000113,2025-10-11,32,23,67,44,38,11,0,17,8
account_00000113,2025-10-30,22,16,22,22,18,4,0,13,9
account_00000113,2025-11-03,24,17,53,20,18,3,0,8,10
account_00000113,2025-11-16,26,19,47,33,29,6,0,14,6
account_00000113,2025-11-20,33,24,62,50,41,12,0,18,9
account_00000113,2025-11-28,25,18,67,33,27,7,0,13,8
account_00000113,2025-12-12,17,12,30,24,23,6,0,7,9
account_00000113,2025-12-16,27,19,56,38,35,7,0,14,10
account_00000113,2025-12-26,16,12,16,23,20,3,0,9,9
account_00000113,2025-12-28,33,24,71,45,41,12,0,22,9
account_00000113,2026-01-07,16,12,24,28,26,4,0,13,9
account_00000113,2026-01-09,20,14,29,31,28,5,0,11,8
account_00000113,2026-01-24,18,13,28,24,21,2,0,12,8
account_00000113,2026-01-28,33,24,60,57,49,9,0,20,7
account_00000113,2026-02-06,15,11,39,21,19,3,0,4,9
account_00000113,2026-02-10,32,23,56,48,43,9,0,17,7
account_00000113,2026-02-23,20,14,51,30,27,6,0,8,7
account_00000113,2026-02-28,30,22,51,39,35,9,0,12,9
account_00000113,2026-03-10,31,22,55,47,42,12,0,20,8
account_00000113,2026-03-24,32,23,40,55,47,11,0,24,8
account_00000113,2026-03-26,26,19,38,39,32,13,0,11,8
account_00000113,2026-03-30,22,16,28,31,27,7,0,8,9
account_00000113,2026-04-21,32,23,42,47,40,16,0,12,10
account_00000113,2026-04-22,24,17,34,35,33,5,0,9,10
account_00000113,2026-04-27,30,22,60,30,26,9,0,14,8
account_00000113,2026-04-29,33,24,55,50,47,15,0,26,8
account_00000113,2026-05-01,28,20,39,41,37,13,0,23,9
account_00000113,2026-05-04,19,14,34,23,20,8,0,9,9
account_00000113,2026-05-06,31,22,60,38,33,9,0,18,8
account_00000113,2026-05-26,17,12,34,39,34,10,0,17,8
account_00000113,2026-06-02,22,16,37,29,26,8,0,8,10
account_00000113,2026-06-03,18,13,34,28,24,8,0,8,8
account_00000113,2026-06-18,13,9,24,19,18,4,0,11,9
account_00000113,2026-06-20,14,10,23,14,13,3,0,7,9
account_00000116,2025-08-02,3,2,6,2,2,1,0,0,7
account_00000116,2025-08-17,3,2,5,6,6,2,0,4,9
account_00000116,2025-08-20,3,2,3,5,4,1,0,2,7
account_00000116,2025-08-24,2,1,3,1,1,0,0,0,8
account_00000116,2025-09-12,3,2,5,3,3,0,0,1,9
account_00000116,2025-09-16,5,4,16,9,7,1,0,2,8
account_00000116,2025-09-18,3,2,7,2,2,0,0,2,8
account_00000116,2025-09-26,3,2,5,2,2,0,0,3,5
account_00000116,2025-10-05,4,3,7,5,5,2,0,2,8
account_00000116,2025-10-08,2,1,2,3,3,0,0,4,8
account_00000116,2025-10-18,3,2,10,2,2,0,0,0,9
account_00000116,2025-10-31,4,3,4,3,3,2,0,3,8
account_00000116,2025-11-14,3,2,7,4,3,0,0,1,7
account_00000116,2025-11-20,5,4,8,2,2,0,0,2,7
account_00000116,2025-11-21,5,4,8,8,7,1,0,1,6
account_00000116,2025-11-22,3,2,4,4,3,1,0,1,7
account_00000116,2025-12-06,5,4,14,11,9,2,0,9,8
account_00000116,2025-12-07,3,2,6,0,0,0,0,0,9
account_00000116,2025-12-25,4,3,4,2,2,0,0,0,7
account_00000116,2025-12-28,4,3,9,7,6,2,0,2,8
account_00000116,2026-01-10,2,1,2,1,1,0,0,0,8
account_00000116,2026-01-13,4,3,6,3,2,0,0,1,6
account_00000116,2026-01-15,3,2,3,4,3,0,0,1,10
account_00000116,2026-01-26,3,2,7,3,3,0,0,0,6
account_00000116,2026-02-09,4,3,11,8,7,2,0,1,7
account_00000116,2026-02-10,5,4,5,10,8,1,0,3,7
account_00000116,2026-02-11,4,3,4,6,6,1,0,4,8
account_00000116,2026-02-21,3,2,3,6,5,0,0,3,9
account_00000116,2026-03-06,4,3,5,5,4,1,0,1,10
account_00000116,2026-03-09,2,1,4,3,2,0,0,0,9
account_00000116,2026-03-19,4,3,7,7,6,2,0,4,7
account_00000116,2026-03-21,4,3,7,2,2,0,0,2,10
account_00000116,2026-04-03,4,3,4,1,1,2,0,0,9
account_00000116,2026-04-09,2,1,3,1,1,1,0,0,8
account_00000116,2026-04-11,2,1,2,4,4,3,0,2,8
account_00000116,2026-04-25,2,1,2,2,2,2,0,0,7
account_00000116,2026-05-04,2,1,3,3,2,0,0,1,5
account_00000116,2026-05-19,3,2,3,6,5,3,0,2,6
account_00000116,2026-05-24,3,2,4,3,2,0,0,0,8
account_00000116,2026-05-28,2,1,5,4,3,2,0,1,5
account_00000116,2026-06-02,3,2,6,3,3,0,0,0,7
account_00000116,2026-06-20,4,3,4,5,4,1,0,5,9
account_00000116,2026-06-24,2,1,4,2,2,0,0,1,8
account_00000116,2026-06-29,3,2,3,8,7,4,0,4,9
account_00000122,2025-10-02,1,1,1,0,0,0,15,0,7
account_00000122,2025-10-04,1,1,5,0,0,0,10,0,6
account_00000122,2025-10-07,1,1,1,1,1,0,8,1,7
account_00000122,2025-10-21,1,1,3,0,0,0,10,0,7
account_00000122,2025-11-06,1,1,1,2,1,1,19,0,8
account_00000122,2025-11-16,1,1,2,0,0,0,13,0,7
account_00000122,2025-11-21,1,1,1,1,1,2,12,0,8
account_00000122,2025-11-29,1,1,2,0,0,0,8,0,9
account_00000122,2025-12-08,1,1,3,1,1,0,12,1,7
account_00000122,2025-12-17,1,1,1,3,2,0,12,0,8
account_00000122,2025-12-18,1,1,1,0,0,0,13,0,9
account_00000122,2025-12-22,1,1,1,2,2,0,10,1,8
account_00000122,2026-01-01,1,1,2,2,2,2,9,0,8
account_00000122,2026-01-02,1,1,3,0,0,0,16,0,9
account_00000122,2026-01-16,1,1,1,1,1,0,10,0,7
account_00000122,2026-01-26,1,1,2,0,0,0,15,0,8
account_00000122,2026-02-14,1,1,5,0,0,0,15,0,7
account_00000122,2026-02-15,1,1,1,1,1,2,15,0,9
account_00000122,2026-02-20,1,1,3,0,0,0,14,0,8
account_00000122,2026-02-27,1,1,2,0,0,0,3,0,8
account_00000122,2026-03-01,1,1,1,2,2,0,25,0,9
account_00000122,2026-03-02,1,1,1,2,2,1,23,3,9
account_00000122,2026-03-11,1,1,1,2,2,0,20,0,9
account_00000122,2026-03-14,1,1,1,2,2,0,19,1,8
account_00000122,2026-04-01,1,1,2,1,1,1,16,0,10
account_00000122,2026-04-20,1,1,4,0,0,0,20,0,10
account_00000122,2026-04-25,1,1,2,1,1,0,22,0,10
account_00000122,2026-04-30,1,1,3,2,2,0,10,0,7
account_00000122,2026-05-05,1,1,2,2,2,0,20,2,8
account_00000122,2026-05-10,1,1,3,2,2,0,18,3,10
account_00000122,2026-05-11,1,1,4,0,0,0,15,0,9
account_00000122,2026-05-17,1,1,2,1,1,0,12,0,7
account_00000122,2026-06-05,1,1,2,1,1,0,14,1,8
account_00000122,2026-06-06,1,1,1,0,0,0,17,1,9
account_00000122,2026-06-20,1,1,2,1,1,0,5,0,8
account_00000122,2026-06-30,1,1,1,0,0,0,12,0,7
account_00000123,2024-10-02,3,2,3,3,2,1,0,0,8
account_00000123,2024-10-05,1,1,3,1,1,0,0,1,9
account_00000123,2024-10-08,2,1,4,3,2,2,0,1,6
account_00000123,2024-10-22,1,1,1,0,0,0,0,0,7
account_00000123,2024-11-08,3,2,6,6,5,0,0,2,5
account_00000123,2024-11-11,1,1,1,0,0,0,0,0,7
account_00000123,2024-11-19,2,1,2,2,1,0,0,0,8
account_00000123,2024-11-27,3,2,8,1,1,1,0,0,9
account_00000123,2024-12-02,2,1,2,0,0,0,0,0,8
account_00000123,2024-12-14,2,1,5,1,1,0,0,0,7
account_00000123,2024-12-16,2,1,2,0,0,0,0,0,6
account_00000123,2024-12-25,1,1,2,3,3,1,0,1,6
account_00000123,2025-01-04,3,2,4,3,3,0,0,2,6
account_00000123,2025-01-12,3,2,5,4,3,1,0,2,7
account_00000123,2025-01-13,1,1,4,1,1,1,0,0,8
account_00000123,2025-01-27,2,1,2,0,0,0,0,0,8
account_00000123,2025-02-06,2,1,6,3,3,0,0,2,8
account_00000123,2025-02-15,1,1,1,0,0,0,0,0,6
account_00000123,2025-02-18,3,2,3,3,3,0,0,1,7
account_00000123,2025-02-22,2,1,2,2,2,0,0,2,8
account_00000123,2025-03-10,1,1,2,0,0,0,0,0,7
account_00000123,2025-03-12,2,1,5,2,2,0,0,0,6
account_00000123,2025-03-24,2,1,3,1,1,0,0,0,8
account_00000123,2025-03-28,2,1,2,3,2,2,0,0,6
account_00000123,2025-04-11,1,1,2,0,0,0,0,0,8
account_00000123,2025-04-12,2,1,3,3,2,0,0,1,7
account_00000123,2025-04-25,1,1,3,0,0,0,0,0,8
account_00000123,2025-04-27,1,1,1,3,2,0,0,1,6
account_00000123,2025-05-01,2,1,4,0,0,0,0,0,6
account_00000123,2025-05-11,1,1,1,0,0,0,0,1,7
account_00000123,2025-05-12,1,1,2,1,1,0,0,0,7
account_00000123,2025-05-20,1,1,3,0,0,0,0,0,6
account_00000123,2025-06-03,2,1,2,2,2,0,0,0,7
account_00000123,2025-06-12,2,1,2,3,2,1,0,0,4
account_00000123,2025-06-15,3,2,5,2,2,1,0,2,6
account_00000123,2025-06-25,2,1,3,0,0,0,0,0,7
account_00000123,2025-07-02,3,2,6,1,1,0,0,1,7
account_00000123,2025-07-06,2,1,2,0,0,0,0,1,7
account_00000123,2025-07-08,3,2,6,3,2,1,0,0,7
account_00000123,2025-07-30,3,2,3,2,2,0,0,1,5
account_00000123,2025-08-01,3,2,5,0,0,0,0,0,8
account_00000123,2025-08-06,1,1,4,1,1,0,0,0,7
account_00000123,2025-08-08,3,2,7,2,2,0,0,0,8
account_00000123,2025-08-23,2,1,4,1,1,0,0,1,6
account_00000123,2025-09-07,1,1,1,2,2,0,0,1,7
account_00000123,2025-09-14,2,1,4,1,1,0,0,1,7
account_00000123,2025-09-23,2,1,4,0,0,0,0,0,8
account_00000123,2025-09-24,1,1,2,1,1,1,0,0,5
account_00000123,2025-10-04,4,3,5,2,2,1,0,1,5
account_00000123,2025-10-13,3,2,9,2,2,0,0,2,8
account_00000123,2025-10-16,2,1,2,2,2,0,0,2,5
account_00000123,2025-10-27,1,1,1,0,0,0,0,1,6
account_00000123,2025-11-01,2,1,3,1,1,0,0,0,6
account_00000123,2025-11-05,2,1,4,1,1,0,0,0,5
account_00000123,2025-11-12,4,3,7,3,2,1,0,1,6
account_00000123,2025-11-16,3,2,6,2,2,0,0,1,8
account_00000123,2025-12-05,3,2,5,1,1,0,0,2,9
account_00000123,2025-12-23,3,2,7,3,2,0,0,1,8
account_00000123,2025-12-26,3,2,6,3,2,0,0,0,9
account_00000123,2025-12-31,2,1,2,1,1,0,0,1,4
account_00000123,2026-01-02,1,1,2,2,2,1,0,0,7
account_00000123,2026-01-10,1,1,1,3,3,0,0,1,7
account_00000123,2026-01-20,2,1,6,3,2,0,0,0,8
account_00000123,2026-01-31,1,1,4,3,2,1,0,0,7
account_00000123,2026-02-03,1,1,2,0,0,0,0,0,8
account_00000123,2026-02-14,2,1,2,1,1,0,0,1,8
account_00000123,2026-02-17,3,2,6,1,1,0,0,0,7
account_00000123,2026-02-23,1,1,1,0,0,0,0,0,6
account_00000123,2026-03-04,3,2,6,6,5,0,0,4,7
account_00000123,2026-03-08,2,1,2,2,2,0,0,1,7
account_00000123,2026-03-23,2,1,2,2,1,0,0,1,6
account_00000123,2026-03-29,2,1,2,0,0,0,0,1,8
account_00000123,2026-04-11,1,1,3,1,1,0,0,0,8
account_00000123,2026-04-12,2,1,6,1,1,1,0,0,7
account_00000123,2026-04-19,2,1,3,4,3,0,0,1,5
account_00000123,2026-04-28,1,1,4,0,0,0,0,0,7
account_00000123,2026-05-04,3,2,3,3,3,0,0,0,10
account_00000123,2026-05-19,2,1,2,0,0,0,0,1,7
account_00000123,2026-05-22,1,1,2,1,1,0,0,1,6
account_00000123,2026-05-23,2,1,2,2,2,0,0,2,7
account_00000123,2026-06-09,2,1,2,3,2,0,0,3,7
account_00000123,2026-06-14,2,1,6,3,2,2,0,0,7
account_00000123,2026-06-17,2,1,2,2,2,0,0,2,8
account_00000123,2026-06-23,2,1,7,1,1,0,0,1,7
account_00000124,2024-08-02,1,1,1,1,1,0,0,2,7
account_00000124,2024-08-13,1,1,2,1,1,0,0,0,5
account_00000124,2024-08-17,1,1,1,2,2,0,0,1,7
account_00000124,2024-08-19,1,1,2,0,0,0,0,0,8
account_00000124,2024-09-09,1,1,2,1,1,1,0,0,8
account_00000124,2024-09-17,1,1,1,2,1,0,0,1,7
account_00000124,2024-09-21,1,1,1,1,1,0,0,1,6
account_00000124,2024-09-22,1,1,1,2,1,2,0,1,7
account_00000124,2024-10-03,1,1,1,1,1,0,0,0,6
account_00000124,2024-10-05,1,1,1,0,0,0,0,0,6
account_00000124,2024-10-16,1,1,2,0,0,0,0,0,8
account_00000124,2024-10-24,1,1,2,0,0,0,0,1,7
account_00000124,2024-11-13,1,1,3,0,0,0,0,0,8
account_00000124,2024-11-18,1,1,2,2,2,1,0,0,8
account_00000124,2024-11-20,1,1,1,0,0,0,0,0,8
account_00000124,2024-11-27,1,1,1,0,0,0,0,0,8
account_00000124,2024-12-04,1,1,1,2,2,0,0,1,6
account_00000124,2024-12-12,1,1,1,1,1,0,0,0,8
account_00000124,2024-12-23,1,1,2,0,0,0,0,0,7
account_00000124,2024-12-25,1,1,1,1,1,0,0,0,7
account_00000124,2025-01-10,1,1,1,1,1,0,0,0,6
account_00000124,2025-01-12,1,1,2,0,0,0,0,0,8
account_00000124,2025-01-16,1,1,4,1,1,1,0,1,7
account_00000124,2025-01-21,1,1,2,2,2,0,0,0,7
account_00000124,2025-02-08,1,1,2,0,0,0,0,0,7
account_00000124,2025-02-13,1,1,1,0,0,0,0,0,5
account_00000124,2025-02-18,1,1,1,1,1,0,0,0,8
account_00000124,2025-02-27,1,1,1,0,0,0,0,0,6
account_00000124,2025-03-08,1,1,1,0,0,0,0,0,7
account_00000124,2025-03-11,1,1,5,0,0,0,0,0,8
account_00000124,2025-03-17,1,1,1,1,1,0,0,2,8
account_00000124,2025-03-31,1,1,3,2,2,0,0,3,8
account_00000124,2025-04-03,1,1,2,0,0,0,0,0,7
account_00000124,2025-04-05,1,1,2,0,0,0,0,0,7
account_00000124,2025-04-12,1,1,1,1,1,1,0,0,6
account_00000124,2025-04-22,1,1,1,3,3,0,0,1,6
account_00000124,2025-05-12,1,1,1,0,0,0,0,0,5
account_00000124,2025-05-14,1,1,1,1,1,0,0,0,7
account_00000124,2025-05-29,1,1,3,0,0,0,0,0,8
account_00000124,2025-05-31,1,1,1,2,2,0,0,2,6
account_00000124,2025-06-06,1,1,2,1,1,0,0,0,6
account_00000124,2025-06-07,1,1,1,0,0,0,0,2,6
account_00000124,2025-06-09,1,1,2,1,1,0,0,1,8
account_00000124,2025-06-23,1,1,1,0,0,0,0,0,8
account_00000124,2025-07-14,1,1,1,2,2,0,0,0,8
account_00000124,2025-07-15,1,1,1,0,0,0,0,0,9
account_00000124,2025-07-20,1,1,1,2,2,1,0,1,6
account_00000124,2025-07-29,1,1,1,0,0,0,0,0,9
account_00000124,2025-08-02,1,1,3,1,1,0,0,1,7
account_00000124,2025-08-06,1,1,2,1,1,2,0,1,6
account_00000124,2025-08-13,1,1,3,0,0,0,0,0,6
account_00000124,2025-08-15,1,1,2,0,0,0,0,0,6
account_00000124,2025-09-06,1,1,1,0,0,0,0,0,6
account_00000124,2025-09-09,1,1,4,1,1,0,0,0,8
account_00000124,2025-09-14,1,1,4,0,0,0,0,1,8
account_00000124,2025-09-29,1,1,1,0,0,0,0,0,8
account_00000124,2025-10-03,1,1,1,0,0,0,0,0,6
account_00000124,2025-10-04,1,1,1,1,1,0,0,0,8
account_00000124,2025-10-10,1,1,3,1,1,0,0,0,7
account_00000124,2025-10-15,1,1,4,2,2,0,0,0,6
account_00000124,2025-11-13,1,1,1,2,2,0,0,2,8
account_00000124,2025-11-15,1,1,2,0,0,0,0,0,7
account_00000124,2025-11-19,1,1,2,0,0,0,0,0,7
account_00000124,2025-11-24,1,1,1,1,1,0,0,1,6
account_00000124,2025-12-03,1,1,3,0,0,0,0,0,6
account_00000124,2025-12-14,1,1,3,1,1,0,0,1,6
account_00000124,2025-12-23,1,1,4,0,0,0,0,0,5
account_00000124,2025-12-29,1,1,1,2,1,0,0,0,7
account_00000124,2026-01-10,1,1,3,0,0,0,0,1,7
account_00000124,2026-01-13,1,1,2,1,1,0,0,1,9
account_00000124,2026-01-17,1,1,1,0,0,0,0,1,6
account_00000124,2026-01-30,1,1,1,2,2,0,0,2,6
account_00000124,2026-02-12,1,1,1,1,1,0,0,1,8
account_00000124,2026-02-16,1,1,1,0,0,0,0,0,5
account_00000124,2026-02-21,1,1,1,0,0,0,0,0,7
account_00000124,2026-02-26,1,1,3,3,2,1,0,3,7
account_00000124,2026-03-02,1,1,4,1,1,0,0,0,8
account_00000124,2026-03-03,1,1,2,0,0,0,0,0,6
account_00000124,2026-03-22,1,1,1,1,1,0,0,3,7
account_00000124,2026-03-24,1,1,1,0,0,0,0,0,8
account_00000124,2026-04-04,1,1,4,1,1,0,0,0,9
account_00000124,2026-04-19,1,1,1,2,2,0,0,1,7
account_00000124,2026-04-20,1,1,2,0,0,0,0,0,7
account_00000124,2026-04-29,1,1,2,0,0,0,0,0,8
account_00000124,2026-05-05,1,1,3,1,1,0,0,1,7
account_00000124,2026-05-13,1,1,2,1,1,0,0,2,5
account_00000124,2026-05-22,1,1,4,1,1,0,0,1,5
account_00000124,2026-05-30,1,1,1,2,2,0,0,0,7
account_00000124,2026-06-09,1,1,2,0,0,0,0,0,9
account_00000124,2026-06-14,1,1,2,1,1,0,0,0,7
account_00000124,2026-06-15,1,1,1,3,2,0,0,2,6
account_00000124,2026-06-26,1,1,1,0,0,0,0,0,8
account_00000126,2026-03-07,1,1,2,0,0,0,19,0,10
account_00000126,2026-03-13,1,1,1,0,0,0,19,0,8
account_00000126,2026-03-15,1,1,1,0,0,0,25,0,9
account_00000126,2026-03-25,1,1,1,0,0,0,15,1,8
account_00000126,2026-04-14,1,1,1,1,1,0,21,1,9
account_00000126,2026-04-15,1,1,2,1,1,0,10,0,7
account_00000126,2026-04-16,1,1,1,0,0,0,19,0,9
account_00000126,2026-04-30,1,1,1,0,0,0,14,0,7
account_00000126,2026-05-05,1,1,5,2,2,0,14,1,7
account_00000126,2026-05-20,1,1,1,1,1,1,13,0,9
account_00000126,2026-05-27,1,1,5,1,1,0,12,1,7
account_00000126,2026-05-29,1,1,1,0,0,0,13,0,7
account_00000126,2026-06-12,1,1,1,0,0,0,14,0,8
account_00000126,2026-06-14,1,1,1,0,0,0,19,0,10
account_00000126,2026-06-20,1,1,3,1,1,1,11,1,8
account_00000126,2026-06-22,1,1,1,0,0,0,12,0,9
account_00000127,2025-02-01,5,4,12,11,9,3,15,3,8
account_00000127,2025-02-06,5,4,9,5,4,2,18,4,10
account_00000127,2025-02-12,4,3,11,2,2,1,12,1,7
account_00000127,2025-02-16,5,4,5,1,1,1,20,0,7
account_00000127,2025-03-06,1,1,1,0,0,0,8,0,8
account_00000127,2025-03-08,2,1,2,4,3,2,21,2,7
account_00000127,2025-03-09,3,2,4,5,4,1,19,1,7
account_00000127,2025-03-20,2,1,8,2,2,1,26,1,6
account_00000127,2025-04-01,3,2,3,7,6,3,16,3,9
account_00000127,2025-04-07,3,2,7,5,4,2,9,4,7
account_00000127,2025-04-19,5,4,6,4,4,2,14,3,8
account_00000127,2025-04-24,4,3,4,8,7,2,15,3,8
account_00000127,2025-05-08,4,3,6,7,6,3,21,4,10
account_00000127,2025-05-10,4,3,9,2,2,0,19,0,7
account_00000127,2025-05-15,5,4,12,8,7,5,16,6,10
account_00000127,2025-05-25,3,2,3,5,4,4,13,2,9
account_00000127,2025-06-03,5,4,11,4,4,1,15,3,10
account_00000127,2025-06-16,6,4,11,7,6,2,25,7,9
account_00000127,2025-06-17,3,2,9,3,3,1,15,2,9
account_00000127,2025-06-25,3,2,5,2,2,2,9,1,8
account_00000127,2025-07-05,4,3,4,2,2,0,19,0,8
account_00000127,2025-07-07,4,3,4,6,6,1,17,1,8
account_00000127,2025-07-25,2,1,6,1,1,0,14,0,8
account_00000127,2025-07-26,3,2,6,2,2,0,16,0,9
account_00000127,2025-08-05,5,4,12,3,3,1,9,1,7
account_00000127,2025-08-07,5,4,9,5,4,0,10,3,8
account_00000127,2025-08-23,5,4,5,6,5,4,16,1,8
account_00000127,2025-08-28,5,4,11,2,1,0,21,0,7
account_00000127,2025-09-02,5,4,11,9,8,2,9,3,9
account_00000127,2025-09-05,3,2,3,1,1,0,19,1,10
account_00000127,2025-09-11,5,4,5,4,4,2,20,1,10
account_00000127,2025-09-15,3,2,8,4,4,1,16,2,10
account_00000127,2025-10-01,4,3,4,1,1,1,16,2,9
account_00000127,2025-10-06,3,2,7,2,2,1,18,0,8
account_00000127,2025-10-17,4,3,11,4,3,1,11,2,9
account_00000127,2025-10-22,4,3,4,4,3,1,7,2,9
account_00000127,2025-11-05,4,3,7,5,5,2,19,1,9
account_00000127,2025-11-16,5,4,5,5,5,3,24,2,9
account_00000127,2025-11-19,4,3,4,6,6,3,20,1,9
account_00000127,2025-11-20,3,2,5,5,4,3,24,0,10
account_00000127,2025-12-06,6,4,11,8,7,5,15,2,7
account_00000127,2025-12-08,4,3,7,4,3,2,18,1,10
account_00000127,2025-12-11,3,2,6,4,4,3,8,0,7
account_00000127,2025-12-16,3,2,6,2,2,1,9,1,8
account_00000127,2026-01-07,4,3,4,6,5,1,16,2,8
account_00000127,2026-01-16,3,2,5,4,3,2,10,3,9
account_00000127,2026-01-20,4,3,5,5,4,1,17,1,8
account_00000127,2026-01-30,4,3,4,4,3,1,18,2,9
account_00000127,2026-02-05,4,3,8,7,6,3,19,1,9
account_00000127,2026-02-07,3,2,4,3,3,0,15,2,9
account_00000127,2026-02-09,3,2,6,2,2,0,18,2,9
account_00000127,2026-02-16,4,3,7,4,4,0,12,0,8
account_00000127,2026-03-02,2,1,3,3,3,0,19,1,8
account_00000127,2026-03-08,5,4,15,7,6,1,13,4,8
account_00000127,2026-03-20,4,3,4,2,2,0,13,1,8
account_00000127,2026-03-27,4,3,7,3,2,1,15,3,8
account_00000127,2026-04-04,3,2,6,4,3,2,10,2,10
account_00000127,2026-04-09,5,4,7,3,3,1,17,1,9
account_00000127,2026-04-12,3,2,6,2,2,3,20,0,9
account_00000127,2026-04-24,4,3,5,0,0,0,19,0,10
account_00000127,2026-05-16,3,2,5,5,5,1,17,1,10
account_00000127,2026-05-21,4,3,8,5,4,2,18,2,8
account_00000127,2026-05-26,4,3,8,4,4,1,16,2,10
account_00000127,2026-05-27,2,1,2,2,2,2,19,0,10
account_00000127,2026-06-12,2,1,4,4,4,3,20,0,9
account_00000127,2026-06-17,5,4,12,7,6,2,17,6,8
account_00000127,2026-06-20,4,3,4,5,4,0,15,3,8
account_00000127,2026-06-24,5,4,5,7,6,1,11,2,8
account_00000128,2024-08-09,27,19,52,39,31,12,13,11,9
account_00000128,2024-08-17,23,17,55,30,24,10,26,8,8
account_00000128,2024-08-30,12,9,17,24,22,6,23,10,9
account_00000128,2024-08-31,25,18,46,49,44,19,11,22,9
account_00000128,2024-09-05,20,14,21,33,28,18,21,16,9
account_00000128,2024-09-26,28,20,56,53,46,29,18,23,9
account_00000128,2024-09-28,32,23,63,42,36,16,17,17,10
account_00000128,2024-09-30,22,16,41,34,31,15,17,16,9
account_00000128,2024-10-06,24,17,29,41,37,16,23,12,10
account_00000128,2024-10-08,20,14,41,28,25,16,11,10,9
account_00000128,2024-10-20,33,24,71,37,32,17,19,13,8
account_00000128,2024-10-21,15,11,17,20,17,6,17,7,9
account_00000128,2024-11-04,31,22,34,44,39,15,30,24,10
account_00000128,2024-11-09,16,12,26,31,29,15,12,18,10
account_00000128,2024-11-27,20,14,25,30,29,13,17,21,10
account_00000128,2024-11-30,23,17,42,31,29,13,24,10,10
account_00000128,2024-12-02,26,19,40,44,42,23,21,14,9
account_00000128,2024-12-15,25,18,40,29,26,14,22,10,10
account_00000128,2024-12-28,21,15,46,34,31,22,17,17,10
account_00000128,2024-12-31,30,22,58,45,42,19,14,14,10
account_00000128,2025-01-05,18,13,29,24,21,10,15,7,10
account_00000128,2025-01-09,16,12,25,31,29,21,15,13,9
account_00000128,2025-01-15,17,12,17,18,17,9,21,6,10
account_00000128,2025-01-27,15,11,41,22,21,15,22,14,10
account_00000128,2025-02-07,32,23,69,43,37,18,18,20,9
account_00000128,2025-02-12,18,13,35,29,25,13,18,9,10
account_00000128,2025-02-23,16,12,27,22,20,12,12,4,9
account_00000128,2025-02-28,13,9,30,19,17,6,10,10,9
account_00000128,2025-03-01,13,9,37,15,13,3,12,4,7
account_00000128,2025-03-03,24,17,30,32,25,12,17,17,9
account_00000128,2025-03-14,13,9,25,20,18,12,15,11,7
account_00000128,2025-03-17,31,22,45,40,34,12,14,18,9
account_00000128,2025-04-10,31,22,74,51,43,20,24,18,7
account_00000128,2025-04-11,17,12,29,22,18,10,19,9,9
account_00000128,2025-04-26,33,24,62,43,39,17,18,17,10
account_00000128,2025-04-27,16,12,21,20,17,9,24,7,8
account_00000128,2025-05-22,25,18,57,48,43,13,23,16,8
account_00000128,2025-05-23,30,22,45,28,22,15,11,7,10
account_00000128,2025-05-24,33,24,46,58,50,19,19,20,9
account_00000128,2025-05-25,28,20,44,44,38,13,11,21,7
account_00000128,2025-06-02,15,11,27,20,17,11,19,4,8
account_00000128,2025-06-13,25,18,54,28,26,12,21,11,9
account_00000128,2025-06-23,33,24,64,70,66,29,14,21,10
account_00000128,2025-06-24,14,10,14,20,18,9,21,9,9
account_00000128,2025-07-15,16,12,37,26,24,12,13,10,8
account_00000128,2025-07-20,22,16,37,30,26,14,13,10,10
account_00000128,2025-07-22,32,23,36,46,40,20,16,15,10
account_00000128,2025-07-26,17,12,22,21,20,6,27,10,9
account_00000128,2025-08-01,22,16,66,30,27,26,18,10,10
account_00000128,2025-08-06,14,10,30,18,16,7,18,6,8
account_00000128,2025-08-16,26,19,57,49,45,15,19,15,10
account_00000128,2025-08-31,18,13,34,30,27,13,14,12,10
account_00000128,2025-09-04,27,19,40,47,43,20,15,17,9
account_00000128,2025-09-12,17,12,21,25,23,14,25,5,9
account_00000128,2025-09-17,14,10,25,21,19,6,23,8,10
account_00000128,2025-09-29,13,9,23,22,21,11,21,10,9
account_00000128,2025-10-08,16,12,28,17,14,8,18,4,9
account_00000128,2025-10-27,17,12,22,25,22,11,8,11,9
account_00000128,2025-10-28,15,11,22,19,16,6,14,5,9
account_00000128,2025-10-31,17,12,43,24,20,16,13,9,9
account_00000128,2025-11-01,32,23,38,41,37,9,21,20,7
account_00000128,2025-11-10,14,10,17,22,19,7,17,7,8
account_00000128,2025-11-23,17,12,24,22,19,6,14,11,9
account_00000128,2025-11-24,20,14,33,30,29,15,20,13,9
account_00000128,2025-12-08,27,19,57,58,52,17,20,12,8
account_00000128,2025-12-12,18,13,23,26,22,14,13,8,7
account_00000128,2025-12-18,30,22,60,48,41,23,11,20,10
account_00000128,2025-12-20,23,17,36,30,26,4,17,8,9
account_00000128,2026-01-07,19,14,19,30,27,10,17,10,8
account_00000128,2026-01-13,26,19,52,42,37,21,20,18,8
account_00000128,2026-01-21,30,22,35,40,34,16,15,12,10
account_00000128,2026-01-26,21,15,38,34,30,22,16,14,8
account_00000128,2026-02-03,27,19,33,43,40,25,13,14,10
account_00000128,2026-02-05,30,22,40,35,34,19,19,24,9
account_00000128,2026-02-07,13,9,25,16,14,10,21,3,10
account_00000128,2026-02-20,18,13,23,29,27,10,16,18,9
account_00000128,2026-03-04,20,14,34,24,22,10,13,13,9
account_00000128,2026-03-06,12,9,16,22,20,7,17,5,9
account_00000128,2026-03-12,17,12,27,30,27,18,20,20,10
account_00000128,2026-03-21,22,16,30,30,29,22,23,16,10
account_00000128,2026-04-04,16,12,25,24,23,16,13,15,9
account_00000128,2026-04-08,17,12,25,30,28,18,17,12,8
account_00000128,2026-04-09,33,24,49,59,51,18,13,24,10
account_00000128,2026-04-25,31,22,51,54,48,21,18,24,9
account_00000128,2026-05-08,16,12,30,28,25,13,17,14,9
account_00000128,2026-05-26,28,20,33,32,28,16,18,17,10
account_00000128,2026-05-27,22,16,35,41,36,18,17,14,8
account_00000128,2026-05-30,24,17,38,38,32,18,14,11,8
account_00000128,2026-06-01,29,21,44,49,44,14,26,22,6
account_00000128,2026-06-09,32,23,54,46,43,28,15,21,10
account_00000128,2026-06-26,30,22,55,32,28,13,13,10,9
account_00000128,2026-06-30,13,9,23,18,16,8,12,15,8
account_00000129,2025-06-05,2,1,2,2,2,1,0,1,5
account_00000129,2025-06-14,1,1,2,1,1,0,0,2,6
account_00000129,2025-06-19,1,1,1,1,1,1,0,2,5
account_00000129,2025-06-20,1,1,1,0,0,0,0,0,9
account_00000129,2025-07-02,1,1,1,1,1,0,0,1,6
account_00000129,2025-07-07,1,1,2,0,0,0,0,0,6
account_00000129,2025-07-24,1,1,6,0,0,0,0,0,6
account_00000129,2025-07-28,2,1,3,1,1,0,0,2,5
account_00000129,2025-08-04,2,1,6,0,0,0,0,0,6
account_00000129,2025-08-08,2,1,6,5,4,0,0,2,6
account_00000129,2025-08-12,1,1,1,1,1,0,0,3,7
account_00000129,2025-08-27,2,1,5,2,2,0,0,2,7
account_00000129,2025-09-03,2,1,2,4,3,1,0,3,6
account_00000129,2025-09-13,1,1,2,0,0,0,0,0,6
account_00000129,2025-09-14,2,1,4,2,2,0,0,2,7
account_00000129,2025-09-16,1,1,4,1,1,0,0,0,7
account_00000129,2025-10-06,3,2,3,1,1,0,0,1,8
account_00000129,2025-10-09,2,1,3,1,1,1,0,0,7
account_00000129,2025-10-26,2,1,3,2,2,0,0,0,7
account_00000129,2025-10-31,3,2,4,2,2,1,0,1,7
account_00000129,2025-11-06,3,2,4,0,0,0,0,0,8
account_00000129,2025-11-08,3,2,3,2,2,0,0,2,8
account_00000129,2025-11-22,1,1,3,0,0,0,0,0,7
account_00000129,2025-11-26,1,1,4,1,1,0,0,1,5
account_00000129,2025-12-05,2,1,3,1,1,0,0,0,7
account_00000129,2025-12-13,1,1,2,0,0,0,0,0,8
account_00000129,2025-12-25,2,1,2,4,3,1,0,0,7
account_00000129,2025-12-29,1,1,1,0,0,0,0,0,7
account_00000129,2026-01-05,2,1,4,3,3,0,0,1,9
account_00000129,2026-01-06,2,1,5,3,2,1,0,3,10
account_00000129,2026-01-14,2,1,4,1,1,0,0,1,8
account_00000129,2026-01-31,2,1,2,0,0,0,0,0,9
account_00000129,2026-02-01,2,1,4,1,1,0,0,0,7
account_00000129,2026-02-23,3,2,3,3,3,0,0,2,6
account_00000129,2026-02-27,2,1,4,1,1,0,0,2,9
account_00000129,2026-02-28,2,1,3,1,1,0,0,2,7
account_00000129,2026-03-04,1,1,2,1,1,1,0,0,6
account_00000129,2026-03-24,1,1,1,0,0,0,0,0,8
account_00000129,2026-03-27,2,1,4,2,2,0,0,2,5
account_00000129,2026-03-31,2,1,3,5,5,2,0,3,9
account_00000129,2026-04-04,3,2,11,1,1,0,0,0,6
account_00000129,2026-04-17,1,1,1,0,0,0,0,0,7
account_00000129,2026-04-22,2,1,5,1,1,0,0,0,5
account_00000129,2026-04-27,3,2,9,0,0,0,0,0,7
account_00000129,2026-05-03,1,1,1,0,0,0,0,0,7
account_00000129,2026-05-11,3,2,7,1,1,0,0,1,8
account_00000129,2026-05-27,2,1,6,1,1,0,0,0,6
account_00000129,2026-05-28,2,1,2,4,3,1,0,3,7
account_00000129,2026-06-12,3,2,7,4,3,0,0,0,4
account_00000129,2026-06-14,3,2,10,3,2,0,0,0,7
account_00000129,2026-06-24,2,1,5,0,0,0,0,1,7
account_00000129,2026-06-30,1,1,2,1,1,0,0,0,5
account_00000130,2025-10-20,1,1,1,1,1,0,0,1,6
account_00000130,2025-10-24,1,1,1,1,1,0,0,0,7
account_00000130,2025-10-25,1,1,3,1,1,1,0,2,6
account_00000130,2025-10-27,1,1,1,1,1,1,0,0,7
account_00000130,2025-11-06,1,1,1,1,1,1,0,0,7
account_00000130,2025-11-09,1,1,1,0,0,0,0,0,8
account_00000130,2025-11-12,1,1,2,0,0,0,0,1,5
account_00000130,2025-11-17,1,1,1,1,1,0,0,0,5
account_00000130,2025-12-05,1,1,2,0,0,0,0,0,8
account_00000130,2025-12-13,1,1,2,1,1,0,0,0,7
account_00000130,2025-12-18,1,1,1,2,2,0,0,3,8
account_00000130,2025-12-21,1,1,2,1,1,1,0,0,9
account_00000130,2026-01-03,1,1,2,2,2,0,0,3,6
account_00000130,2026-01-14,1,1,1,1,1,0,0,1,6
account_00000130,2026-01-17,1,1,1,1,1,0,0,0,6
account_00000130,2026-01-23,1,1,4,1,1,0,0,0,4
account_00000131,2025-05-02,26,16,41,53,47,21,78,30,10
account_00000131,2025-05-19,28,17,29,56,51,30,62,20,10
account_00000131,2025-05-21,15,9,30,38,37,14,71,16,10
account_00000131,2025-05-26,14,9,37,30,29,18,84,13,10
account_00000131,2025-06-02,24,15,55,54,48,28,78,20,10
account_00000131,2025-06-03,18,11,47,49,43,25,74,31,10
account_00000131,2025-06-09,26,16,67,57,49,29,75,18,10
account_00000131,2025-06-15,17,11,45,30,26,15,75,9,10
account_00000131,2025-07-13,13,8,22,34,33,16,80,19,10
account_00000131,2025-07-21,19,12,38,47,45,21,78,24,10
account_00000131,2025-07-28,20,12,40,57,55,25,77,24,10
account_00000131,2025-07-30,27,17,55,65,58,28,79,27,10
account_00000131,2025-08-09,18,11,30,49,47,22,73,25,10
account_00000131,2025-08-17,15,9,35,27,25,14,71,10,10
account_00000131,2025-08-19,24,15,24,60,57,29,73,24,10
account_00000131,2025-08-23,20,12,36,47,41,19,77,20,10
account_00000131,2025-09-19,32,20,47,72,65,27,68,23,10
account_00000131,2025-09-24,20,12,47,56,49,32,77,22,10
account_00000131,2025-09-25,17,11,23,31,29,19,67,14,10
account_00000131,2025-09-27,29,18,43,75,69,29,86,40,10
account_00000131,2025-10-08,28,17,59,70,62,35,79,21,10
account_00000131,2025-10-13,26,16,38,59,54,25,85,33,10
account_00000131,2025-10-14,24,15,25,61,56,29,81,35,10
account_00000131,2025-10-21,33,20,37,77,66,30,76,29,10
account_00000131,2025-11-06,27,17,63,62,52,26,80,21,10
account_00000131,2025-11-09,26,16,28,54,48,22,91,16,10
account_00000131,2025-11-11,33,20,68,80,74,32,84,34,10
account_00000131,2025-11-30,30,19,41,66,56,34,77,18,10
account_00000131,2025-12-03,17,11,27,37,33,14,74,15,10
account_00000131,2025-12-07,32,20,33,74,68,27,91,37,10
account_00000131,2025-12-08,19,12,20,48,46,21,83,17,10
account_00000131,2025-12-24,30,19,49,74,68,38,77,31,10
account_00000131,2026-01-09,12,7,27,22,20,10,71,11,10
account_00000131,2026-01-16,28,17,73,56,50,25,87,24,10
account_00000131,2026-01-20,15,9,41,27,25,16,76,10,10
account_00000131,2026-01-30,17,11,31,35,29,22,92,12,10
account_00000131,2026-02-04,28,17,39,64,63,31,79,29,10
account_00000131,2026-02-11,18,11,30,44,40,16,81,17,10
account_00000131,2026-02-18,28,17,62,60,52,25,68,26,10
account_00000131,2026-02-22,19,12,23,52,44,21,76,22,10
account_00000131,2026-03-09,12,7,12,33,32,15,85,16,10
account_00000131,2026-03-17,33,20,37,71,62,34,72,26,10
account_00000131,2026-03-26,30,19,46,61,54,28,71,31,10
account_00000131,2026-03-29,22,14,32,50,48,29,77,32,10
account_00000131,2026-04-04,33,20,47,81,79,33,75,29,10
account_00000131,2026-04-06,13,8,17,34,32,10,69,9,10
account_00000131,2026-04-18,15,9,39,35,31,19,83,15,10
account_00000131,2026-04-23,25,16,48,55,50,25,75,29,10
account_00000131,2026-05-06,24,15,31,62,57,34,69,28,10
account_00000131,2026-05-12,28,17,35,76,70,32,67,36,10
account_00000131,2026-05-17,16,10,33,35,33,15,74,14,10
account_00000131,2026-05-22,20,12,45,54,48,35,78,19,10
account_00000131,2026-06-04,17,11,28,43,40,24,75,20,10
account_00000131,2026-06-12,13,8,14,26,25,12,76,9,10
account_00000131,2026-06-13,26,16,45,58,54,30,108,35,10
account_00000131,2026-06-30,28,17,29,56,51,33,78,26,10
account_00000134,2024-06-04,30,22,66,51,47,25,78,16,10
account_00000134,2024-06-08,33,24,46,60,56,33,85,35,10
account_00000134,2024-06-24,15,11,35,24,23,11,88,9,10
account_00000134,2024-06-27,21,15,61,54,53,21,87,21,10
account_00000134,2024-07-05,17,12,46,25,24,13,81,10,10
account_00000134,2024-07-06,30,22,64,54,44,24,104,19,10
account_00000134,2024-07-10,16,12,26,33,32,14,67,16,10
account_00000134,2024-07-28,21,15,25,34,26,17,76,12,10
account_00000134,2024-08-01,30,22,40,56,55,27,81,29,10
account_00000134,2024-08-16,21,15,46,39,35,19,93,16,10
account_00000134,2024-08-17,29,21,62,52,43,24,68,14,10
account_00000134,2024-08-30,15,11,29,30,27,14,69,11,10
account_00000134,2024-09-04,18,13,23,35,31,17,75,12,10
account_00000134,2024-09-14,15,11,16,28,26,19,78,12,10
account_00000134,2024-09-27,19,14,46,45,41,19,76,15,10
account_00000134,2024-09-28,21,15,37,46,38,25,89,18,10
account_00000134,2024-10-10,25,18,51,51,46,26,86,25,10
account_00000134,2024-10-20,20,14,36,40,34,19,60,11,10
account_00000134,2024-10-25,14,10,18,21,20,10,82,12,10
account_00000134,2024-10-27,25,18,65,36,32,12,84,15,10
account_00000134,2024-11-03,12,9,14,22,20,9,94,8,10
account_00000134,2024-11-05,15,11,25,35,32,17,80,12,10
account_00000134,2024-11-11,23,17,41,55,48,23,89,29,10
account_00000134,2024-11-20,22,16,42,41,36,26,100,11,10
account_00000134,2024-12-10,22,16,49,41,35,21,67,17,10
account_00000134,2024-12-12,18,13,28,25,23,8,82,16,10
account_00000134,2024-12-19,22,16,22,35,34,17,84,23,10
account_00000134,2024-12-27,25,18,51,45,43,17,83,17,10
account_00000134,2025-01-09,32,23,78,55,48,26,101,26,10
account_00000134,2025-01-11,18,13,22,42,41,30,79,21,10
account_00000134,2025-01-24,17,12,22,28,25,12,73,6,10
account_00000134,2025-01-31,12,9,29,30,28,17,85,11,10
account_00000134,2025-02-02,12,9,17,18,16,6,73,3,10
account_00000134,2025-02-12,32,23,82,65,58,34,80,19,10
account_00000134,2025-02-14,15,11,30,37,35,22,77,25,10
account_00000134,2025-02-18,21,15,36,47,42,15,84,13,10
account_00000134,2025-03-04,16,12,32,30,28,17,74,11,10
account_00000134,2025-03-10,19,14,25,43,39,14,70,15,10
account_00000134,2025-03-23,29,21,37,80,70,40,62,22,10
account_00000134,2025-03-26,12,9,12,23,22,11,108,12,10
account_00000134,2025-04-18,20,14,35,36,34,18,66,13,10
account_00000134,2025-04-20,20,14,26,42,34,24,81,18,10
account_00000134,2025-04-24,28,20,53,59,55,34,77,27,10
account_00000134,2025-04-30,22,16,41,39,36,21,65,11,10
account_00000134,2025-05-10,31,22,62,58,55,22,86,21,10
account_00000134,2025-05-12,18,13,18,36,32,17,84,12,10
account_00000134,2025-05-20,21,15,32,36,35,16,92,16,10
account_00000134,2025-05-28,22,16,45,47,41,26,69,18,10
account_00000134,2025-06-02,23,17,40,40,37,26,82,18,10
account_00000134,2025-06-05,19,14,20,29,28,9,80,11,10
account_00000134,2025-06-10,26,19,45,52,49,29,85,28,10
account_00000134,2025-06-14,23,17,42,47,39,22,81,24,10
account_00000134,2025-07-08,28,20,54,52,44,26,75,24,10
account_00000134,2025-07-09,16,12,16,32,28,11,86,15,10
account_00000134,2025-07-11,24,17,59,46,43,20,80,24,10
account_00000134,2025-07-30,12,9,25,31,30,3,77,15,10
account_00000134,2025-08-02,20,14,29,38,34,22,80,16,10
account_00000134,2025-08-11,27,19,61,46,45,16,75,24,10
account_00000134,2025-08-12,24,17,29,46,42,27,74,22,10
account_00000134,2025-08-22,13,9,25,23,21,14,78,11,10
account_00000134,2025-09-04,26,19,67,47,43,16,81,24,10
account_00000134,2025-09-06,29,21,62,61,53,31,81,27,10
account_00000134,2025-09-24,23,17,29,37,32,19,74,15,10
account_00000134,2025-09-29,14,10,22,21,20,9,86,10,8
account_00000134,2025-10-03,17,12,25,40,34,13,78,13,10
account_00000134,2025-10-13,22,16,41,46,40,23,80,20,10
account_00000134,2025-10-18,19,14,29,40,37,22,78,14,10
account_00000134,2025-10-31,30,22,80,70,66,35,80,26,10
account_00000134,2025-11-07,15,11,16,15,14,12,67,3,10
account_00000134,2025-11-10,12,9,33,24,22,14,77,8,10
account_00000134,2025-11-15,19,14,31,39,36,12,68,13,10
account_00000134,2025-11-21,27,19,27,65,55,36,90,17,10
account_00000134,2025-12-05,16,12,44,29,26,4,74,10,10
account_00000134,2025-12-08,31,22,64,63,55,38,76,30,10
account_00000134,2025-12-15,30,22,36,54,50,21,67,27,10
account_00000134,2025-12-21,22,16,36,27,24,15,72,13,10
account_00000134,2026-01-14,19,14,27,35,33,13,81,12,10
account_00000134,2026-01-15,22,16,22,48,41,20,79,18,10
account_00000134,2026-01-20,22,16,33,45,41,16,84,18,10
account_00000134,2026-01-26,22,16,43,39,36,23,69,16,10
account_00000134,2026-02-05,20,14,40,31,28,23,70,14,10
account_00000134,2026-02-12,19,14,42,40,36,26,74,14,10
account_00000134,2026-02-16,14,10,26,27,25,12,86,7,10
account_00000134,2026-02-28,22,16,47,42,36,21,92,17,10
account_00000134,2026-03-15,25,18,43,40,36,15,87,13,10
account_00000134,2026-03-27,18,13,28,28,26,10,86,15,10
account_00000134,2026-03-28,16,12,27,33,29,13,63,14,10
account_00000134,2026-03-29,25,18,61,48,44,24,89,19,10
account_00000134,2026-04-05,20,14,21,45,39,25,93,16,10
account_00000134,2026-04-13,22,16,43,55,50,20,78,26,10
account_00000134,2026-04-21,24,17,56,43,38,19,70,17,10
account_00000134,2026-04-27,13,9,31,28,24,9,69,11,10
account_00000134,2026-05-01,20,14,45,35,33,18,83,8,10
account_00000134,2026-05-08,13,9,27,27,25,17,78,9,10
account_00000134,2026-05-11,22,16,42,50,46,28,77,19,10
account_00000134,2026-05-14,28,20,54,48,43,26,70,21,10
account_00000134,2026-06-07,33,24,50,70,68,38,78,20,10
account_00000134,2026-06-10,26,19,61,45,43,24,87,19,10
account_00000134,2026-06-21,22,16,31,53,46,21,69,28,10
account_00000134,2026-06-23,29,21,64,56,50,18,67,21,10
account_00000135,2025-08-05,1,1,1,1,1,2,0,1,8
account_00000135,2025-08-07,1,1,3,0,0,0,0,0,7
account_00000135,2025-08-25,1,1,1,2,1,1,0,0,5
account_00000135,2025-08-27,1,1,2,0,0,0,0,0,6
account_00000135,2025-09-08,1,1,1,0,0,0,0,0,4
account_00000135,2025-09-14,1,1,1,1,1,1,0,0,7
account_00000135,2025-09-21,1,1,1,1,1,0,0,2,8
account_00000135,2025-09-24,1,1,1,0,0,0,0,0,7
account_00000135,2025-10-03,1,1,1,1,1,0,0,0,8
account_00000135,2025-10-10,1,1,1,2,2,0,0,0,8
account_00000135,2025-10-20,1,1,1,0,0,0,0,0,8
account_00000135,2025-10-25,1,1,3,1,1,0,0,1,8
account_00000135,2025-11-05,1,1,1,2,2,0,0,1,6
account_00000135,2025-11-11,1,1,1,1,1,0,0,1,5
account_00000135,2025-11-13,1,1,6,0,0,0,0,1,5
account_00000135,2025-11-21,1,1,1,0,0,0,0,0,6
account_00000135,2025-12-10,1,1,3,1,1,0,0,0,7
account_00000135,2025-12-23,1,1,1,0,0,0,0,0,8
account_00000135,2025-12-25,1,1,1,1,1,0,0,0,7
account_00000135,2025-12-28,1,1,1,1,1,0,0,2,8
account_00000135,2026-01-02,1,1,1,1,1,0,0,1,7
account_00000135,2026-01-09,1,1,1,1,1,1,0,2,7
account_00000135,2026-01-11,1,1,1,0,0,0,0,0,8
account_00000135,2026-01-15,1,1,3,1,1,1,0,0,6
account_00000135,2026-02-14,1,1,1,1,1,0,0,0,8
account_00000135,2026-02-22,1,1,1,0,0,0,0,0,8
account_00000135,2026-02-23,1,1,2,1,1,0,0,0,5
account_00000135,2026-02-25,1,1,1,1,1,0,0,0,7
account_00000135,2026-03-11,1,1,4,0,0,0,0,0,8
account_00000135,2026-03-12,1,1,1,1,1,0,0,1,6
account_00000135,2026-03-19,1,1,3,1,1,0,0,1,7
account_00000135,2026-03-21,1,1,1,1,1,0,0,0,7
account_00000135,2026-04-06,1,1,1,0,0,0,0,0,8
account_00000135,2026-04-08,1,1,2,1,1,1,0,0,7
account_00000135,2026-04-21,1,1,2,1,1,0,0,0,8
account_00000135,2026-04-27,1,1,2,1,1,0,0,1,8
account_00000135,2026-05-01,1,1,1,0,0,0,0,0,6
account_00000135,2026-05-07,1,1,4,0,0,0,0,0,7
account_00000135,2026-05-12,1,1,1,1,1,1,0,0,8
account_00000135,2026-05-27,1,1,2,0,0,0,0,0,7
account_00000135,2026-06-11,1,1,1,0,0,0,0,0,7
account_00000135,2026-06-14,1,1,1,0,0,0,0,0,5
account_00000135,2026-06-16,1,1,5,0,0,0,0,0,7
account_00000135,2026-06-20,1,1,1,0,0,0,0,0,6
account_00000136,2024-09-08,13,9,19,17,14,2,0,9,7
account_00000136,2024-09-24,27,19,54,53,45,13,0,18,7
account_00000136,2024-09-25,17,12,21,26,22,4,0,5,7
account_00000136,2024-09-29,15,11,23,24,21,3,0,11,9
account_00000136,2024-10-04,22,16,50,31,28,6,0,13,9
account_00000136,2024-10-12,24,17,49,31,29,6,0,10,10
account_00000136,2024-10-16,25,18,68,44,39,13,0,24,8
account_00000136,2024-10-26,15,11,20,18,15,2,0,5,10
account_00000136,2024-11-08,15,11,25,17,15,6,0,7,8
account_00000136,2024-11-19,14,10,28,17,15,4,0,6,9
account_00000136,2024-11-25,19,14,33,27,24,2,0,8,7
account_00000136,2024-11-27,32,23,57,54,47,7,0,24,10
account_00000136,2024-12-03,16,12,19,19,15,3,0,5,9
account_00000136,2024-12-13,21,15,45,37,32,9,0,19,7
account_00000136,2024-12-14,19,14,50,25,21,2,0,6,7
account_00000136,2024-12-26,21,15,27,34,29,11,0,9,6
account_00000136,2025-01-08,13,9,31,18,15,6,0,12,8
account_00000136,2025-01-09,17,12,21,27,21,8,0,14,6
account_00000136,2025-01-12,30,22,52,45,36,16,0,14,9
account_00000136,2025-01-18,19,14,31,30,23,4,0,13,7
account_00000136,2025-02-06,33,24,62,51,50,16,0,22,10
account_00000136,2025-02-08,25,18,53,31,29,6,0,16,8
account_00000136,2025-02-20,25,18,72,34,31,1,0,20,7
account_00000136,2025-02-25,28,20,54,38,37,5,0,13,10
account_00000136,2025-03-01,33,24,77,59,49,13,0,24,7
account_00000136,2025-03-08,31,22,66,41,38,3,0,33,9
account_00000136,2025-03-24,15,11,44,30,25,2,0,4,9
account_00000136,2025-03-31,24,17,29,35,30,10,0,14,8
account_00000136,2025-04-11,23,17,34,21,19,6,0,7,8
account_00000136,2025-04-25,29,21,40,48,43,12,0,23,9
account_00000136,2025-04-27,17,12,22,23,21,6,0,14,9
account_00000136,2025-04-29,14,10,20,23,22,6,0,11,10
account_00000136,2025-05-06,13,9,18,14,12,6,0,4,8
account_00000136,2025-05-14,31,22,53,54,42,10,0,26,9
account_00000136,2025-05-24,17,12,32,30,26,6,0,5,7
account_00000136,2025-05-30,25,18,40,31,27,8,0,19,7
account_00000136,2025-06-10,30,22,39,42,36,13,0,13,9
account_00000136,2025-06-16,16,12,28,20,18,5,0,2,9
account_00000136,2025-06-24,13,9,25,18,16,3,0,4,8
account_00000136,2025-06-25,23,17,44,26,24,6,0,8,6
account_00000136,2025-07-09,17,12,17,26,23,6,0,11,6
account_00000136,2025-07-11,30,22,35,39,35,4,0,18,10
account_00000136,2025-07-22,29,21,38,37,33,12,0,15,6
account_00000136,2025-07-24,21,15,23,33,29,5,0,12,8
account_00000136,2025-08-01,23,17,28,34,30,9,0,15,7
account_00000136,2025-08-06,26,19,31,39,33,16,0,12,8
account_00000136,2025-08-17,33,24,73,43,35,8,0,18,8
account_00000136,2025-08-19,18,13,34,30,28,5,0,18,8
account_00000136,2025-09-08,14,10,14,20,17,6,0,7,7
account_00000136,2025-09-13,29,21,41,49,43,11,0,19,8
account_00000136,2025-09-16,13,9,21,17,15,3,0,7,8
account_00000136,2025-09-21,16,12,16,17,15,4,0,10,10
account_00000136,2025-10-01,22,16,22,34,29,3,0,10,7
account_00000136,2025-10-03,19,14,37,29,22,5,0,12,9
account_00000136,2025-10-18,20,14,35,26,22,10,0,11,8
account_00000136,2025-10-29,19,14,37,33,27,7,0,8,9
account_00000136,2025-11-05,31,22,75,39,35,9,0,11,8
account_00000136,2025-11-21,18,13,36,24,21,9,0,12,7
account_00000136,2025-11-22,23,17,23,34,33,7,0,14,8
account_00000136,2025-11-27,23,17,32,31,26,6,0,12,8
account_00000136,2025-12-06,33,24,72,49,42,6,0,22,6
account_00000136,2025-12-11,29,21,57,49,45,8,0,24,5
account_00000136,2025-12-18,17,12,42,33,30,3,0,14,7
account_00000136,2025-12-22,33,24,56,49,46,8,0,27,9
account_00000136,2026-01-09,22,16,26,34,28,13,0,16,8
account_00000136,2026-01-21,30,22,70,38,36,14,0,16,8
account_00000136,2026-01-22,15,11,39,21,19,2,0,10,7
account_00000136,2026-01-25,33,24,56,48,43,14,0,21,9
account_00000136,2026-02-04,20,14,30,20,19,5,0,8,9
account_00000136,2026-02-17,26,19,37,40,33,10,0,19,9
account_00000136,2026-02-22,15,11,15,19,16,3,0,8,10
account_00000136,2026-02-24,20,14,43,25,22,4,0,13,7
account_00000136,2026-03-01,29,21,68,46,45,15,0,19,10
account_00000136,2026-03-06,16,12,29,17,16,5,0,2,10
account_00000136,2026-03-10,26,19,31,40,34,16,0,14,9
account_00000136,2026-03-31,19,14,21,37,31,6,0,15,9
account_00000136,2026-04-03,25,18,60,44,35,10,0,14,10
account_00000136,2026-04-10,25,18,44,45,44,5,0,21,8
account_00000136,2026-04-21,28,20,61,44,40,14,0,8,8
account_00000136,2026-04-28,19,14,19,30,24,10,0,8,9
account_00000136,2026-05-14,13,9,29,19,16,2,0,10,8
account_00000136,2026-05-17,23,17,55,28,23,10,0,12,8
account_00000136,2026-05-19,13,9,13,16,14,3,0,4,7
account_00000136,2026-05-26,18,13,28,26,22,3,0,8,9
account_00000136,2026-06-03,33,24,48,47,37,6,0,23,9
account_00000136,2026-06-05,31,22,56,47,43,8,0,13,6
account_00000136,2026-06-11,31,22,49,50,41,7,0,23,8
account_00000136,2026-06-26,23,17,51,32,30,8,0,15,7
account_00000137,2025-11-11,3,2,9,5,4,3,38,2,8
account_00000137,2025-11-16,4,3,5,4,4,2,36,2,9
account_00000137,2025-11-19,3,2,3,3,2,2,23,0,9
account_00000137,2025-11-25,4,3,9,3,2,0,33,1,9
account_00000137,2025-12-12,4,3,5,4,3,2,28,1,10
account_00000137,2025-12-18,3,2,5,5,4,2,34,0,10
account_00000137,2025-12-28,6,4,9,5,4,3,38,2,9
account_00000137,2025-12-29,5,4,5,5,4,1,30,1,10
account_00000137,2026-01-07,6,4,6,7,6,2,27,1,10
account_00000137,2026-01-10,5,4,7,3,3,0,30,1,9
account_00000137,2026-01-22,5,4,6,5,4,2,26,0,9
account_00000137,2026-01-30,4,3,8,7,6,6,25,7,10
account_00000137,2026-02-06,6,4,13,7,7,5,43,1,10
account_00000137,2026-02-11,5,4,8,3,3,1,39,1,10
account_00000137,2026-02-18,4,3,6,2,2,0,37,2,10
account_00000137,2026-02-22,6,4,14,8,7,4,36,5,10
account_00000137,2026-03-13,5,4,5,5,4,0,36,2,10
account_00000137,2026-03-15,4,3,4,5,5,1,33,3,10
account_00000137,2026-03-17,4,3,5,6,5,1,34,1,10
account_00000137,2026-03-22,3,2,9,3,3,2,32,2,9
account_00000137,2026-04-06,5,4,6,6,5,0,32,2,10
account_00000137,2026-04-18,5,4,10,3,2,2,39,1,10
account_00000137,2026-04-27,6,4,9,6,5,1,22,4,10
account_00000137,2026-04-29,3,2,3,3,3,1,27,1,9
account_00000137,2026-05-05,6,4,6,8,7,3,34,6,10
account_00000137,2026-05-16,4,3,4,4,4,1,42,3,10
account_00000137,2026-05-27,4,3,5,4,4,1,40,0,10
account_00000137,2026-05-31,5,4,13,5,5,3,38,4,10
account_00000137,2026-06-05,6,4,8,6,5,3,51,4,9
account_00000137,2026-06-07,4,3,4,3,3,2,35,2,10
account_00000137,2026-06-21,4,3,11,3,3,3,34,1,10
account_00000137,2026-06-24,3,2,8,1,1,1,42,1,10
account_00000138,2024-11-05,10,7,19,12,10,2,0,4,9
account_00000138,2024-11-14,4,3,7,3,2,2,0,3,8
account_00000138,2024-11-19,7,5,16,6,5,1,0,4,7
account_00000138,2024-11-29,9,6,29,11,10,2,0,0,8
account_00000138,2024-12-04,5,4,5,10,7,2,0,3,7
account_00000138,2024-12-11,5,4,10,5,4,1,0,1,6
account_00000138,2024-12-21,5,4,5,0,0,0,0,0,8
account_00000138,2024-12-22,7,5,8,5,4,2,0,2,6
account_00000138,2025-01-01,10,7,18,10,8,1,0,4,8
account_00000138,2025-01-14,9,6,16,9,7,0,0,2,8
account_00000138,2025-01-18,7,5,13,7,6,2,0,0,6
account_00000138,2025-01-29,10,7,15,10,9,5,0,3,7
account_00000138,2025-02-13,7,5,10,4,3,1,0,2,10
account_00000138,2025-02-14,9,6,12,13,11,5,0,2,7
account_00000138,2025-02-24,8,6,19,10,9,2,0,1,6
account_00000138,2025-02-27,9,6,16,9,8,1,0,6,8
account_00000138,2025-03-03,7,5,9,8,8,1,0,7,8
account_00000138,2025-03-13,5,4,12,7,6,2,0,3,7
account_00000138,2025-03-15,5,4,6,5,4,1,0,2,9
account_00000138,2025-03-16,9,6,19,7,6,2,0,4,8
account_00000138,2025-04-02,8,6,20,13,11,3,0,6,9
account_00000138,2025-04-06,7,5,12,10,9,1,0,5,8
account_00000138,2025-04-14,9,6,19,10,8,6,0,1,9
account_00000138,2025-04-30,6,4,6,7,6,1,0,1,9
account_00000138,2025-05-02,7,5,13,3,3,0,0,1,9
account_00000138,2025-05-18,7,5,11,11,10,4,0,3,7
account_00000138,2025-05-21,5,4,10,6,5,0,0,2,7
account_00000138,2025-05-25,10,7,12,12,10,3,0,2,7
account_00000138,2025-06-11,11,8,21,14,12,0,0,8,7
account_00000138,2025-06-12,5,4,5,6,5,2,0,2,7
account_00000138,2025-06-23,8,6,8,9,8,1,0,6,9
account_00000138,2025-06-25,7,5,16,11,10,3,0,7,7
account_00000138,2025-07-01,11,8,27,11,10,2,0,2,7
account_00000138,2025-07-12,10,7,21,7,6,2,0,5,7
account_00000138,2025-07-13,7,5,10,9,8,2,0,3,8
account_00000138,2025-07-15,12,9,24,18,17,2,0,6,8
account_00000138,2025-08-08,6,4,12,9,8,2,0,8,8
account_00000138,2025-08-12,7,5,13,7,6,2,0,0,8
account_00000138,2025-08-17,7,5,7,6,6,2,0,1,8
account_00000138,2025-08-28,8,6,19,6,5,1,0,3,8
account_00000138,2025-09-03,6,4,23,6,6,1,0,2,10
account_00000138,2025-09-21,9,6,17,13,11,0,0,4,9
account_00000138,2025-09-23,8,6,22,10,9,1,0,6,10
account_00000138,2025-09-30,9,6,15,8,7,2,0,1,8
account_00000138,2025-10-01,4,3,10,3,3,1,0,0,8
account_00000138,2025-10-14,5,4,11,8,7,1,0,6,7
account_00000138,2025-10-21,5,4,12,6,5,1,0,3,10
account_00000138,2025-10-29,10,7,17,12,11,4,0,6,7
account_00000138,2025-11-14,6,4,8,10,8,6,0,7,8
account_00000138,2025-11-19,9,6,11,8,7,2,0,3,7
account_00000138,2025-11-26,6,4,6,6,5,1,0,4,7
account_00000138,2025-11-29,8,6,17,6,5,0,0,4,8
account_00000138,2025-12-03,6,4,9,3,2,0,0,1,7
account_00000138,2025-12-08,7,5,16,8,7,1,0,4,9
account_00000138,2025-12-11,7,5,16,6,5,0,0,1,9
account_00000138,2025-12-13,5,4,9,7,6,2,0,1,9
account_00000138,2026-01-03,5,4,9,7,6,2,0,5,8
account_00000138,2026-01-11,8,6,15,11,10,1,0,3,8
account_00000138,2026-01-14,9,6,17,7,6,1,0,5,8
account_00000138,2026-01-25,5,4,16,8,7,2,0,4,9
account_00000138,2026-02-01,11,8,23,9,7,3,0,3,8
account_00000138,2026-02-15,11,8,25,11,11,2,0,8,8
account_00000138,2026-02-23,8,6,15,9,8,1,0,4,10
account_00000138,2026-02-27,7,5,12,6,5,1,0,1,8
account_00000138,2026-03-02,7,5,10,5,4,3,0,0,9
account_00000138,2026-03-04,8,6,12,9,8,5,0,5,8
account_00000138,2026-03-10,7,5,17,7,6,2,0,2,8
account_00000138,2026-03-18,7,5,14,6,5,0,0,2,8
account_00000138,2026-04-04,5,4,5,5,4,4,0,4,9
account_00000138,2026-04-06,9,6,16,12,10,3,0,5,10
account_00000138,2026-04-11,8,6,15,13,11,4,0,5,8
account_00000138,2026-04-14,5,4,6,4,3,2,0,0,9
account_00000138,2026-05-05,4,3,7,6,5,1,0,5,8
account_00000138,2026-05-17,6,4,11,7,6,0,0,1,6
account_00000138,2026-05-21,7,5,7,5,5,0,0,4,5
account_00000138,2026-05-27,7,5,17,5,4,0,0,0,7
account_00000138,2026-06-03,6,4,10,9,8,2,0,0,6
account_00000138,2026-06-08,5,4,7,3,3,0,0,0,8
account_00000138,2026-06-17,6,4,8,8,6,0,0,2,7
account_00000138,2026-06-26,7,5,16,6,5,1,0,3,8
account_00000141,2025-04-02,7,5,21,6,5,2,0,2,6
account_00000141,2025-04-12,7,5,17,11,9,1,0,5,6
account_00000141,2025-04-14,4,3,5,2,2,0,0,1,6
account_00000141,2025-04-27,6,4,14,8,7,1,0,2,8
account_00000141,2025-05-01,4,3,6,7,5,3,0,4,8
account_00000141,2025-05-03,4,3,5,2,1,0,0,2,6
account_00000141,2025-05-08,7,5,11,7,5,0,0,1,5
account_00000141,2025-05-25,4,3,7,4,3,1,0,1,7
account_00000141,2025-06-08,4,3,9,5,4,1,0,1,6
account_00000141,2025-06-17,6,4,10,9,6,0,0,6,4
account_00000141,2025-06-28,3,2,6,8,6,2,0,4,7
account_00000141,2025-06-30,7,5,9,6,5,1,0,2,6
account_00000141,2025-07-03,6,4,13,10,8,3,0,5,7
account_00000141,2025-07-08,7,5,12,8,7,1,0,2,7
account_00000141,2025-07-14,4,3,6,2,2,0,0,2,6
account_00000141,2025-07-29,5,4,5,4,3,0,0,1,7
account_00000141,2025-08-08,5,4,7,4,3,0,0,0,7
account_00000141,2025-08-13,5,4,7,6,4,1,0,0,6
account_00000141,2025-08-22,4,3,8,6,5,3,0,4,6
account_00000141,2025-08-23,8,6,8,5,4,1,0,4,7
account_00000141,2025-09-04,4,3,8,3,2,1,0,2,6
account_00000141,2025-09-06,7,5,9,4,3,0,0,0,6
account_00000141,2025-09-18,7,5,10,6,5,2,0,3,7
account_00000141,2025-09-21,4,3,6,3,2,0,0,0,5
account_00000141,2025-10-03,6,4,15,6,5,2,0,1,8
account_00000141,2025-10-08,4,3,12,3,3,0,0,1,7
account_00000141,2025-10-14,6,4,15,9,7,0,0,2,6
account_00000141,2025-10-27,5,4,15,4,3,0,0,5,6
account_00000141,2025-11-04,3,2,3,1,1,0,0,0,4
account_00000141,2025-11-05,4,3,4,6,5,2,0,3,6
account_00000141,2025-11-11,4,3,9,5,4,0,0,1,7
account_00000141,2025-11-13,5,4,5,7,6,0,0,2,7
account_00000141,2025-12-07,5,4,7,4,3,0,0,0,5
account_00000141,2025-12-16,5,4,14,5,4,0,0,1,7
account_00000141,2025-12-28,6,4,9,6,5,1,0,3,4
account_00000141,2025-12-29,8,6,20,6,5,0,0,1,5
account_00000141,2026-01-06,5,4,15,5,4,3,0,3,7
account_00000141,2026-01-07,5,4,8,9,7,1,0,4,6
account_00000141,2026-01-08,6,4,12,11,9,0,0,2,6
account_00000141,2026-01-12,3,2,9,5,4,2,0,2,4
account_00000141,2026-02-07,8,6,16,3,2,2,0,1,5
account_00000141,2026-02-13,5,4,5,6,5,0,0,5,7
account_00000141,2026-02-16,7,5,12,9,7,3,0,3,7
account_00000141,2026-02-21,8,6,8,5,4,0,0,2,7
account_00000141,2026-03-09,6,4,6,10,9,2,0,5,10
account_00000141,2026-03-16,6,4,7,6,5,0,0,3,8
account_00000141,2026-03-23,9,6,15,12,9,0,0,2,6
account_00000141,2026-03-30,7,5,7,12,9,2,0,4,8
account_00000141,2026-04-01,10,7,19,14,10,2,0,2,7
account_00000141,2026-04-08,9,6,15,5,4,1,0,0,7
account_00000141,2026-04-10,7,5,14,11,9,1,0,4,7
account_00000141,2026-04-13,5,4,16,5,4,1,0,3,6
account_00000141,2026-05-10,7,5,16,9,7,2,0,2,8
account_00000141,2026-05-15,5,4,8,8,6,4,0,3,5
account_00000141,2026-05-16,6,4,6,14,10,5,0,6,5
account_00000141,2026-05-31,3,2,7,5,4,1,0,1,8
account_00000141,2026-06-02,5,4,5,7,5,1,0,4,8
account_00000141,2026-06-03,9,6,18,10,8,3,0,2,7
account_00000141,2026-06-05,9,6,30,8,6,3,0,2,8
account_00000141,2026-06-16,7,5,21,10,8,3,0,5,6
account_00000152,2024-07-13,23,17,38,39,35,20,47,17,10
account_00000152,2024-07-26,25,18,48,49,45,32,52,20,9
account_00000152,2024-07-27,14,10,15,27,23,12,64,10,10
account_00000152,2024-07-28,21,15,27,44,43,24,49,20,9
account_00000152,2024-08-08,26,19,26,50,42,24,42,16,10
account_00000152,2024-08-16,14,10,30,26,22,10,66,11,9
account_00000152,2024-08-17,30,22,48,60,52,23,51,25,10
account_00000152,2024-08-24,26,19,58,63,58,24,41,30,9
account_00000152,2024-09-07,28,20,39,47,43,30,55,21,10
account_00000152,2024-09-13,14,10,32,26,24,13,59,12,10
account_00000152,2024-09-19,21,15,32,39,36,24,78,17,9
account_00000152,2024-09-28,20,14,36,41,35,19,53,18,9
account_00000152,2024-10-02,14,10,23,28,25,21,64,8,10
account_00000152,2024-10-13,32,23,55,59,56,36,59,32,10
account_00000152,2024-10-24,23,17,25,44,39,18,59,14,10
account_00000152,2024-10-30,18,13,27,37,36,20,49,20,10
account_00000152,2024-11-04,26,19,50,56,53,26,45,26,10
account_00000152,2024-11-11,31,22,42,44,39,16,63,15,9
account_00000152,2024-11-20,22,16,38,47,43,20,63,15,10
account_00000152,2024-11-23,15,11,22,25,20,12,61,13,10
account_00000152,2024-12-02,17,12,20,33,30,10,50,10,10
account_00000152,2024-12-04,20,14,31,44,39,20,54,17,10
account_00000152,2024-12-17,22,16,32,43,40,20,57,24,10
account_00000152,2024-12-28,15,11,21,30,28,16,50,11,10
account_00000152,2025-01-04,14,10,21,23,20,12,47,14,10
account_00000152,2025-01-07,27,19,44,57,54,31,59,28,10
account_00000152,2025-01-15,31,22,35,72,68,40,55,26,10
account_00000152,2025-01-27,24,17,43,47,41,24,71,17,10
account_00000152,2025-02-05,31,22,49,74,67,42,53,22,10
account_00000152,2025-02-08,28,20,43,49,42,31,69,19,10
account_00000152,2025-02-18,13,9,18,23,20,9,60,9,10
account_00000152,2025-02-20,18,13,27,39,36,20,60,20,8
account_00000152,2025-03-08,28,20,51,59,56,34,57,30,10
account_00000152,2025-03-12,13,9,25,34,31,18,68,15,10
account_00000152,2025-03-20,24,17,39,53,46,28,45,25,10
account_00000152,2025-03-28,20,14,30,38,35,20,44,17,10
account_00000152,2025-04-01,21,15,36,48,45,19,63,12,10
account_00000152,2025-04-02,28,20,54,55,50,24,50,26,10
account_00000152,2025-04-12,25,18,39,62,58,26,55,25,10
account_00000152,2025-04-18,16,12,16,33,31,15,59,14,9
account_00000152,2025-05-08,26,19,30,54,46,22,61,18,10
account_00000152,2025-05-19,21,15,41,45,40,27,54,26,10
account_00000152,2025-05-21,15,11,27,23,23,6,64,13,9
account_00000152,2025-05-23,18,13,22,20,18,15,55,8,10
account_00000152,2025-06-13,22,16,47,43,42,17,55,26,10
account_00000152,2025-06-20,30,22,52,62,60,37,61,20,10
account_00000152,2025-06-21,17,12,17,32,28,21,47,13,10
account_00000152,2025-06-24,18,13,18,35,30,18,56,15,9
account_00000152,2025-07-09,15,11,15,17,16,6,52,1,10
account_00000152,2025-07-11,19,14,38,42,37,21,52,15,10
account_00000152,2025-07-15,23,17,23,38,34,29,53,27,9
account_00000152,2025-07-17,28,20,66,70,64,29,56,38,10
account_00000152,2025-08-10,23,17,28,40,34,14,76,15,10
account_00000152,2025-08-11,15,11,22,29,26,15,60,9,10
account_00000152,2025-08-18,24,17,33,44,42,19,53,16,10
account_00000152,2025-08-30,21,15,31,41,36,13,60,22,9
account_00000152,2025-09-04,21,15,21,41,39,21,53,18,10
account_00000152,2025-09-10,25,18,33,53,47,27,48,19,10
account_00000152,2025-09-19,29,21,66,64,62,43,64,18,10
account_00000152,2025-09-21,25,18,66,54,49,25,58,13,10
account_00000152,2025-10-07,18,13,23,37,35,17,42,12,10
account_00000152,2025-10-08,23,17,27,39,35,19,49,15,10
account_00000152,2025-10-17,14,10,24,26,25,13,60,13,10
account_00000152,2025-10-26,26,19,48,49,46,14,62,22,9
account_00000152,2025-11-10,17,12,35,27,25,12,53,13,10
account_00000152,2025-11-11,18,13,36,41,39,15,58,15,10
account_00000152,2025-11-27,14,10,25,26,24,8,61,7,10
account_00000152,2025-11-29,13,9,33,24,23,15,56,16,10
account_00000152,2025-12-06,32,23,84,58,54,28,66,27,10
account_00000152,2025-12-14,27,19,49,63,61,22,71,28,10
account_00000152,2025-12-18,15,11,21,23,21,6,55,8,10
account_00000152,2025-12-23,15,11,18,15,14,3,57,6,10
account_00000152,2026-01-11,22,16,47,31,29,18,63,21,10
account_00000152,2026-01-23,17,12,42,24,21,8,55,12,10
account_00000152,2026-01-25,24,17,31,41,37,17,48,21,10
account_00000152,2026-01-28,16,12,27,31,25,20,45,9,10
account_00000152,2026-02-01,25,18,56,53,46,30,65,19,10
account_00000152,2026-02-04,23,17,51,49,46,25,40,16,10
account_00000152,2026-02-27,14,10,20,21,19,12,62,5,10
account_00000152,2026-02-28,29,21,50,64,58,29,55,31,10
account_00000152,2026-03-06,15,11,22,32,29,18,53,16,10
account_00000152,2026-03-16,13,9,19,23,21,7,65,7,10
account_00000152,2026-03-23,27,19,58,48,45,29,57,26,10
account_00000152,2026-03-27,13,9,14,26,23,15,60,11,10
account_00000152,2026-04-03,28,20,33,56,52,22,57,22,10
account_00000152,2026-04-05,26,19,46,39,34,19,64,19,10
account_00000152,2026-04-18,23,17,43,40,36,15,58,17,10
account_00000152,2026-04-29,15,11,15,28,26,23,47,9,9
account_00000152,2026-05-07,25,18,45,38,32,16,51,19,10
account_00000152,2026-05-14,21,15,46,30,28,14,60,11,10
account_00000152,2026-05-17,32,23,70,87,77,52,65,33,10
account_00000152,2026-05-23,18,13,21,58,53,29,52,22,10
account_00000152,2026-06-16,30,22,76,62,53,22,73,29,10
account_00000152,2026-06-17,33,24,33,76,69,42,53,18,10
account_00000152,2026-06-19,30,22,41,47,44,24,51,32,10
account_00000152,2026-06-20,20,14,63,45,39,17,56,20,9
account_00000155,2024-12-05,3,2,3,1,1,0,0,1,6
account_00000155,2024-12-08,3,2,5,1,1,1,0,0,7
account_00000155,2024-12-12,1,1,1,0,0,0,0,0,7
account_00000155,2024-12-18,3,2,5,4,3,1,0,1,8
account_00000155,2025-01-03,1,1,3,2,2,0,0,0,8
account_00000155,2025-01-04,1,1,1,1,1,0,0,0,7
account_00000155,2025-01-25,2,1,2,2,2,0,0,1,6
account_00000155,2025-01-30,1,1,7,1,1,0,0,0,7
account_00000155,2025-02-01,1,1,2,1,1,0,0,1,7
account_00000155,2025-02-04,2,1,5,1,1,1,0,0,6
account_00000155,2025-02-26,1,1,1,2,2,0,0,0,4
account_00000155,2025-02-27,1,1,1,1,1,0,0,0,8
account_00000155,2025-03-01,2,1,4,2,2,2,0,0,7
account_00000155,2025-03-08,1,1,3,0,0,0,0,0,7
account_00000155,2025-03-21,1,1,3,1,1,0,0,2,5
account_00000155,2025-03-24,2,1,5,2,2,0,0,1,6
account_00000155,2025-04-04,1,1,3,3,2,0,0,1,6
account_00000155,2025-04-08,2,1,3,1,1,0,0,0,7
account_00000155,2025-04-10,2,1,7,1,1,0,0,0,5
account_00000155,2025-04-21,2,1,3,2,2,2,0,0,8
account_00000155,2025-05-01,1,1,1,1,1,0,0,0,8
account_00000155,2025-05-06,2,1,2,1,1,0,0,0,5
account_00000155,2025-05-10,1,1,2,0,0,0,0,0,6
account_00000155,2025-05-19,2,1,5,2,2,1,0,0,5
account_00000155,2025-06-08,2,1,7,1,1,0,0,1,8
account_00000155,2025-06-15,3,2,11,2,2,1,0,0,7
account_00000155,2025-06-19,2,1,5,1,1,0,0,0,8
account_00000155,2025-06-23,2,1,4,1,1,0,0,0,8
account_00000155,2025-07-04,1,1,3,1,1,0,0,2,9
account_00000155,2025-07-07,1,1,1,0,0,0,0,0,7
account_00000155,2025-07-11,1,1,5,0,0,0,0,0,7
account_00000155,2025-07-22,2,1,2,0,0,0,0,0,6
account_00000155,2025-08-19,2,1,8,1,1,1,0,1,7
account_00000155,2025-08-23,2,1,3,2,2,1,0,1,6
account_00000155,2025-08-24,2,1,2,1,1,0,0,0,5
account_00000155,2025-08-27,2,1,2,1,1,0,0,0,5
account_00000155,2025-09-02,2,1,2,1,1,2,0,0,6
account_00000155,2025-09-08,2,1,2,1,1,0,0,0,7
account_00000155,2025-09-25,2,1,3,0,0,0,0,0,6
account_00000155,2025-09-27,2,1,3,1,1,0,0,0,7
account_00000155,2025-10-04,1,1,2,1,1,0,0,0,7
account_00000155,2025-10-11,1,1,2,0,0,0,0,0,7
account_00000155,2025-10-24,1,1,4,1,1,0,0,0,7
account_00000155,2025-10-26,1,1,3,1,1,2,0,2,7
account_00000155,2025-11-04,2,1,4,0,0,0,0,0,6
account_00000155,2025-11-08,2,1,2,0,0,0,0,0,7
account_00000155,2025-11-17,1,1,2,0,0,0,0,0,7
account_00000155,2025-11-30,2,1,4,0,0,0,0,0,7
account_00000155,2025-12-01,1,1,1,0,0,0,0,0,8
account_00000155,2025-12-08,2,1,2,0,0,0,0,0,9
account_00000155,2025-12-10,1,1,3,0,0,0,0,0,6
account_00000155,2025-12-20,2,1,10,0,0,0,0,0,7
account_00000155,2026-01-03,2,1,2,0,0,0,0,0,7
account_00000155,2026-01-06,2,1,2,2,2,0,0,0,8
account_00000155,2026-01-20,2,1,5,0,0,0,0,0,9
account_00000155,2026-01-27,3,2,5,2,2,0,0,1,8
account_00000155,2026-02-03,1,1,3,0,0,0,0,0,8
account_00000155,2026-02-05,2,1,4,3,2,0,0,0,7
account_00000155,2026-02-24,2,1,4,0,0,0,0,0,6
account_00000155,2026-02-26,1,1,2,2,2,0,0,0,7
account_00000155,2026-03-02,1,1,2,0,0,0,0,0,9
account_00000155,2026-03-07,2,1,4,0,0,0,0,0,6
account_00000155,2026-03-16,2,1,3,0,0,0,0,0,8
account_00000155,2026-03-30,1,1,1,0,0,0,0,0,7
account_00000155,2026-04-04,2,1,2,1,1,0,0,0,6
account_00000155,2026-04-14,1,1,4,0,0,0,0,0,7
account_00000155,2026-04-22,2,1,4,1,1,1,0,0,7
account_00000155,2026-04-29,2,1,3,1,1,0,0,0,6
account_00000155,2026-05-06,2,1,3,1,1,0,0,0,7
account_00000155,2026-05-07,2,1,2,1,1,0,0,0,8
account_00000155,2026-05-16,2,1,3,3,2,0,0,1,7
account_00000155,2026-05-29,1,1,1,3,2,2,0,0,8
account_00000155,2026-06-08,1,1,1,1,1,0,0,0,7
account_00000155,2026-06-14,1,1,3,0,0,0,0,1,8
account_00000155,2026-06-23,2,1,3,1,1,0,0,0,8
account_00000155,2026-06-28,2,1,6,1,1,1,0,1,8
account_00000157,2024-05-05,1,1,1,0,0,0,0,0,6
account_00000157,2024-05-10,1,1,2,1,1,0,0,0,5
account_00000157,2024-05-13,1,1,1,0,0,0,0,0,4
account_00000157,2024-05-24,1,1,1,0,0,0,0,0,5
account_00000157,2024-06-01,1,1,3,0,0,0,0,0,5
account_00000157,2024-06-05,1,1,2,1,1,0,0,0,4
account_00000157,2024-06-14,1,1,1,0,0,0,0,0,6
account_00000157,2024-06-30,1,1,3,1,1,0,0,1,5
account_00000157,2024-07-03,1,1,1,1,1,0,0,1,4
account_00000157,2024-07-04,1,1,2,0,0,0,0,0,6
account_00000157,2024-07-07,1,1,1,1,1,0,0,0,5
account_00000157,2024-07-26,1,1,3,1,1,0,0,2,6
account_00000157,2024-08-16,1,1,2,0,0,0,0,0,7
account_00000157,2024-08-18,1,1,2,2,2,0,0,0,7
account_00000157,2024-08-19,1,1,2,1,1,0,0,1,8
account_00000157,2024-08-21,1,1,1,0,0,0,0,0,6
account_00000157,2024-09-13,1,1,1,3,2,0,0,0,7
account_00000157,2024-09-19,1,1,1,0,0,0,0,0,7
account_00000157,2024-09-24,1,1,3,0,0,0,0,0,6
account_00000157,2024-09-28,1,1,5,2,2,1,0,1,6
account_00000157,2024-10-24,1,1,3,0,0,0,0,0,6
account_00000157,2024-10-27,1,1,2,0,0,0,0,0,7
account_00000157,2024-10-28,1,1,1,0,0,0,0,0,3
account_00000157,2024-10-29,1,1,2,0,0,0,0,0,6
account_00000157,2024-11-02,2,1,4,1,1,0,0,1,7
account_00000157,2024-11-14,1,1,1,1,1,0,0,0,7
account_00000157,2024-11-26,2,1,3,2,2,0,0,0,7
account_00000157,2024-11-28,2,1,6,1,1,1,0,1,6
account_00000157,2024-12-09,2,1,3,3,2,1,0,0,7
account_00000157,2024-12-13,1,1,1,0,0,0,0,0,7
account_00000157,2024-12-21,1,1,5,1,1,0,0,0,6
account_00000157,2024-12-22,1,1,2,3,2,0,0,0,6
account_00000157,2025-01-02,2,1,3,1,1,0,0,0,4
account_00000157,2025-01-05,2,1,5,0,0,0,0,0,7
account_00000157,2025-01-08,1,1,1,1,1,0,0,1,5
account_00000157,2025-01-13,1,1,2,0,0,0,0,1,9
account_00000157,2025-02-15,2,1,4,3,2,3,0,0,5
account_00000157,2025-02-16,1,1,3,0,0,0,0,0,5
account_00000157,2025-02-17,2,1,4,2,2,0,0,1,7
account_00000157,2025-02-23,2,1,4,2,2,1,0,2,6
account_00000157,2025-03-07,1,1,1,0,0,0,0,0,4
account_00000157,2025-03-08,1,1,2,0,0,0,0,0,5
account_00000157,2025-03-24,1,1,1,0,0,0,0,0,5
account_00000157,2025-03-27,1,1,1,0,0,0,0,0,4
account_00000157,2025-04-02,1,1,1,1,1,0,0,1,7
account_00000157,2025-04-13,1,1,1,0,0,0,0,0,6
account_00000157,2025-04-15,1,1,2,0,0,0,0,0,5
account_00000157,2025-04-26,1,1,1,0,0,0,0,0,4
account_00000157,2025-05-11,1,1,2,1,1,0,0,0,6
account_00000157,2025-05-14,1,1,2,0,0,0,0,0,5
account_00000157,2025-05-19,1,1,3,1,1,1,0,1,6
account_00000157,2025-05-23,1,1,1,0,0,0,0,1,6
account_00000157,2025-06-17,1,1,1,0,0,0,0,0,8
account_00000157,2025-06-21,1,1,1,0,0,0,0,0,6
account_00000157,2025-06-25,1,1,2,0,0,0,0,0,8
account_00000157,2025-06-30,1,1,4,0,0,0,0,0,7
account_00000157,2025-07-12,1,1,4,1,1,0,0,1,9
account_00000157,2025-07-16,1,1,4,2,2,2,0,1,8
account_00000157,2025-07-18,1,1,3,3,2,1,0,0,5
account_00000157,2025-07-24,1,1,1,1,1,0,0,0,6
account_00000157,2025-08-08,2,1,2,0,0,0,0,0,6
account_00000157,2025-08-17,1,1,1,0,0,0,0,0,7
account_00000157,2025-08-25,1,1,2,1,1,0,0,1,5
account_00000157,2025-08-27,2,1,2,1,1,0,0,2,7
account_00000157,2025-09-06,1,1,3,2,2,0,0,0,7
account_00000157,2025-09-12,2,1,3,0,0,0,0,0,6
account_00000157,2025-09-21,1,1,3,1,1,0,0,0,6
account_00000157,2025-09-22,2,1,3,0,0,0,0,0,7
account_00000157,2025-10-11,1,1,1,0,0,0,0,0,5
account_00000157,2025-10-29,1,1,1,0,0,0,0,0,5
account_00000157,2025-10-30,2,1,4,2,2,0,0,0,6
account_00000157,2025-10-31,1,1,1,0,0,0,0,0,5
account_00000157,2025-11-03,1,1,1,1,1,0,0,0,5
account_00000157,2025-11-11,2,1,2,5,4,1,0,3,5
account_00000157,2025-11-22,1,1,4,0,0,0,0,0,6
account_00000157,2025-11-28,1,1,4,1,1,0,0,1,8
account_00000157,2025-12-06,1,1,1,3,2,1,0,0,5
account_00000157,2025-12-09,1,1,1,3,2,0,0,0,5
account_00000157,2025-12-10,1,1,2,0,0,0,0,0,7
account_00000157,2025-12-21,1,1,2,0,0,0,0,0,5
account_00000157,2026-01-01,1,1,3,3,2,0,0,1,6
account_00000157,2026-01-08,1,1,4,0,0,0,0,0,6
account_00000157,2026-01-15,1,1,3,3,2,1,0,1,6
account_00000157,2026-01-20,1,1,2,0,0,0,0,1,5
account_00000157,2026-02-09,1,1,3,1,1,0,0,0,5
account_00000157,2026-02-16,1,1,1,0,0,0,0,0,6
account_00000157,2026-02-20,1,1,3,0,0,0,0,0,8
account_00000157,2026-02-26,1,1,1,3,2,1,0,0,8
account_00000157,2026-03-15,2,1,4,2,2,0,0,3,6
account_00000157,2026-03-19,1,1,2,1,1,0,0,0,6
account_00000157,2026-03-20,2,1,3,2,2,0,0,0,4
account_00000157,2026-03-30,1,1,1,0,0,0,0,1,6
account_00000157,2026-04-04,2,1,6,2,2,0,0,1,7
account_00000157,2026-04-09,1,1,1,0,0,0,0,0,6
account_00000157,2026-04-16,2,1,4,2,2,0,0,0,6
account_00000157,2026-04-25,2,1,3,3,2,0,0,1,7
account_00000157,2026-05-02,1,1,2,1,1,0,0,1,7
account_00000157,2026-05-06,1,1,1,2,2,0,0,1,5
account_00000157,2026-05-15,1,1,1,0,0,0,0,0,7
account_00000157,2026-05-27,1,1,2,0,0,0,0,0,6
account_00000157,2026-06-02,1,1,1,0,0,0,0,0,5
account_00000157,2026-06-12,1,1,1,1,1,0,0,0,9
account_00000157,2026-06-18,1,1,4,1,1,0,0,0,6
account_00000157,2026-06-20,2,1,5,0,0,0,0,0,5
account_00000159,2026-04-07,5,4,5,6,5,1,0,1,5
account_00000159,2026-04-16,8,6,20,6,5,0,0,2,5
account_00000159,2026-04-21,5,4,14,8,6,2,0,5,5
account_00000159,2026-04-28,8,6,14,10,8,2,0,5,5
account_00000159,2026-05-04,5,4,6,5,4,0,0,1,5
account_00000159,2026-05-07,3,2,3,2,1,0,0,1,5
account_00000159,2026-05-21,6,4,15,4,3,1,0,1,5
account_00000159,2026-05-27,3,2,3,5,4,0,0,1,5
account_00000159,2026-06-09,6,4,15,10,8,0,0,5,6
account_00000159,2026-06-11,6,4,10,11,9,1,0,7,5
account_00000159,2026-06-15,6,4,10,8,6,0,0,3,7
account_00000159,2026-06-26,12,9,17,17,14,4,0,9,7
account_00000161,2025-04-10,12,9,19,16,14,4,51,7,10
account_00000161,2025-04-13,31,22,61,59,50,25,50,23,10
account_00000161,2025-04-18,24,17,40,37,31,17,61,13,10
account_00000161,2025-04-24,16,12,34,21,19,8,54,10,10
account_00000161,2025-05-13,31,22,51,55,47,27,54,18,10
account_00000161,2025-05-26,30,22,58,55,51,27,50,26,10
account_00000161,2025-05-28,14,10,23,23,19,17,60,9,10
account_00000161,2025-05-29,21,15,29,32,30,18,58,12,10
account_00000161,2025-06-09,31,22,60,40,36,13,59,14,10
account_00000161,2025-06-14,14,10,31,18,17,6,43,2,10
account_00000161,2025-06-16,27,19,31,41,36,25,55,19,10
account_00000161,2025-06-19,18,13,32,24,23,8,66,9,10
account_00000161,2025-07-03,21,15,21,36,33,18,64,14,10
account_00000161,2025-07-06,14,10,38,23,21,6,73,13,10
account_00000161,2025-07-12,23,17,45,33,29,14,55,16,10
account_00000161,2025-07-14,28,20,64,51,43,23,79,20,10
account_00000161,2025-08-02,12,9,26,19,17,10,53,11,10
account_00000161,2025-08-04,10,7,19,15,13,7,55,4,10
account_00000161,2025-08-10,13,9,16,13,11,6,45,3,10
account_00000161,2025-08-15,23,17,29,34,30,11,60,14,10
account_00000161,2025-09-07,17,12,21,29,25,18,59,5,10
account_00000161,2025-09-09,22,16,22,39,35,14,56,10,10
account_00000161,2025-09-12,11,8,21,17,15,9,64,5,10
account_00000161,2025-09-23,16,12,34,23,20,13,59,9,10
account_00000161,2025-10-12,26,19,54,39,37,22,62,21,10
account_00000161,2025-10-14,16,12,31,17,15,7,42,6,10
account_00000161,2025-10-16,18,13,46,28,23,18,62,11,10
account_00000161,2025-10-18,25,18,58,40,36,11,49,11,10
account_00000161,2025-11-06,27,19,37,44,41,27,52,12,10
account_00000161,2025-11-07,18,13,42,28,27,8,61,15,10
account_00000161,2025-11-15,31,22,73,35,31,15,57,11,10
account_00000161,2025-11-21,19,14,34,31,28,13,58,7,10
account_00000161,2025-12-15,19,14,20,25,22,12,47,14,10
account_00000161,2025-12-25,11,8,20,21,19,4,40,12,10
account_00000161,2025-12-29,16,12,33,23,21,13,58,12,10
account_00000161,2025-12-30,28,20,70,47,41,25,61,15,10
account_00000161,2026-01-08,33,24,42,48,46,28,51,18,10
account_00000161,2026-01-21,27,19,49,44,38,19,68,15,10
account_00000161,2026-01-30,30,22,61,37,35,12,56,12,10
account_00000161,2026-01-31,23,17,56,30,26,14,47,7,10
account_00000161,2026-02-01,27,19,30,36,32,19,58,13,10
account_00000161,2026-02-18,25,18,41,39,37,19,48,17,10
account_00000161,2026-02-21,24,17,39,35,31,25,54,13,10
account_00000161,2026-02-28,15,11,23,18,14,7,56,6,10
account_00000161,2026-03-02,12,9,27,6,6,1,51,4,10
account_00000161,2026-03-14,25,18,26,38,34,17,60,5,10
account_00000161,2026-03-22,12,9,18,21,19,11,59,10,10
account_00000161,2026-03-23,21,15,24,27,24,8,52,9,10
account_00000161,2026-04-07,18,13,33,26,23,13,51,10,10
account_00000161,2026-04-15,17,12,24,27,24,17,53,11,10
account_00000161,2026-04-23,13,9,41,17,15,11,56,9,10
account_00000161,2026-04-24,15,11,36,23,21,15,48,15,10
account_00000161,2026-05-13,24,17,52,50,44,29,60,17,10
account_00000161,2026-05-16,30,22,40,47,43,19,55,28,10
account_00000161,2026-05-17,30,22,47,46,42,38,60,14,10
account_00000161,2026-05-23,28,20,56,47,46,23,67,19,10
account_00000161,2026-06-08,15,11,19,18,17,9,62,11,10
account_00000161,2026-06-10,12,9,21,15,13,13,59,2,10
account_00000161,2026-06-21,18,13,40,25,24,13,49,10,10
account_00000161,2026-06-26,29,21,58,51,48,34,60,26,10
account_00000166,2025-01-13,1,1,1,0,0,0,0,0,7
account_00000166,2025-01-17,1,1,1,0,0,0,0,0,7
account_00000166,2025-01-18,2,1,4,1,1,0,0,0,6
account_00000166,2025-01-21,2,1,2,0,0,0,0,0,8
account_00000166,2025-02-08,1,1,1,0,0,0,0,0,6
account_00000166,2025-02-10,1,1,1,0,0,0,0,0,5
account_00000166,2025-02-19,1,1,1,2,2,0,0,1,8
account_00000166,2025-02-22,1,1,2,1,1,0,0,2,6
account_00000166,2025-03-06,1,1,1,1,1,0,0,1,6
account_00000166,2025-03-17,2,1,2,1,1,0,0,0,5
account_00000166,2025-03-19,1,1,1,2,2,2,0,1,8
account_00000166,2025-03-29,1,1,1,1,1,0,0,1,7
account_00000166,2025-04-02,2,1,4,1,1,0,0,0,6
account_00000166,2025-04-12,1,1,2,1,1,1,0,0,6
account_00000166,2025-04-21,2,1,2,0,0,0,0,1,7
account_00000166,2025-04-23,1,1,1,1,1,1,0,0,8
account_00000166,2025-05-06,1,1,3,2,2,0,0,0,8
account_00000166,2025-05-07,1,1,2,0,0,0,0,0,6
account_00000166,2025-05-10,1,1,1,1,1,0,0,0,6
account_00000166,2025-05-18,1,1,1,0,0,0,0,0,7
account_00000166,2025-06-06,1,1,1,0,0,0,0,0,8
account_00000166,2025-06-14,1,1,1,2,2,0,0,1,8
account_00000166,2025-06-20,2,1,2,1,1,0,0,0,7
account_00000166,2025-06-27,1,1,1,1,1,0,0,0,9
account_00000166,2025-07-08,1,1,1,2,2,1,0,3,8
account_00000166,2025-07-11,3,2,3,3,2,0,0,2,7
account_00000166,2025-07-14,1,1,2,1,1,0,0,0,8
account_00000166,2025-07-24,3,2,6,4,3,1,0,1,7
account_00000166,2025-08-05,1,1,2,0,0,0,0,0,7
account_00000166,2025-08-11,1,1,1,0,0,0,0,0,7
account_00000166,2025-08-20,1,1,2,2,2,0,0,2,8
account_00000166,2025-08-26,1,1,3,2,2,0,0,0,5
account_00000166,2025-09-04,3,2,3,3,2,1,0,1,6
account_00000166,2025-09-07,2,1,2,0,0,0,0,1,7
account_00000166,2025-09-08,3,2,4,5,4,0,0,0,7
account_00000166,2025-09-19,2,1,5,0,0,0,0,0,7
account_00000166,2025-10-13,3,2,9,2,2,2,0,2,7
account_00000166,2025-10-14,1,1,1,1,1,0,0,1,7
account_00000166,2025-10-21,1,1,1,0,0,0,0,0,6
account_00000166,2025-10-24,2,1,2,2,2,0,0,1,8
account_00000166,2025-11-05,2,1,2,1,1,1,0,0,7
account_00000166,2025-11-07,1,1,4,1,1,0,0,1,6
account_00000166,2025-11-25,1,1,1,1,1,0,0,0,10
account_00000166,2025-11-28,1,1,1,0,0,0,0,0,9
account_00000166,2025-12-05,2,1,4,1,1,0,0,0,6
account_00000166,2025-12-14,2,1,3,1,1,1,0,1,7
account_00000166,2025-12-21,2,1,6,1,1,0,0,1,5
account_00000166,2025-12-23,2,1,3,2,2,1,0,3,7
account_00000166,2026-01-01,2,1,5,1,1,0,0,0,8
account_00000166,2026-01-12,2,1,3,2,2,2,0,0,8
account_00000166,2026-01-15,3,2,4,2,2,2,0,1,8
account_00000166,2026-01-19,1,1,4,0,0,0,0,1,9
account_00000166,2026-02-07,1,1,1,1,1,0,0,0,7
account_00000166,2026-02-08,1,1,1,1,1,0,0,0,5
account_00000166,2026-02-17,1,1,2,0,0,0,0,0,6
account_00000166,2026-02-27,1,1,2,1,1,0,0,0,6
account_00000166,2026-03-01,1,1,1,0,0,0,0,0,5
account_00000166,2026-03-03,2,1,3,2,2,0,0,1,9
account_00000166,2026-03-04,1,1,2,2,1,1,0,2,9
account_00000166,2026-03-08,2,1,5,3,2,0,0,1,6
account_00000166,2026-04-10,2,1,3,2,2,0,0,3,6
account_00000166,2026-04-15,2,1,2,2,2,1,0,1,6
account_00000166,2026-04-26,2,1,4,3,3,1,0,3,6
account_00000166,2026-04-28,2,1,4,3,2,1,0,2,5
account_00000166,2026-05-09,2,1,2,1,1,0,0,1,6
account_00000166,2026-05-18,2,1,2,1,1,0,0,0,9
account_00000166,2026-05-21,2,1,2,3,3,0,0,1,9
account_00000166,2026-05-28,2,1,3,3,3,2,0,2,8
account_00000166,2026-06-04,2,1,4,1,1,0,0,0,5
account_00000166,2026-06-07,2,1,3,3,2,0,0,0,6
account_00000166,2026-06-12,3,2,7,0,0,0,0,0,6
account_00000166,2026-06-24,3,2,11,4,3,1,0,1,8
account_00000169,2026-06-02,5,4,10,12,10,0,0,6,7
account_00000169,2026-06-05,9,6,11,12,10,3,0,8,8
account_00000169,2026-06-12,6,4,9,4,3,0,0,2,6
account_00000169,2026-06-19,7,5,11,7,6,0,0,4,6
account_00000173,2024-04-07,3,2,3,3,2,2,15,0,10
account_00000173,2024-04-13,4,3,8,4,4,3,24,2,8
account_00000173,2024-04-16,3,2,3,3,2,1,15,0,9
account_00000173,2024-04-29,1,1,2,2,2,0,20,0,7
account_00000173,2024-05-16,2,1,5,2,2,0,14,1,7
account_00000173,2024-05-20,3,2,3,1,1,0,8,1,8
account_00000173,2024-05-28,4,3,13,5,4,0,3,1,8
account_00000173,2024-05-30,2,1,2,5,4,1,14,1,7
account_00000173,2024-06-08,3,2,5,4,4,1,10,4,8
account_00000173,2024-06-21,2,1,2,0,0,0,18,0,9
account_00000173,2024-06-23,3,2,5,1,1,0,13,0,9
account_00000173,2024-06-29,4,3,7,5,4,1,13,2,10
account_00000173,2024-07-10,2,1,4,4,4,2,20,2,10
account_00000173,2024-07-11,5,4,9,5,4,1,11,0,8
account_00000173,2024-07-24,3,2,9,3,3,3,24,2,8
account_00000173,2024-07-28,3,2,10,8,7,3,17,1,9
account_00000173,2024-08-09,3,2,6,5,4,2,17,2,9
account_00000173,2024-08-25,2,1,2,0,0,0,17,0,8
account_00000173,2024-08-27,4,3,7,4,3,0,17,1,7
account_00000173,2024-08-30,2,1,6,0,0,0,15,0,8
account_00000173,2024-09-16,3,2,6,2,2,0,19,1,10
account_00000173,2024-09-19,2,1,4,1,1,2,20,0,10
account_00000173,2024-09-21,4,3,10,9,8,3,21,4,9
account_00000173,2024-09-23,4,3,9,6,5,4,18,1,8
account_00000173,2024-10-03,3,2,5,3,3,1,16,3,7
account_00000173,2024-10-06,3,2,4,2,2,0,5,3,8
account_00000173,2024-10-13,3,2,6,6,5,2,15,3,10
account_00000173,2024-10-19,2,1,5,1,1,1,13,0,8
account_00000173,2024-11-05,4,3,5,8,7,7,17,3,10
account_00000173,2024-11-07,4,3,6,3,3,0,12,1,9
account_00000173,2024-11-15,2,1,2,1,1,0,13,1,8
account_00000173,2024-11-26,4,3,6,2,2,1,7,1,10
account_00000173,2024-12-01,4,3,4,2,2,0,10,1,9
account_00000173,2024-12-04,2,1,2,3,3,0,12,2,9
account_00000173,2024-12-12,2,1,2,2,2,1,18,2,9
account_00000173,2024-12-19,2,1,5,2,2,2,16,3,8
account_00000173,2025-01-06,4,3,6,2,2,0,15,2,8
account_00000173,2025-01-13,4,3,6,5,4,1,13,1,10
account_00000173,2025-01-26,2,1,3,2,2,1,19,1,8
account_00000173,2025-01-28,2,1,4,2,2,2,11,2,6
account_00000173,2025-02-01,3,2,3,7,7,0,19,3,9
account_00000173,2025-02-02,2,1,2,1,1,1,19,0,10
account_00000173,2025-02-09,3,2,3,3,3,3,13,3,10
account_00000173,2025-02-22,3,2,3,0,0,0,23,0,8
account_00000173,2025-03-14,2,1,4,3,2,0,14,0,8
account_00000173,2025-03-22,2,1,5,1,1,0,12,1,9
account_00000173,2025-03-26,3,2,11,3,2,3,15,2,10
account_00000173,2025-03-28,3,2,5,5,4,1,25,4,7
account_00000173,2025-04-03,4,3,4,2,2,0,19,0,9
account_00000173,2025-04-11,4,3,8,5,5,2,17,0,9
account_00000173,2025-04-21,3,2,3,4,3,4,16,1,9
account_00000173,2025-04-28,4,3,6,6,5,1,20,2,9
account_00000173,2025-05-03,4,3,9,4,4,2,11,1,8
account_00000173,2025-05-09,2,1,3,4,4,1,25,2,7
account_00000173,2025-05-10,4,3,6,1,1,0,18,0,9
account_00000173,2025-05-29,3,2,4,4,3,1,16,1,9
account_00000173,2025-06-01,2,1,3,4,4,2,22,3,10
account_00000173,2025-06-09,3,2,3,4,4,6,16,1,8
account_00000173,2025-06-15,3,2,4,0,0,0,13,0,8
account_00000173,2025-06-21,2,1,5,2,2,0,17,0,10
account_00000173,2025-07-05,4,3,7,4,4,4,23,2,9
account_00000173,2025-07-08,3,2,3,5,5,1,19,2,8
account_00000173,2025-07-19,2,1,5,1,1,1,17,2,8
account_00000173,2025-07-21,3,2,3,1,1,0,14,1,8
account_00000173,2025-08-02,2,1,6,1,1,1,8,0,6
account_00000173,2025-08-21,2,1,5,0,0,0,19,0,7
account_00000173,2025-08-26,3,2,4,6,5,1,10,2,7
account_00000173,2025-08-30,2,1,4,4,3,0,22,1,8
account_00000173,2025-09-02,2,1,4,3,3,1,21,0,9
account_00000173,2025-09-04,2,1,6,3,3,1,9,2,9
account_00000173,2025-09-15,3,2,5,2,2,0,15,1,10
account_00000173,2025-09-22,3,2,7,3,3,3,20,2,9
account_00000173,2025-10-04,3,2,9,5,4,1,20,1,7
account_00000173,2025-10-18,2,1,3,1,1,2,15,0,8
account_00000173,2025-10-21,1,1,3,0,0,0,16,0,9
account_00000173,2025-10-22,2,1,2,2,2,0,22,2,10
account_00000173,2025-11-03,3,2,6,2,2,1,10,1,8
account_00000173,2025-11-12,1,1,3,1,1,0,15,1,8
account_00000173,2025-11-14,2,1,7,1,1,0,13,0,7
account_00000173,2025-11-25,2,1,2,4,3,2,11,1,9
account_00000173,2025-12-01,3,2,4,4,4,0,16,2,10
account_00000173,2025-12-20,3,2,6,8,6,2,17,1,9
account_00000173,2025-12-29,3,2,8,3,3,2,19,0,9
account_00000173,2025-12-30,2,1,2,1,1,0,12,0,10
account_00000173,2026-01-14,2,1,6,2,2,0,15,2,9
account_00000173,2026-01-17,1,1,1,2,2,1,13,1,8
account_00000173,2026-01-19,2,1,3,1,1,2,20,0,10
account_00000173,2026-01-20,1,1,1,1,1,0,15,0,9
account_00000173,2026-02-06,2,1,2,0,0,0,21,0,9
account_00000173,2026-02-09,1,1,2,1,1,1,20,1,7
account_00000173,2026-02-18,3,2,6,4,3,2,13,2,10
account_00000173,2026-02-23,1,1,2,2,2,1,10,0,10
account_00000173,2026-03-04,4,3,10,2,2,0,18,0,10
account_00000173,2026-03-12,2,1,2,7,6,4,15,4,9
account_00000173,2026-03-18,3,2,3,3,3,2,16,0,10
account_00000173,2026-03-31,3,2,4,5,4,0,18,0,9
account_00000173,2026-04-11,2,1,2,3,3,2,15,3,8
account_00000173,2026-04-17,4,3,5,5,4,2,30,4,10
account_00000173,2026-04-27,4,3,9,2,2,0,17,2,9
account_00000173,2026-04-30,2,1,2,3,2,0,14,3,9
account_00000173,2026-05-02,1,1,4,1,1,0,14,0,9
account_00000173,2026-05-07,2,1,2,2,2,2,15,3,8
account_00000173,2026-05-08,2,1,2,2,2,1,25,3,8
account_00000173,2026-05-21,1,1,2,2,2,0,20,2,8
account_00000173,2026-06-02,2,1,4,1,1,0,13,0,8
account_00000173,2026-06-03,2,1,5,1,1,1,15,0,9
account_00000173,2026-06-17,3,2,5,2,2,0,22,2,10
account_00000173,2026-06-19,3,2,3,1,1,2,11,0,10
account_00000177,2025-08-06,23,17,27,24,21,15,29,9,10
account_00000177,2025-08-08,27,19,35,41,33,26,33,11,10
account_00000177,2025-08-10,19,14,28,22,20,15,42,11,10
account_00000177,2025-08-25,18,13,36,24,20,7,40,5,10
account_00000177,2025-09-09,12,9,12,20,19,16,29,5,10
account_00000177,2025-09-14,26,19,29,52,46,23,44,19,10
account_00000177,2025-09-18,33,24,60,52,46,32,41,23,10
account_00000177,2025-09-22,29,21,41,46,40,24,46,13,10
account_00000177,2025-10-04,19,14,35,29,27,12,33,14,10
account_00000177,2025-10-13,19,14,38,31,29,11,40,4,10
account_00000177,2025-10-25,15,11,20,22,20,10,34,12,10
account_00000177,2025-10-31,30,22,60,38,34,19,42,13,10
account_00000177,2025-11-02,23,17,36,41,37,15,49,14,10
account_00000177,2025-11-05,17,12,27,22,20,13,34,15,10
account_00000177,2025-11-15,12,9,17,29,26,21,36,14,10
account_00000177,2025-11-22,29,21,63,49,44,25,37,22,10
account_00000177,2025-12-07,26,19,35,37,32,16,38,11,10
account_00000177,2025-12-13,27,19,51,42,39,15,31,18,10
account_00000177,2025-12-23,21,15,40,35,30,16,27,14,10
account_00000177,2025-12-30,18,13,50,32,29,17,43,11,10
account_00000177,2026-01-14,18,13,19,29,26,14,40,7,9
account_00000177,2026-01-18,16,12,29,27,25,12,36,12,10
account_00000177,2026-01-23,25,18,25,41,37,24,31,20,10
account_00000177,2026-01-27,26,19,49,41,37,19,38,13,10
account_00000177,2026-02-16,13,9,16,18,17,11,48,5,10
account_00000177,2026-02-20,32,23,54,55,52,27,41,29,10
account_00000177,2026-02-26,14,10,15,29,27,16,47,9,10
account_00000177,2026-02-28,19,14,22,22,20,16,43,7,10
account_00000177,2026-03-02,25,18,51,40,36,20,29,22,10
account_00000177,2026-03-10,23,17,38,33,29,15,41,14,9
account_00000177,2026-03-22,29,21,48,48,42,21,40,15,10
account_00000177,2026-03-29,28,20,56,29,25,15,42,15,10
account_00000177,2026-04-01,29,21,32,42,36,17,35,21,10
account_00000177,2026-04-04,15,11,26,26,24,14,37,16,9
account_00000177,2026-04-10,24,17,44,52,43,27,35,13,9
account_00000177,2026-04-17,33,24,57,48,41,13,35,12,10
account_00000177,2026-05-05,21,15,32,32,29,19,39,17,10
account_00000177,2026-05-09,21,15,39,30,29,9,38,15,10
account_00000177,2026-05-25,23,17,41,42,39,17,31,9,10
account_00000177,2026-05-31,28,20,37,41,40,19,41,21,10
account_00000177,2026-06-05,18,13,18,26,25,11,37,9,10
account_00000177,2026-06-14,33,24,53,61,53,29,44,20,10
account_00000177,2026-06-17,25,18,31,37,36,14,41,21,10
account_00000177,2026-06-30,26,19,59,34,30,14,45,16,10
account_00000183,2024-03-07,1,1,1,0,0,0,0,0,5
account_00000183,2024-03-11,1,1,2,2,2,1,0,0,7
account_00000183,2024-03-14,1,1,1,0,0,0,0,0,7
account_00000183,2024-03-26,1,1,1,1,1,0,0,2,6
account_00000183,2024-04-12,1,1,2,0,0,0,0,0,8
account_00000183,2024-04-15,1,1,2,3,2,0,0,2,6
account_00000183,2024-04-23,1,1,1,1,1,0,0,0,7
account_00000183,2024-04-25,1,1,1,0,0,0,0,0,6
account_00000183,2024-05-10,1,1,3,1,1,1,0,0,7
account_00000183,2024-05-22,1,1,2,0,0,0,0,0,5
account_00000183,2024-05-24,1,1,1,1,1,1,0,2,6
account_00000183,2024-05-25,1,1,2,1,1,0,0,0,5
account_00000183,2024-06-05,1,1,1,0,0,0,0,0,7
account_00000183,2024-06-11,1,1,1,0,0,0,0,0,7
account_00000183,2024-06-13,1,1,1,0,0,0,0,0,5
account_00000183,2024-06-14,1,1,1,1,1,0,0,2,6
account_00000183,2024-07-01,1,1,2,0,0,0,0,1,6
account_00000183,2024-07-13,1,1,3,1,1,0,0,2,7
account_00000183,2024-07-23,1,1,1,2,1,0,0,0,7
account_00000183,2024-07-31,1,1,2,0,0,0,0,0,7
account_00000183,2024-08-05,1,1,2,0,0,0,0,0,6
account_00000183,2024-08-06,1,1,3,0,0,0,0,0,7
account_00000183,2024-08-28,1,1,3,1,1,0,0,1,6
account_00000183,2024-08-30,1,1,2,0,0,0,0,0,6
account_00000183,2024-09-06,1,1,1,0,0,0,0,0,8
account_00000183,2024-09-07,1,1,1,1,1,1,0,1,6
account_00000183,2024-09-11,1,1,1,1,1,0,0,0,7
account_00000183,2024-09-22,1,1,5,0,0,0,0,0,6
account_00000183,2024-10-01,1,1,1,1,1,0,0,0,7
account_00000183,2024-10-13,1,1,3,0,0,0,0,1,9
account_00000183,2024-10-16,1,1,1,1,1,0,0,1,8
account_00000183,2024-10-17,1,1,1,0,0,0,0,0,8
account_00000183,2024-11-08,1,1,2,0,0,0,0,1,8
account_00000183,2024-11-11,1,1,1,0,0,0,0,0,7
account_00000183,2024-11-24,1,1,2,1,1,0,0,0,7
account_00000183,2024-11-29,1,1,1,2,2,0,0,2,8
account_00000183,2024-12-02,1,1,7,0,0,0,0,0,7
account_00000183,2024-12-14,1,1,1,1,1,0,0,1,7
account_00000183,2024-12-15,1,1,1,0,0,0,0,0,6
account_00000183,2024-12-16,1,1,2,0,0,0,0,0,8
account_00000183,2025-01-13,1,1,1,2,2,0,0,0,6
account_00000183,2025-01-22,1,1,4,2,2,0,0,0,7
account_00000183,2025-01-23,1,1,1,2,2,0,0,0,8
account_00000183,2025-01-29,1,1,4,1,1,1,0,0,8
account_00000183,2025-02-10,1,1,1,1,1,0,0,1,8
account_00000183,2025-02-12,1,1,4,5,4,1,0,1,8
account_00000183,2025-02-15,1,1,1,0,0,0,0,0,7
account_00000183,2025-02-21,1,1,4,1,1,2,0,0,7
account_00000183,2025-03-01,1,1,1,1,1,0,0,0,9
account_00000183,2025-03-15,1,1,2,0,0,0,0,0,9
account_00000183,2025-03-25,1,1,4,0,0,0,0,1,8
account_00000183,2025-03-27,1,1,1,3,3,0,0,1,8
account_00000183,2025-04-01,1,1,1,0,0,0,0,0,6
account_00000183,2025-04-11,1,1,4,0,0,0,0,0,7
account_00000183,2025-04-12,1,1,1,0,0,0,0,0,8
account_00000183,2025-04-16,1,1,1,0,0,0,0,0,8
account_00000183,2025-05-04,1,1,3,1,1,0,0,0,6
account_00000183,2025-05-05,1,1,3,0,0,0,0,0,6
account_00000183,2025-05-27,1,1,1,1,1,0,0,0,7
account_00000183,2025-05-28,1,1,1,1,1,2,0,0,7
account_00000183,2025-06-03,1,1,2,0,0,0,0,0,8
account_00000183,2025-06-05,1,1,1,0,0,0,0,0,8
account_00000183,2025-06-19,1,1,2,0,0,0,0,0,6
account_00000183,2025-06-27,1,1,1,2,2,0,0,2,8
account_00000183,2025-07-01,1,1,4,1,1,0,0,1,5
account_00000183,2025-07-21,1,1,1,0,0,0,0,0,5
account_00000183,2025-07-29,1,1,3,1,1,1,0,0,6
account_00000183,2025-07-30,1,1,3,1,1,0,0,3,8
account_00000183,2025-08-01,1,1,1,3,3,0,0,1,7
account_00000183,2025-08-09,1,1,2,1,1,0,0,2,8
account_00000183,2025-08-22,1,1,1,0,0,0,0,0,7
account_00000183,2025-08-24,1,1,1,1,1,0,0,0,8
account_00000183,2025-09-05,1,1,1,1,1,0,0,0,8
account_00000183,2025-09-08,1,1,1,1,1,0,0,0,7
account_00000183,2025-09-09,1,1,1,0,0,0,0,0,9
account_00000183,2025-09-29,1,1,3,1,1,0,0,0,6
account_00000183,2025-10-06,1,1,2,0,0,0,0,0,6
account_00000183,2025-10-09,1,1,3,0,0,0,0,1,6
account_00000183,2025-10-17,1,1,1,0,0,0,0,0,7
account_00000183,2025-10-24,1,1,2,1,1,0,0,0,6
account_00000183,2025-11-06,1,1,1,0,0,0,0,0,7
account_00000183,2025-11-14,1,1,2,1,1,0,0,0,9
account_00000183,2025-11-26,1,1,1,1,1,0,0,0,6
account_00000183,2025-11-28,1,1,1,1,1,0,0,1,7
account_00000183,2025-12-02,1,1,1,2,2,1,0,1,8
account_00000183,2025-12-09,1,1,1,2,2,2,0,1,7
account_00000183,2025-12-26,1,1,2,1,1,0,0,1,8
account_00000183,2025-12-27,1,1,4,1,1,0,0,0,8
account_00000183,2026-01-07,1,1,1,1,1,1,0,0,6
account_00000183,2026-01-21,1,1,1,0,0,0,0,0,6
account_00000183,2026-01-26,1,1,1,0,0,0,0,0,5
account_00000183,2026-01-31,1,1,1,0,0,0,0,0,6
account_00000183,2026-02-05,1,1,1,1,1,0,0,1,7
account_00000183,2026-02-08,1,1,1,1,1,0,0,0,9
account_00000183,2026-02-10,1,1,2,1,1,0,0,0,7
account_00000183,2026-02-21,1,1,2,2,2,0,0,2,7
account_00000183,2026-03-11,1,1,2,2,2,0,0,1,7
account_00000183,2026-03-17,1,1,1,2,2,0,0,0,6
account_00000183,2026-03-18,1,1,1,1,1,0,0,1,7
account_00000183,2026-03-23,1,1,1,0,0,0,0,0,6
account_00000183,2026-04-02,1,1,1,0,0,0,0,0,7
account_00000183,2026-04-07,1,1,1,1,1,1,0,1,8
account_00000183,2026-04-12,1,1,2,0,0,0,0,0,8
account_00000183,2026-04-17,1,1,1,1,1,1,0,1,6
account_00000183,2026-05-02,1,1,1,0,0,0,0,0,5
account_00000183,2026-05-19,1,1,4,0,0,0,0,0,5
account_00000183,2026-05-27,1,1,2,0,0,0,0,0,7
account_00000183,2026-05-29,1,1,3,1,1,0,0,0,5
account_00000183,2026-06-15,1,1,3,0,0,0,0,0,5
account_00000183,2026-06-18,1,1,3,3,3,1,0,5,7
account_00000183,2026-06-20,1,1,2,1,1,0,0,0,9
account_00000183,2026-06-22,1,1,2,2,2,1,0,2,7
account_00000184,2025-07-01,32,23,32,53,42,28,23,14,10
account_00000184,2025-07-12,17,12,23,21,18,9,33,10,10
account_00000184,2025-07-29,32,23,80,51,42,17,28,29,8
account_00000184,2025-07-31,22,16,39,30,25,15,29,12,10
account_00000184,2025-08-06,23,17,23,20,17,6,31,8,8
account_00000184,2025-08-07,20,14,25,39,31,13,33,14,10
account_00000184,2025-08-14,32,23,54,57,50,20,34,19,8
account_00000184,2025-08-27,21,15,54,27,24,5,27,7,8
account_00000184,2025-09-02,28,20,52,39,33,12,39,14,7
account_00000184,2025-09-13,13,9,17,22,19,11,40,8,9
account_00000184,2025-09-23,25,18,45,41,34,29,28,11,10
account_00000184,2025-09-27,18,13,35,32,29,12,28,18,9
account_00000184,2025-10-06,23,17,31,33,29,10,29,6,10
account_00000184,2025-10-09,33,24,59,51,42,27,33,14,8
account_00000184,2025-10-18,13,9,13,16,14,6,26,4,7
account_00000184,2025-10-24,23,17,45,32,25,10,27,11,10
account_00000184,2025-11-03,15,11,29,28,23,11,33,10,10
account_00000184,2025-11-18,24,17,41,25,20,9,35,10,9
account_00000184,2025-11-25,18,13,39,22,18,9,32,10,10
account_00000184,2025-11-29,28,20,35,36,33,15,33,8,10
account_00000184,2025-12-19,31,22,68,47,40,27,39,14,10
account_00000184,2025-12-25,29,21,76,49,43,18,35,11,10
account_00000184,2025-12-26,32,23,57,35,28,10,45,12,10
account_00000184,2025-12-28,16,12,22,27,22,10,37,14,8
account_00000184,2026-01-04,23,17,51,30,27,8,45,17,8
account_00000184,2026-01-05,17,12,29,22,19,12,29,9,10
account_00000184,2026-01-15,32,23,61,47,40,21,37,11,8
account_00000184,2026-01-25,31,22,43,40,31,13,36,10,8
account_00000184,2026-02-03,14,10,35,22,18,11,35,4,9
account_00000184,2026-02-13,28,20,44,27,23,7,23,10,10
account_00000184,2026-02-16,20,14,37,40,31,18,31,13,7
account_00000184,2026-02-20,27,19,35,48,41,23,33,17,9
account_00000184,2026-03-05,19,14,19,31,27,16,28,11,8
account_00000184,2026-03-18,14,10,29,17,15,10,32,7,10
account_00000184,2026-03-27,23,17,35,36,30,6,29,23,10
account_00000184,2026-03-30,18,13,23,22,17,9,41,7,8
account_00000184,2026-04-08,22,16,22,32,26,20,35,9,8
account_00000184,2026-04-12,29,21,65,38,33,13,34,11,8
account_00000184,2026-04-16,26,19,40,33,26,9,29,13,8
account_00000184,2026-04-25,13,9,19,21,18,4,26,6,9
account_00000184,2026-05-05,28,20,46,38,34,16,48,24,10
account_00000184,2026-05-10,15,11,26,21,20,8,56,7,10
account_00000184,2026-05-26,25,18,34,27,23,15,48,10,10
account_00000184,2026-05-28,30,22,49,52,46,27,39,20,10
account_00000184,2026-06-08,33,24,46,35,32,26,35,13,10
account_00000184,2026-06-09,33,24,69,54,50,16,45,20,10
account_00000184,2026-06-15,32,23,44,62,57,23,32,24,9
account_00000184,2026-06-27,20,14,39,32,29,12,31,10,10
account_00000192,2025-02-02,7,5,12,9,8,6,36,3,10
account_00000192,2025-02-03,6,4,10,8,7,2,36,3,10
account_00000192,2025-02-13,7,5,14,7,6,4,33,3,9
account_00000192,2025-02-20,8,6,8,9,8,2,33,1,10
account_00000192,2025-03-01,8,6,17,12,11,3,29,1,9
account_00000192,2025-03-04,7,5,21,4,3,0,34,2,10
account_00000192,2025-03-20,9,6,16,7,6,2,31,4,10
account_00000192,2025-03-23,10,7,15,12,10,7,46,6,10
account_00000192,2025-04-05,8,6,17,16,13,4,27,2,8
account_00000192,2025-04-09,6,4,14,5,4,1,33,3,10
account_00000192,2025-04-13,5,4,6,9,8,2,31,3,9
account_00000192,2025-04-28,5,4,5,6,5,7,39,3,10
account_00000192,2025-05-02,10,7,20,10,9,3,35,6,9
account_00000192,2025-05-19,8,6,8,0,0,0,27,0,9
account_00000192,2025-05-23,6,4,8,10,8,2,30,4,10
account_00000192,2025-05-27,10,7,14,8,7,5,32,3,9
account_00000192,2025-06-05,14,10,28,26,22,4,37,8,10
account_00000192,2025-06-08,13,9,22,18,17,7,28,6,10
account_00000192,2025-06-13,5,4,9,2,2,1,40,1,10
account_00000192,2025-06-14,12,9,23,17,16,7,42,10,10
account_00000192,2025-07-13,5,4,8,4,4,2,29,2,10
account_00000192,2025-07-16,8,6,11,8,6,3,38,2,10
account_00000192,2025-07-28,5,4,12,5,4,2,31,0,10
account_00000192,2025-07-30,5,4,14,11,9,6,46,4,10
account_00000192,2025-08-01,5,4,10,6,5,4,45,2,10
account_00000192,2025-08-11,7,5,10,7,6,4,32,1,10
account_00000192,2025-08-21,9,6,11,14,13,3,26,5,10
account_00000192,2025-08-25,11,8,18,17,15,7,29,11,9
account_00000192,2025-09-05,11,8,25,15,13,7,42,6,10
account_00000192,2025-09-10,7,5,13,5,5,4,38,0,10
account_00000192,2025-09-12,10,7,23,12,11,4,31,11,10
account_00000192,2025-09-20,6,4,13,9,8,5,37,1,9
account_00000192,2025-10-05,5,4,13,5,4,2,28,1,10
account_00000192,2025-10-15,7,5,8,4,3,0,53,2,10
account_00000192,2025-10-18,12,9,26,13,12,8,40,4,8
account_00000192,2025-10-20,7,5,16,6,6,2,47,2,9
account_00000192,2025-11-12,10,7,21,8,7,2,39,5,10
account_00000192,2025-11-20,5,4,7,4,3,2,31,2,10
account_00000192,2025-11-25,4,3,11,3,3,4,33,0,10
account_00000192,2025-11-27,5,4,5,2,2,1,48,1,10
account_00000192,2025-12-01,10,7,33,11,10,2,30,6,10
account_00000192,2025-12-09,7,5,13,6,5,3,34,1,10
account_00000192,2025-12-19,9,6,31,10,9,3,39,3,10
account_00000192,2025-12-23,11,8,21,12,11,4,30,4,9
account_00000192,2026-01-05,8,6,10,14,13,10,37,8,10
account_00000192,2026-01-17,9,6,10,7,6,7,35,4,9
account_00000192,2026-01-18,7,5,16,10,8,6,33,1,8
account_00000192,2026-01-21,5,4,5,6,5,0,26,1,9
account_00000192,2026-02-04,7,5,15,10,9,6,38,4,10
account_00000192,2026-02-14,8,6,11,11,9,2,37,5,10
account_00000192,2026-02-18,9,6,23,9,8,3,29,3,10
account_00000192,2026-02-24,12,9,15,16,14,8,43,6,9
account_00000192,2026-03-01,10,7,10,12,10,6,42,1,9
account_00000192,2026-03-12,9,6,19,11,9,2,25,5,10
account_00000192,2026-03-17,6,4,10,6,5,1,39,3,10
account_00000192,2026-03-20,6,4,11,10,9,1,25,8,10
account_00000192,2026-04-06,8,6,10,8,7,6,33,4,10
account_00000192,2026-04-15,4,3,7,4,3,3,23,3,10
account_00000192,2026-04-16,9,6,11,9,7,4,35,2,7
account_00000192,2026-04-22,4,3,9,1,1,1,38,0,10
account_00000192,2026-05-06,5,4,10,6,5,4,31,2,10
account_00000192,2026-05-08,11,8,27,14,12,5,40,5,10
account_00000192,2026-05-14,12,9,14,15,14,7,32,6,10
account_00000192,2026-05-28,11,8,21,12,11,5,36,7,10
account_00000192,2026-06-11,6,4,7,6,5,2,42,0,10
account_00000192,2026-06-13,10,7,15,19,16,7,35,4,9
account_00000192,2026-06-24,11,8,15,11,9,2,38,4,10
account_00000192,2026-06-26,5,4,8,9,8,4,25,5,10
account_00000197,2026-06-17,2,1,2,0,0,0,0,0,8
account_00000197,2026-06-18,1,1,1,2,2,1,0,1,7
account_00000197,2026-06-19,1,1,1,0,0,0,0,0,6
account_00000197,2026-06-30,1,1,5,0,0,0,0,0,8
account_00000204,2025-10-18,14,9,18,35,32,10,76,14,10
account_00000204,2025-10-19,25,16,46,55,45,30,81,20,10
account_00000204,2025-10-23,30,19,48,76,69,29,67,32,10
account_00000204,2025-10-28,33,20,60,80,73,42,69,38,10
account_00000204,2025-11-12,28,17,35,52,47,26,84,19,10
account_00000204,2025-11-14,19,12,36,36,32,23,72,18,10
account_00000204,2025-11-22,18,11,18,39,34,10,79,12,10
account_00000204,2025-11-30,12,7,27,24,22,11,62,12,10
account_00000204,2025-12-02,24,15,38,53,46,19,83,23,10
account_00000204,2025-12-05,28,17,44,69,61,33,81,27,10
account_00000204,2025-12-08,23,14,23,51,47,26,53,17,10
account_00000204,2025-12-19,20,12,38,58,52,30,78,25,10
account_00000204,2026-01-14,16,10,33,35,29,18,82,11,10
account_00000204,2026-01-21,22,14,45,64,63,36,84,24,10
account_00000204,2026-01-25,20,12,42,51,45,28,78,16,10
account_00000204,2026-01-27,32,20,36,79,74,37,88,27,10
account_00000204,2026-02-17,29,18,29,57,50,27,93,20,10
account_00000204,2026-02-24,13,8,27,25,24,11,88,5,10
account_00000204,2026-02-26,22,14,48,58,51,28,78,22,10
account_00000204,2026-02-27,31,19,65,80,72,35,98,27,10
account_00000204,2026-03-01,22,14,37,59,56,30,96,30,10
account_00000204,2026-03-02,29,18,71,58,54,31,84,25,10
account_00000204,2026-03-19,13,8,39,31,30,11,75,18,10
account_00000204,2026-03-20,20,12,20,49,46,23,85,18,10
account_00000204,2026-04-09,24,15,26,59,55,26,71,23,10
account_00000204,2026-04-14,20,12,34,42,38,19,71,24,10
account_00000204,2026-04-19,25,16,35,45,39,32,88,18,10
account_00000204,2026-04-25,31,19,51,73,65,39,61,19,10
account_00000204,2026-05-02,24,15,39,58,50,22,69,17,10
account_00000204,2026-05-07,30,19,50,53,47,28,75,25,10
account_00000204,2026-05-26,22,14,35,51,48,24,83,24,10
account_00000204,2026-05-27,29,18,68,64,61,29,72,20,10
account_00000204,2026-06-06,33,20,51,73,65,38,64,42,10
account_00000204,2026-06-07,29,18,54,63,52,28,76,22,10
account_00000204,2026-06-28,26,16,49,63,53,41,85,19,10
account_00000204,2026-06-30,18,11,40,41,36,26,74,18,10
account_00000205,2026-05-10,1,1,1,2,2,2,19,0,10
account_00000205,2026-05-23,1,1,3,1,1,0,5,0,7
account_00000205,2026-05-26,1,1,2,0,0,0,12,0,9
account_00000205,2026-05-27,1,1,3,0,0,0,9,0,6
account_00000205,2026-06-01,1,1,1,0,0,0,19,0,8
account_00000205,2026-06-03,1,1,1,0,0,0,15,0,8
account_00000205,2026-06-12,1,1,1,1,1,1,16,0,9
account_00000205,2026-06-25,1,1,2,0,0,0,15,0,8
account_00000206,2026-02-13,15,11,20,24,20,8,12,7,6
account_00000206,2026-02-17,8,6,21,9,8,6,17,6,8
account_00000206,2026-02-18,18,13,18,32,28,8,14,14,9
account_00000206,2026-02-26,15,11,24,25,22,10,19,9,8
account_00000206,2026-03-06,13,9,18,16,14,6,18,2,8
account_00000206,2026-03-18,9,6,9,19,15,11,18,6,8
account_00000206,2026-03-19,11,8,28,26,21,12,14,14,10
account_00000206,2026-03-28,15,11,25,13,11,5,11,7,10
account_00000206,2026-04-02,10,7,17,12,10,4,17,7,8
account_00000206,2026-04-04,19,14,26,24,21,6,27,13,9
account_00000206,2026-04-11,11,8,11,19,17,9,20,10,10
account_00000206,2026-04-14,17,12,35,21,18,13,19,6,9
account_00000206,2026-05-05,17,12,17,27,23,13,14,9,9
account_00000206,2026-05-13,9,6,26,9,7,5,18,7,9
account_00000206,2026-05-14,17,12,31,27,22,11,13,10,9
account_00000206,2026-05-25,11,8,25,19,17,9,22,6,8
account_00000206,2026-06-09,15,11,17,28,23,8,13,14,10
account_00000206,2026-06-16,13,9,36,26,23,12,17,13,10
account_00000206,2026-06-18,14,10,19,17,16,8,12,11,9
account_00000206,2026-06-24,8,6,22,11,9,3,19,2,8
account_00000207,2025-05-03,25,18,33,40,36,22,26,18,10
account_00000207,2025-05-06,19,14,36,38,33,14,38,15,10
account_00000207,2025-05-16,27,19,42,44,37,14,37,20,10
account_00000207,2025-05-22,23,17,49,36,31,14,43,11,10
account_00000207,2025-06-02,18,13,23,24,21,11,40,8,10
account_00000207,2025-06-03,19,14,36,34,27,11,34,10,9
account_00000207,2025-06-18,25,18,36,31,27,18,36,11,9
account_00000207,2025-06-19,14,10,27,26,24,11,51,11,10
account_00000207,2025-07-01,24,17,31,32,28,20,36,14,10
account_00000207,2025-07-20,15,11,37,22,21,9,36,6,10
account_00000207,2025-07-27,18,13,44,29,26,9,33,8,10
account_00000207,2025-07-31,18,13,42,34,32,21,42,15,9
account_00000207,2025-08-13,18,13,18,21,19,9,54,10,10
account_00000207,2025-08-14,24,17,45,40,35,17,48,21,10
account_00000207,2025-08-21,21,15,43,42,39,24,30,8,7
account_00000207,2025-08-23,12,9,17,24,20,9,29,6,10
account_00000207,2025-09-14,12,9,12,16,13,8,44,1,10
account_00000207,2025-09-17,18,13,23,31,28,9,37,17,10
account_00000207,2025-09-21,12,9,16,22,19,11,40,8,10
account_00000207,2025-09-30,27,19,42,47,43,21,37,14,10
account_00000207,2025-10-04,19,14,23,33,32,20,42,17,10
account_00000207,2025-10-16,29,21,57,36,32,14,28,15,10
account_00000207,2025-10-27,13,9,34,11,9,2,27,0,9
account_00000207,2025-10-29,27,19,31,47,43,20,34,27,10
account_00000207,2025-11-02,32,23,45,45,36,19,37,16,9
account_00000207,2025-11-16,28,20,43,43,34,19,41,24,10
account_00000207,2025-11-18,13,9,24,18,15,8,26,8,9
account_00000207,2025-11-27,22,16,33,25,21,17,28,8,10
account_00000207,2025-12-03,15,11,27,21,19,12,37,8,10
account_00000207,2025-12-05,15,11,27,24,22,12,38,13,10
account_00000207,2025-12-06,25,18,41,43,36,16,40,18,10
account_00000207,2025-12-31,29,21,78,43,37,22,34,14,10
account_00000207,2026-01-04,29,21,35,40,39,22,31,12,10
account_00000207,2026-01-06,13,9,22,16,15,8,38,7,10
account_00000207,2026-01-13,24,17,44,32,27,15,37,11,10
account_00000207,2026-01-29,26,19,40,46,42,17,39,24,10
account_00000207,2026-02-10,12,9,17,17,14,4,46,6,10
account_00000207,2026-02-12,21,15,26,37,33,14,37,11,10
account_00000207,2026-02-17,21,15,39,33,31,13,36,13,9
account_00000207,2026-02-23,23,17,40,34,29,18,29,14,10
account_00000207,2026-03-02,15,11,31,23,22,17,42,6,10
account_00000207,2026-03-05,29,21,38,40,39,18,30,24,9
account_00000207,2026-03-11,15,11,41,21,19,13,59,7,10
account_00000207,2026-03-12,29,21,57,48,47,31,35,19,10
account_00000207,2026-04-05,18,13,50,27,25,16,35,14,10
account_00000207,2026-04-11,32,23,52,43,39,19,36,19,10
account_00000207,2026-04-18,19,14,44,33,30,14,34,18,10
account_00000207,2026-04-29,19,14,46,21,19,10,36,7,10
account_00000207,2026-05-16,16,12,30,29,26,11,40,16,10
account_00000207,2026-05-17,23,17,30,29,28,19,45,18,10
account_00000207,2026-05-18,23,17,38,30,27,23,41,11,10
account_00000207,2026-05-24,20,14,32,35,30,17,37,10,10
account_00000207,2026-06-11,26,19,43,48,44,24,41,15,10
account_00000207,2026-06-19,15,11,32,18,16,8,31,5,10
account_00000207,2026-06-23,20,14,42,34,31,16,37,8,10
account_00000207,2026-06-27,31,22,31,48,42,17,38,13,10
account_00000208,2025-04-01,2,1,6,1,1,0,14,0,8
account_00000208,2025-04-02,4,3,7,2,2,0,12,0,9
account_00000208,2025-04-14,4,3,4,3,2,1,19,0,6
account_00000208,2025-04-24,3,2,8,8,6,3,18,4,7
account_00000208,2025-05-07,4,3,6,5,4,1,12,0,7
account_00000208,2025-05-17,4,3,10,3,2,0,16,1,7
account_00000208,2025-05-18,2,1,6,1,1,1,8,0,8
account_00000208,2025-05-26,3,2,11,4,3,0,13,1,7
account_00000208,2025-06-05,2,1,4,0,0,0,9,0,8
account_00000208,2025-06-07,2,1,5,2,2,1,17,1,8
account_00000208,2025-06-14,3,2,7,2,2,0,13,0,5
account_00000208,2025-06-22,1,1,1,0,0,0,8,0,7
account_00000208,2025-07-18,4,3,4,2,2,1,17,4,9
account_00000208,2025-07-20,4,3,10,6,5,1,15,2,10
account_00000208,2025-07-23,3,2,3,6,5,2,20,2,10
account_00000208,2025-07-25,3,2,5,2,2,0,19,0,8
account_00000208,2025-08-01,2,1,3,1,1,0,12,1,6
account_00000208,2025-08-08,5,4,5,6,5,2,18,1,8
account_00000208,2025-08-09,3,2,7,3,3,0,11,0,7
account_00000208,2025-08-26,2,1,4,2,2,1,10,1,7
account_00000208,2025-09-03,6,4,6,13,11,7,20,3,8
account_00000208,2025-09-08,3,2,12,2,2,0,18,0,8
account_00000208,2025-09-13,3,2,3,4,3,0,21,0,9
account_00000208,2025-09-30,3,2,3,4,3,4,22,0,9
account_00000208,2025-10-04,2,1,6,2,2,1,15,1,10
account_00000208,2025-10-09,4,3,9,1,1,0,18,1,8
account_00000208,2025-10-10,4,3,5,4,4,1,21,0,9
account_00000208,2025-10-27,3,2,8,3,3,0,19,2,8
account_00000208,2025-11-06,2,1,3,3,3,0,9,1,8
account_00000208,2025-11-08,4,3,10,6,5,1,12,2,7
account_00000208,2025-11-09,3,2,6,3,2,1,12,1,7
account_00000208,2025-11-21,4,3,8,3,2,1,16,1,7
account_00000208,2025-12-01,2,1,8,5,4,1,10,1,7
account_00000208,2025-12-03,3,2,5,6,5,1,17,1,6
account_00000208,2025-12-27,4,3,15,7,6,5,14,2,9
account_00000208,2025-12-29,2,1,2,3,2,0,12,0,10
account_00000208,2026-01-01,2,1,2,1,1,0,20,0,7
account_00000208,2026-01-02,2,1,3,0,0,0,15,0,7
account_00000208,2026-01-06,2,1,3,0,0,0,16,0,7
account_00000208,2026-01-22,2,1,4,3,2,0,8,0,9
account_00000208,2026-02-02,3,2,12,6,5,4,17,1,8
account_00000208,2026-02-07,4,3,9,4,3,3,9,1,6
account_00000208,2026-02-15,4,3,10,7,6,3,19,1,8
account_00000208,2026-02-20,2,1,4,3,2,1,18,0,8
account_00000208,2026-03-06,4,3,10,5,4,1,12,0,10
account_00000208,2026-03-08,2,1,8,2,2,1,13,1,8
account_00000208,2026-03-16,3,2,3,5,4,0,19,2,10
account_00000208,2026-03-22,4,3,4,7,6,2,20,2,6
account_00000208,2026-04-12,2,1,6,2,1,0,9,0,8
account_00000208,2026-04-16,3,2,5,3,2,1,13,3,8
account_00000208,2026-04-17,3,2,6,3,2,1,9,1,7
account_00000208,2026-04-22,2,1,7,3,2,1,9,1,7
account_00000208,2026-05-01,2,1,6,5,4,0,14,1,9
account_00000208,2026-05-21,2,1,2,1,1,0,3,0,6
account_00000208,2026-05-24,1,1,3,1,1,1,7,0,7
account_00000208,2026-05-29,3,2,13,4,3,1,10,0,4
account_00000208,2026-06-05,3,2,6,3,2,1,12,0,7
account_00000208,2026-06-20,2,1,3,0,0,0,15,0,6
account_00000208,2026-06-24,2,1,3,2,2,1,16,0,9
account_00000208,2026-06-30,4,3,7,2,2,1,8,0,6
account_00000213,2026-06-06,13,9,15,19,16,8,26,8,9
account_00000213,2026-06-07,19,14,32,27,22,8,36,7,10
account_00000213,2026-06-13,25,18,39,34,27,9,31,13,9
account_00000213,2026-06-18,18,13,27,24,19,10,30,12,10
account_00000221,2025-10-16,12,9,12,20,16,2,0,7,8
account_00000221,2025-10-17,12,9,20,8,7,1,0,2,7
account_00000221,2025-10-18,9,6,20,9,8,0,0,7,8
account_00000221,2025-10-26,12,9,24,10,8,1,0,3,7
account_00000221,2025-11-06,9,6,9,9,8,2,0,2,5
account_00000221,2025-11-10,10,7,13,17,14,6,0,10,5
account_00000221,2025-11-14,5,4,7,8,6,2,0,5,7
account_00000221,2025-11-15,10,7,15,10,8,2,0,5,6
account_00000221,2025-12-08,10,7,15,14,13,3,0,9,8
account_00000221,2025-12-19,8,6,23,9,8,5,0,2,8
account_00000221,2025-12-20,9,6,17,7,6,0,0,1,7
account_00000221,2025-12-23,10,7,20,6,5,1,0,2,8
account_00000221,2026-01-04,8,6,8,7,6,0,0,5,9
account_00000221,2026-01-19,8,6,12,11,10,4,0,5,9
account_00000221,2026-01-24,14,10,21,19,17,4,0,11,9
account_00000221,2026-01-28,12,9,16,9,8,2,0,3,9
account_00000221,2026-02-05,7,5,17,12,10,2,0,4,9
account_00000221,2026-02-07,4,3,8,6,5,3,0,1,6
account_00000221,2026-02-09,9,6,12,7,6,0,0,3,7
account_00000221,2026-02-24,7,5,9,9,7,0,0,3,7
account_00000221,2026-03-10,7,5,16,12,11,3,0,3,8
account_00000221,2026-03-19,6,4,10,7,6,0,0,3,8
account_00000221,2026-03-26,12,9,26,10,9,4,0,6,8
account_00000221,2026-03-27,12,9,12,19,16,3,0,1,8
account_00000221,2026-04-20,6,4,8,4,3,0,0,2,9
account_00000221,2026-04-22,12,9,22,18,15,2,0,7,6
account_00000221,2026-04-26,11,8,36,11,9,2,0,2,6
account_00000221,2026-04-28,9,6,14,9,6,2,0,2,6
account_00000221,2026-05-01,7,5,8,13,12,2,0,5,6
account_00000221,2026-05-02,5,4,6,12,10,3,0,6,6
account_00000221,2026-05-05,8,6,24,3,2,1,0,1,5
account_00000221,2026-05-27,8,6,17,14,11,2,0,5,8
account_00000221,2026-06-02,11,8,13,6,5,0,0,3,8
account_00000221,2026-06-26,10,7,12,19,15,4,0,10,8
account_00000221,2026-06-28,13,9,27,14,13,4,0,6,7
account_00000221,2026-06-29,6,4,17,9,8,4,0,1,8
account_00000222,2025-02-11,22,16,60,31,27,18,17,10,9
account_00000222,2025-02-12,16,12,27,24,20,12,13,6,10
account_00000222,2025-02-23,28,20,68,51,46,23,16,16,10
account_00000222,2025-02-24,27,19,48,32,28,16,24,10,9
account_00000222,2025-03-11,11,8,27,15,12,6,14,9,7
account_00000222,2025-03-12,25,18,45,28,23,14,13,8,9
account_00000222,2025-03-21,23,17,47,32,29,12,14,18,8
account_00000222,2025-03-24,17,12,32,29,23,16,15,10,9
account_00000222,2025-04-01,18,13,22,33,29,17,29,12,9
account_00000222,2025-04-08,16,12,30,28,26,12,10,10,10
account_00000222,2025-04-18,24,17,57,35,31,8,19,8,10
account_00000222,2025-04-30,33,24,35,58,53,27,22,32,8
account_00000222,2025-05-04,14,10,27,17,15,13,14,2,9
account_00000222,2025-05-08,25,18,29,44,38,11,17,10,8
account_00000222,2025-05-24,19,14,22,22,18,13,18,5,8
account_00000222,2025-05-30,24,17,25,39,30,12,21,16,10
account_00000222,2025-06-02,28,20,40,44,36,21,19,19,8
account_00000222,2025-06-04,21,15,42,24,20,8,14,10,8
account_00000222,2025-06-08,16,12,16,28,26,15,14,20,8
account_00000222,2025-06-29,22,16,44,32,27,11,17,8,7
account_00000222,2025-07-02,30,22,57,43,37,30,22,15,10
account_00000222,2025-07-06,12,9,20,16,14,7,22,6,10
account_00000222,2025-07-14,27,19,36,45,44,27,12,11,9
account_00000222,2025-07-21,23,17,37,36,32,15,21,10,10
account_00000222,2025-08-05,30,22,51,43,37,17,14,13,9
account_00000222,2025-08-12,17,12,34,17,15,9,16,16,9
account_00000222,2025-08-16,21,15,40,29,26,17,20,14,10
account_00000222,2025-08-19,15,11,24,22,19,13,21,5,10
account_00000222,2025-09-06,32,23,48,44,42,19,23,21,9
account_00000222,2025-09-10,17,12,33,27,25,19,14,11,9
account_00000222,2025-09-11,24,17,37,40,38,15,25,12,9
account_00000222,2025-09-28,25,18,52,41,39,20,15,16,10
account_00000222,2025-10-05,29,21,55,45,39,24,14,17,9
account_00000222,2025-10-08,24,17,59,41,36,18,20,14,9
account_00000222,2025-10-18,27,19,58,49,46,16,12,19,8
account_00000222,2025-10-30,33,24,43,52,46,19,14,16,9
account_00000222,2025-11-11,13,9,25,25,24,10,24,10,10
account_00000222,2025-11-16,33,24,80,37,35,18,17,16,10
account_00000222,2025-11-23,16,12,42,24,20,9,12,15,10
account_00000222,2025-11-24,18,13,25,45,39,25,22,16,9
account_00000222,2025-12-10,21,15,45,32,27,16,12,7,8
account_00000222,2025-12-13,22,16,38,25,21,16,11,9,8
account_00000222,2025-12-24,11,8,15,11,9,4,14,0,10
account_00000222,2025-12-30,17,12,25,19,15,11,17,9,7
account_00000222,2026-01-01,20,14,37,34,30,12,16,13,10
account_00000222,2026-01-04,24,17,52,31,27,16,23,11,10
account_00000222,2026-01-09,24,17,30,44,38,23,22,12,9
account_00000222,2026-01-13,19,14,31,40,37,22,21,15,10
account_00000222,2026-02-01,25,18,41,31,25,15,15,15,8
account_00000222,2026-02-02,29,21,39,51,45,23,21,14,8
account_00000222,2026-02-20,27,19,32,52,44,23,8,12,10
account_00000222,2026-02-21,22,16,43,39,33,16,16,25,9
account_00000222,2026-03-09,25,18,45,43,38,26,19,18,10
account_00000222,2026-03-22,21,15,27,30,29,14,20,11,10
account_00000222,2026-03-26,14,10,31,28,26,13,21,12,10
account_00000222,2026-03-28,26,19,54,47,42,15,21,19,10
account_00000222,2026-04-06,13,9,16,17,15,9,19,13,10
account_00000222,2026-04-12,30,22,64,40,36,23,31,20,10
account_00000222,2026-04-16,18,13,33,19,18,9,24,5,10
account_00000222,2026-04-17,32,23,41,46,39,18,15,21,10
account_00000222,2026-05-06,22,16,31,30,26,13,13,12,9
account_00000222,2026-05-16,14,10,28,14,13,3,24,5,10
account_00000222,2026-05-17,25,18,25,43,42,17,14,27,10
account_00000222,2026-05-30,31,22,54,49,44,18,22,18,9
account_00000222,2026-06-06,30,22,48,43,36,26,18,17,8
account_00000222,2026-06-14,13,9,13,22,21,12,21,5,10
account_00000222,2026-06-29,30,22,32,48,42,31,19,26,10
account_00000222,2026-06-30,28,20,43,41,38,18,11,13,8
account_00000228,2025-04-04,1,1,4,2,2,1,0,0,7
account_00000228,2025-04-06,2,1,6,0,0,0,0,0,8
account_00000228,2025-04-17,1,1,3,1,1,1,0,0,7
account_00000228,2025-04-29,1,1,4,1,1,0,0,1,6
account_00000228,2025-05-02,1,1,2,1,1,0,0,1,5
account_00000228,2025-05-09,2,1,4,0,0,0,0,0,7
account_00000228,2025-05-12,2,1,5,3,3,0,0,2,7
account_00000228,2025-05-20,1,1,1,0,0,0,0,0,6
account_00000228,2025-06-05,1,1,1,1,1,0,0,0,6
account_00000228,2025-06-08,1,1,3,3,2,0,0,1,8
account_00000228,2025-06-16,1,1,1,1,1,0,0,0,8
account_00000228,2025-06-26,1,1,2,2,2,0,0,2,6
account_00000228,2025-07-06,1,1,4,0,0,0,0,0,8
account_00000228,2025-07-22,1,1,1,1,1,0,0,1,6
account_00000228,2025-07-29,1,1,1,0,0,0,0,0,8
account_00000228,2025-07-30,1,1,2,1,1,0,0,1,6
account_00000228,2025-08-01,2,1,3,2,2,0,0,1,8
account_00000228,2025-08-02,1,1,1,1,1,0,0,0,5
account_00000228,2025-08-11,1,1,1,1,1,1,0,0,7
account_00000228,2025-08-18,1,1,3,1,1,1,0,0,8
account_00000228,2025-09-02,1,1,1,1,1,0,0,0,6
account_00000228,2025-09-08,2,1,3,1,1,0,0,0,7
account_00000228,2025-09-09,1,1,1,1,1,0,0,0,7
account_00000228,2025-09-21,1,1,4,0,0,0,0,0,6
account_00000228,2025-10-01,2,1,3,3,2,1,0,3,8
account_00000228,2025-10-12,1,1,1,2,2,0,0,2,8
account_00000228,2025-10-14,1,1,2,0,0,0,0,0,7
account_00000228,2025-10-30,1,1,2,2,2,1,0,0,8
account_00000228,2025-11-03,2,1,5,2,2,0,0,2,6
account_00000228,2025-11-11,1,1,1,2,2,0,0,0,6
account_00000228,2025-11-13,1,1,1,0,0,0,0,0,8
account_00000228,2025-11-17,2,1,3,1,1,0,0,0,7
account_00000228,2025-12-03,1,1,1,1,1,0,0,3,8
account_00000228,2025-12-09,1,1,2,2,2,0,0,0,9
account_00000228,2025-12-13,2,1,2,1,1,0,0,0,7
account_00000228,2025-12-23,1,1,3,1,1,0,0,0,7
account_00000228,2026-01-04,2,1,2,0,0,0,0,0,7
account_00000228,2026-01-07,1,1,2,3,2,0,0,2,6
account_00000228,2026-01-24,1,1,2,0,0,0,0,0,5
account_00000228,2026-01-31,2,1,5,0,0,0,0,1,8
account_00000228,2026-02-02,1,1,3,0,0,0,0,0,6
account_00000228,2026-02-03,1,1,1,0,0,0,0,0,9
account_00000228,2026-02-10,1,1,2,1,1,0,0,1,7
account_00000228,2026-02-22,1,1,1,1,1,0,0,0,7
account_00000228,2026-03-04,1,1,1,2,2,0,0,0,6
account_00000228,2026-03-09,1,1,1,0,0,0,0,0,6
account_00000228,2026-03-29,1,1,1,2,2,0,0,1,8
account_00000228,2026-03-30,1,1,1,2,2,0,0,0,8
account_00000228,2026-04-02,1,1,5,1,1,0,0,0,5
account_00000228,2026-04-16,1,1,1,0,0,0,0,0,5
account_00000228,2026-04-20,1,1,3,1,1,0,0,0,7
account_00000228,2026-04-26,1,1,1,0,0,0,0,0,7
account_00000228,2026-05-06,1,1,2,2,2,0,0,1,7
account_00000228,2026-05-09,1,1,3,0,0,0,0,0,7
account_00000228,2026-05-14,1,1,2,0,0,0,0,0,6
account_00000228,2026-05-31,1,1,3,1,1,0,0,1,6
account_00000228,2026-06-16,1,1,1,1,1,0,0,0,6
account_00000228,2026-06-20,1,1,1,0,0,0,0,1,7
account_00000228,2026-06-29,1,1,1,2,2,0,0,1,9
account_00000228,2026-06-30,1,1,1,0,0,0,0,0,6
account_00000229,2024-05-14,3,2,15,1,1,1,0,1,8
account_00000229,2024-05-16,2,1,3,0,0,0,0,0,7
account_00000229,2024-05-22,2,1,2,0,0,0,0,0,7
account_00000229,2024-05-28,1,1,1,0,0,0,0,0,8
account_00000229,2024-06-02,2,1,2,1,1,0,0,0,7
account_00000229,2024-06-03,1,1,1,2,2,3,0,1,6
account_00000229,2024-06-06,2,1,5,1,1,0,0,0,6
account_00000229,2024-06-10,2,1,2,2,2,1,0,1,7
account_00000229,2024-07-06,1,1,1,1,1,0,0,0,7
account_00000229,2024-07-12,2,1,6,0,0,0,0,0,6
account_00000229,2024-07-13,1,1,2,0,0,0,0,0,6
account_00000229,2024-07-29,1,1,2,1,1,0,0,0,7
account_00000229,2024-08-04,3,2,8,2,2,0,0,0,6
account_00000229,2024-08-11,2,1,4,2,1,0,0,1,7
account_00000229,2024-08-20,1,1,2,0,0,0,0,0,5
account_00000229,2024-08-29,1,1,1,2,2,1,0,1,8
account_00000229,2024-09-02,2,1,4,3,2,0,0,0,8
account_00000229,2024-09-06,2,1,5,3,2,1,0,1,6
account_00000229,2024-09-15,1,1,4,1,1,0,0,0,7
account_00000229,2024-09-17,2,1,5,1,1,1,0,2,7
account_00000229,2024-10-04,2,1,4,3,2,1,0,1,6
account_00000229,2024-10-16,3,2,4,0,0,0,0,0,7
account_00000229,2024-10-19,2,1,4,2,2,0,0,1,7
account_00000229,2024-10-27,3,2,3,1,1,0,0,0,6
account_00000229,2024-11-03,3,2,3,0,0,0,0,0,7
account_00000229,2024-11-14,1,1,2,0,0,0,0,0,7
account_00000229,2024-11-17,2,1,2,2,2,1,0,0,6
account_00000229,2024-11-20,1,1,1,3,2,1,0,4,6
account_00000229,2024-12-02,2,1,5,2,2,1,0,0,6
account_00000229,2024-12-05,2,1,3,1,1,1,0,0,7
account_00000229,2024-12-19,3,2,11,0,0,0,0,0,9
account_00000229,2024-12-23,2,1,3,1,1,0,0,1,6
account_00000229,2025-01-14,1,1,3,1,1,0,0,0,9
account_00000229,2025-01-20,1,1,1,0,0,0,0,0,6
account_00000229,2025-01-22,2,1,2,3,3,0,0,2,9
account_00000229,2025-01-29,2,1,2,4,3,0,0,2,7
account_00000229,2025-02-02,1,1,2,0,0,0,0,0,5
account_00000229,2025-02-16,2,1,3,0,0,0,0,0,5
account_00000229,2025-02-21,1,1,2,2,2,0,0,0,7
account_00000229,2025-02-28,1,1,2,1,1,0,0,0,7
account_00000229,2025-03-02,2,1,2,0,0,0,0,0,5
account_00000229,2025-03-13,1,1,1,1,1,0,0,1,8
account_00000229,2025-03-17,2,1,5,0,0,0,0,0,9
account_00000229,2025-03-26,2,1,5,4,3,2,0,3,6
account_00000229,2025-04-06,2,1,2,2,2,0,0,0,7
account_00000229,2025-04-08,3,2,4,5,4,2,0,1,8
account_00000229,2025-04-11,2,1,3,2,2,0,0,0,8
account_00000229,2025-04-24,2,1,2,0,0,0,0,0,6
account_00000229,2025-05-07,2,1,3,2,2,0,0,0,6
account_00000229,2025-05-21,2,1,3,3,2,1,0,2,8
account_00000229,2025-05-23,2,1,3,0,0,0,0,0,6
account_00000229,2025-05-24,2,1,5,3,2,1,0,1,6
account_00000229,2025-06-04,1,1,1,1,1,0,0,0,10
account_00000229,2025-06-13,3,2,3,2,2,0,0,1,8
account_00000229,2025-06-15,3,2,3,1,1,0,0,1,6
account_00000229,2025-06-22,2,1,2,1,1,0,0,1,8
account_00000229,2025-07-03,1,1,3,0,0,0,0,0,5
account_00000229,2025-07-08,2,1,3,2,2,0,0,3,5
account_00000229,2025-07-17,1,1,1,0,0,0,0,0,7
account_00000229,2025-07-30,2,1,6,0,0,0,0,1,7
account_00000229,2025-08-02,3,2,5,3,3,1,0,1,8
account_00000229,2025-08-15,2,1,2,2,2,1,0,0,7
account_00000229,2025-08-26,1,1,1,1,1,2,0,0,8
account_00000229,2025-08-30,2,1,6,2,2,0,0,0,6
account_00000229,2025-09-11,3,2,4,2,2,0,0,1,8
account_00000229,2025-09-15,2,1,2,0,0,0,0,0,7
account_00000229,2025-09-22,3,2,3,2,2,0,0,3,7
account_00000229,2025-09-24,2,1,2,2,2,0,0,1,8
account_00000229,2025-10-08,1,1,1,2,2,0,0,1,8
account_00000229,2025-10-12,3,2,8,4,3,0,0,0,6
account_00000229,2025-10-17,2,1,3,1,1,0,0,0,6
account_00000229,2025-10-26,2,1,4,3,3,1,0,2,6
account_00000229,2025-11-03,1,1,2,1,1,0,0,0,7
account_00000229,2025-11-18,2,1,4,1,1,0,0,1,6
account_00000229,2025-11-23,1,1,2,0,0,0,0,1,8
account_00000229,2025-11-28,1,1,2,1,1,0,0,0,8
account_00000229,2025-12-01,3,2,9,1,1,0,0,0,9
account_00000229,2025-12-11,3,2,8,1,1,0,0,0,6
account_00000229,2025-12-14,3,2,4,1,1,0,0,1,8
account_00000229,2025-12-28,2,1,2,3,2,0,0,1,8
account_00000229,2026-01-01,2,1,2,2,2,0,0,0,7
account_00000229,2026-01-20,1,1,1,1,1,0,0,1,7
account_00000229,2026-01-21,2,1,3,3,3,0,0,0,6
account_00000229,2026-01-31,1,1,1,1,1,0,0,0,8
account_00000229,2026-02-10,1,1,2,1,1,0,0,3,7
account_00000229,2026-02-18,2,1,2,2,2,0,0,1,6
account_00000229,2026-02-25,1,1,3,0,0,0,0,0,7
account_00000229,2026-02-27,1,1,1,2,2,0,0,0,7
account_00000229,2026-03-04,3,2,3,2,2,0,0,4,7
account_00000229,2026-03-06,2,1,3,1,1,0,0,0,6
account_00000229,2026-03-15,2,1,5,0,0,0,0,0,7
account_00000229,2026-03-27,1,1,1,0,0,0,0,1,9
account_00000229,2026-04-07,2,1,3,0,0,0,0,0,6
account_00000229,2026-04-13,2,1,4,1,1,0,0,0,7
account_00000229,2026-04-23,2,1,4,2,2,0,0,1,6
account_00000229,2026-04-27,2,1,3,3,2,1,0,1,8
account_00000229,2026-05-01,3,2,7,3,3,1,0,0,7
account_00000229,2026-05-07,2,1,2,0,0,0,0,0,8
account_00000229,2026-05-19,3,2,3,0,0,0,0,0,8
account_00000229,2026-05-23,1,1,2,1,1,0,0,1,6
account_00000229,2026-06-11,1,1,1,1,1,0,0,0,8
account_00000229,2026-06-22,2,1,4,1,1,0,0,0,7
account_00000229,2026-06-23,2,1,6,0,0,0,0,0,5
account_00000229,2026-06-30,3,2,3,4,4,0,0,2,8
account_00000230,2026-04-11,1,1,3,2,1,0,0,0,7
account_00000230,2026-04-19,1,1,4,1,1,0,0,3,7
account_00000230,2026-04-22,1,1,1,1,1,0,0,0,6
account_00000230,2026-04-30,1,1,1,1,1,0,0,0,8
account_00000230,2026-05-02,1,1,3,0,0,0,0,0,6
account_00000230,2026-05-05,1,1,1,2,2,0,0,1,8
account_00000230,2026-05-16,1,1,1,1,1,1,0,1,7
account_00000230,2026-05-22,1,1,1,4,3,0,0,0,6
account_00000230,2026-06-05,1,1,1,0,0,0,0,0,6
account_00000230,2026-06-12,1,1,3,1,1,0,0,1,9
account_00000230,2026-06-25,1,1,2,0,0,0,0,0,6
account_00000230,2026-06-26,1,1,4,0,0,0,0,0,6
account_00000234,2024-09-08,26,19,50,44,36,15,8,19,9
account_00000234,2024-09-13,24,17,34,32,26,10,19,10,8
account_00000234,2024-09-23,15,11,15,25,19,13,14,11,8
account_00000234,2024-09-24,15,11,31,20,16,7,9,9,7
account_00000234,2024-10-03,26,19,51,47,35,22,11,9,10
account_00000234,2024-10-06,20,14,26,40,34,16,17,18,7
account_00000234,2024-10-07,16,12,16,36,29,11,16,15,6
account_00000234,2024-10-21,19,14,31,22,19,7,11,10,8
account_00000234,2024-11-03,12,9,30,27,21,5,12,8,8
account_00000234,2024-11-04,22,16,35,32,25,8,16,13,9
account_00000234,2024-11-10,14,10,24,24,20,6,15,12,9
account_00000234,2024-11-12,22,16,29,28,21,7,11,11,8
account_00000234,2024-12-03,22,16,62,25,20,9,9,12,9
account_00000234,2024-12-09,23,17,38,54,43,18,11,20,9
account_00000234,2024-12-23,10,7,18,17,15,3,23,6,9
account_00000234,2024-12-25,20,14,30,26,21,8,7,11,8
account_00000234,2025-01-03,28,20,54,41,35,16,17,11,9
account_00000234,2025-01-04,23,17,24,31,27,12,11,12,9
account_00000234,2025-01-16,28,20,39,34,29,18,14,7,9
account_00000234,2025-01-18,27,19,27,34,28,15,10,18,9
account_00000234,2025-02-06,11,8,19,14,12,4,18,4,9
account_00000234,2025-02-09,13,9,19,20,16,11,13,12,10
account_00000234,2025-02-18,16,12,19,14,12,3,16,5,9
account_00000234,2025-02-26,19,14,24,20,19,5,22,9,10
account_00000234,2025-03-01,11,8,15,14,12,9,14,2,8
account_00000234,2025-03-20,10,7,17,21,17,11,15,7,8
account_00000234,2025-03-21,11,8,17,9,8,3,19,7,8
account_00000234,2025-03-28,15,11,22,26,21,15,15,13,6
account_00000234,2025-04-10,27,19,37,39,32,14,18,23,7
account_00000234,2025-04-11,27,19,60,36,30,12,11,12,8
account_00000234,2025-04-15,21,15,25,37,32,12,9,18,9
account_00000234,2025-04-23,23,17,34,40,31,15,13,8,8
account_00000234,2025-05-13,13,9,35,18,14,1,20,6,6
account_00000234,2025-05-14,23,17,28,40,36,14,14,18,10
account_00000234,2025-05-15,27,19,43,36,31,11,10,12,8
account_00000234,2025-05-23,24,17,41,35,29,9,19,13,7
account_00000234,2025-06-04,31,22,31,43,36,15,15,14,9
account_00000234,2025-06-19,27,19,28,27,22,13,18,12,9
account_00000234,2025-06-25,23,17,50,32,28,9,13,15,10
account_00000234,2025-06-30,24,17,39,32,30,17,12,14,9
account_00000234,2025-07-08,22,16,38,37,31,15,27,12,8
account_00000234,2025-07-19,27,19,48,55,45,22,18,21,8
account_00000234,2025-07-27,11,8,13,18,15,10,18,8,10
account_00000234,2025-07-30,22,16,48,31,26,13,18,16,9
account_00000234,2025-08-04,28,20,51,45,37,18,26,9,9
account_00000234,2025-08-05,17,12,31,28,22,9,15,12,9
account_00000234,2025-08-13,20,14,26,40,35,12,19,11,9
account_00000234,2025-08-21,12,9,27,12,10,6,10,6,9
account_00000234,2025-09-10,25,18,44,46,40,18,16,14,9
account_00000234,2025-09-12,28,20,48,34,27,17,19,12,9
account_00000234,2025-09-18,13,9,28,19,16,5,12,8,9
account_00000234,2025-09-30,16,12,39,30,26,9,18,12,9
account_00000234,2025-10-03,22,16,45,30,27,11,13,14,7
account_00000234,2025-10-18,10,7,20,18,16,8,14,7,8
account_00000234,2025-10-26,11,8,22,13,11,8,20,2,6
account_00000234,2025-10-28,10,7,11,17,15,4,17,6,8
account_00000234,2025-11-06,14,10,31,17,13,4,18,9,7
account_00000234,2025-11-15,16,12,28,24,19,10,16,9,8
account_00000234,2025-11-16,25,18,30,44,40,13,18,8,9
account_00000234,2025-11-17,21,15,36,26,21,4,18,11,8
account_00000234,2025-12-02,18,13,33,22,18,13,15,8,9
account_00000234,2025-12-07,17,12,20,22,20,11,18,10,8
account_00000234,2025-12-10,18,13,33,35,31,15,18,14,9
account_00000234,2025-12-31,22,16,51,33,28,10,17,5,10
account_00000234,2026-01-01,18,13,33,22,19,7,17,8,8
account_00000234,2026-01-18,18,13,38,20,17,11,15,6,8
account_00000234,2026-01-22,14,10,14,21,16,12,10,4,9
account_00000234,2026-01-25,16,12,23,24,19,10,11,5,8
account_00000234,2026-02-11,24,17,41,35,31,14,10,17,10
account_00000234,2026-02-12,19,14,31,34,30,16,16,18,10
account_00000234,2026-02-19,18,13,30,34,32,14,14,15,9
account_00000234,2026-02-26,24,17,57,32,28,20,20,11,9
account_00000234,2026-03-10,18,13,19,25,20,12,18,13,9
account_00000234,2026-03-18,19,14,45,24,20,8,23,14,6
account_00000234,2026-03-24,13,9,24,19,16,8,13,8,10
account_00000234,2026-03-31,11,8,17,24,21,6,10,13,7
account_00000234,2026-04-12,17,12,37,24,22,10,16,9,9
account_00000234,2026-04-17,24,17,26,39,34,17,10,15,8
account_00000234,2026-04-24,29,21,44,41,33,19,20,14,10
account_00000234,2026-04-27,12,9,30,13,11,9,18,3,8
account_00000234,2026-05-13,18,13,30,26,22,10,19,11,8
account_00000234,2026-05-28,10,7,18,16,13,6,13,7,8
account_00000234,2026-05-29,15,11,19,14,12,8,24,6,8
account_00000234,2026-05-30,17,12,24,24,19,11,15,8,8
account_00000234,2026-06-12,17,12,32,24,22,11,13,13,8
account_00000234,2026-06-16,11,8,14,15,12,3,14,7,9
account_00000234,2026-06-18,18,13,49,25,21,8,7,15,9
account_00000234,2026-06-21,13,9,13,21,17,3,18,10,6
account_00000244,2024-09-03,8,6,16,10,8,5,16,6,6
account_00000244,2024-09-07,4,3,11,3,3,2,16,1,10
account_00000244,2024-09-16,6,4,14,5,4,1,15,3,7
account_00000244,2024-09-28,7,5,18,11,9,1,8,3,7
account_00000244,2024-10-01,9,6,15,12,11,7,10,5,10
account_00000244,2024-10-06,7,5,10,8,7,4,13,5,8
account_00000244,2024-10-09,7,5,14,7,6,2,21,1,8
account_00000244,2024-10-10,7,5,9,4,3,0,16,2,8
account_00000244,2024-11-13,7,5,13,7,6,3,12,2,8
account_00000244,2024-11-14,4,3,6,3,3,0,13,2,7
account_00000244,2024-11-23,3,2,6,2,2,0,13,0,8
account_00000244,2024-11-27,5,4,7,7,6,2,15,2,7
account_00000244,2024-12-07,4,3,6,4,3,0,19,0,6
account_00000244,2024-12-19,4,3,7,10,8,3,13,0,8
account_00000244,2024-12-21,6,4,15,8,6,2,9,1,9
account_00000244,2024-12-30,7,5,13,10,8,3,25,2,8
account_00000244,2025-01-01,7,5,14,11,9,3,17,4,8
account_00000244,2025-01-04,6,4,17,13,11,6,22,4,8
account_00000244,2025-01-14,6,4,6,7,6,3,25,3,10
account_00000244,2025-01-20,8,6,8,9,7,5,21,6,9
account_00000244,2025-02-04,11,8,22,12,10,3,12,6,10
account_00000244,2025-02-06,7,5,20,6,5,4,16,2,10
account_00000244,2025-02-17,7,5,12,5,5,3,16,3,10
account_00000244,2025-02-18,11,8,11,10,8,3,18,3,10
account_00000244,2025-03-02,5,4,9,6,5,6,15,1,9
account_00000244,2025-03-18,9,6,11,8,7,1,17,4,10
account_00000244,2025-03-21,8,6,12,6,5,5,22,4,9
account_00000244,2025-03-30,9,6,14,11,9,9,18,7,10
account_00000244,2025-04-02,8,6,8,7,6,2,19,0,9
account_00000244,2025-04-04,8,6,8,8,7,5,15,2,10
account_00000244,2025-04-17,8,6,20,4,4,1,13,3,9
account_00000244,2025-04-30,4,3,4,6,5,4,18,1,10
account_00000244,2025-05-03,9,6,18,9,8,3,14,2,9
account_00000244,2025-05-13,9,6,18,10,9,5,16,4,10
account_00000244,2025-05-19,6,4,9,5,5,1,10,2,8
account_00000244,2025-05-29,9,6,29,10,9,6,17,8,9
account_00000244,2025-06-12,7,5,21,7,6,3,13,4,7
account_00000244,2025-06-13,5,4,8,11,10,5,19,6,10
account_00000244,2025-06-14,11,8,22,11,9,3,17,3,9
account_00000244,2025-06-27,8,6,10,9,8,8,27,4,9
account_00000244,2025-07-10,5,4,14,5,4,5,25,0,9
account_00000244,2025-07-15,9,6,9,16,15,8,8,11,8
account_00000244,2025-07-16,5,4,8,5,5,4,18,1,10
account_00000244,2025-07-27,9,6,19,9,8,5,17,2,9
account_00000244,2025-08-04,6,4,8,6,5,1,16,6,9
account_00000244,2025-08-05,7,5,10,5,4,3,14,3,9
account_00000244,2025-08-07,10,7,10,19,16,7,20,10,6
account_00000244,2025-08-29,8,6,17,11,9,7,15,7,9
account_00000244,2025-09-14,9,6,10,8,7,6,21,4,7
account_00000244,2025-09-15,5,4,6,3,2,1,16,1,8
account_00000244,2025-09-16,9,6,20,10,9,5,8,3,9
account_00000244,2025-09-29,7,5,12,6,5,4,17,4,9
account_00000244,2025-10-04,9,6,17,9,8,5,21,4,9
account_00000244,2025-10-22,9,6,14,8,7,3,17,5,9
account_00000244,2025-10-26,10,7,13,10,8,12,20,5,9
account_00000244,2025-10-29,8,6,10,5,4,2,17,2,9
account_00000244,2025-11-10,6,4,11,10,9,5,16,4,8
account_00000244,2025-11-17,5,4,5,5,5,1,14,2,9
account_00000244,2025-11-22,6,4,11,9,8,0,18,4,9
account_00000244,2025-11-29,8,6,23,11,10,4,20,3,8
account_00000244,2025-12-13,8,6,14,13,11,4,26,5,10
account_00000244,2025-12-16,8,6,11,11,10,4,17,3,9
account_00000244,2025-12-20,4,3,7,6,5,0,12,3,8
account_00000244,2025-12-30,8,6,13,7,5,4,14,3,10
account_00000244,2026-01-10,5,4,11,11,9,3,16,4,9
account_00000244,2026-01-12,4,3,8,5,5,3,19,4,10
account_00000244,2026-01-19,4,3,5,5,4,0,17,1,7
account_00000244,2026-01-25,6,4,9,8,7,3,14,0,10
account_00000244,2026-02-01,6,4,6,3,2,0,15,3,8
account_00000244,2026-02-10,6,4,13,2,2,0,24,0,10
account_00000244,2026-02-21,4,3,4,9,7,5,14,2,9
account_00000244,2026-02-23,9,6,20,10,9,5,19,6,9
account_00000244,2026-03-06,9,6,25,13,11,7,9,3,8
account_00000244,2026-03-10,6,4,13,3,2,0,17,1,9
account_00000244,2026-03-11,9,6,25,10,8,2,12,3,9
account_00000244,2026-03-25,8,6,12,10,8,4,10,5,10
account_00000244,2026-04-12,5,4,16,5,4,7,10,3,9
account_00000244,2026-04-25,10,7,13,12,10,3,17,5,9
account_00000244,2026-04-28,8,6,14,4,3,2,29,0,9
account_00000244,2026-04-29,8,6,12,13,11,10,14,5,8
account_00000244,2026-05-07,10,7,15,7,6,4,18,1,7
account_00000244,2026-05-10,7,5,18,6,5,1,19,2,10
account_00000244,2026-05-25,5,4,12,2,2,1,12,0,9
account_00000244,2026-05-30,6,4,10,7,6,1,21,3,8
account_00000244,2026-06-01,4,3,8,3,3,3,16,1,9
account_00000244,2026-06-09,9,6,18,8,7,6,11,4,7
account_00000244,2026-06-25,4,3,7,1,1,0,13,1,8
account_00000244,2026-06-26,8,6,13,4,4,2,15,3,8
account_00000245,2026-05-07,4,3,9,3,2,1,8,1,6
account_00000245,2026-05-17,3,2,9,2,2,1,14,0,8
account_00000245,2026-05-23,2,1,3,1,1,0,11,0,7
account_00000245,2026-05-28,4,3,4,3,2,1,15,0,9
account_00000245,2026-06-04,6,4,16,4,3,1,13,1,8
account_00000245,2026-06-09,2,1,5,2,2,1,16,1,6
account_00000245,2026-06-21,5,4,8,8,6,4,16,6,7
account_00000245,2026-06-26,3,2,4,1,1,1,13,0,8
account_00000247,2026-04-14,2,1,2,3,2,1,0,2,6
account_00000247,2026-04-15,2,1,2,5,4,2,0,1,4
account_00000247,2026-04-19,3,2,7,4,3,1,0,0,6
account_00000247,2026-04-25,2,1,3,0,0,0,0,0,4
account_00000247,2026-05-05,2,1,3,3,2,1,0,1,7
account_00000247,2026-05-12,3,2,4,6,5,0,0,3,7
account_00000247,2026-05-14,2,1,2,3,3,1,0,1,7
account_00000247,2026-05-22,2,1,3,2,2,1,0,0,7
account_00000247,2026-06-03,2,1,6,2,2,0,0,1,7
account_00000247,2026-06-06,2,1,5,3,2,0,0,0,6
account_00000247,2026-06-18,2,1,5,2,2,1,0,0,6
account_00000247,2026-06-22,2,1,6,2,2,0,0,2,7
