user_id,account_id,workspace_id,created_at,role_name,user_status,invited_at,activated_at,deactivated_at,mobile_user_flag
user_00000001,account_00000001,workspace_00000001,2025-01-27 00:00:00,external_contractor,active,2025-01-27 00:00:00,2025-01-28 08:00:00,,True
user_00000002,account_00000001,workspace_00000001,2025-02-07 00:00:00,field_worker,active,2025-02-07 00:00:00,,,False
user_00000003,account_00000001,workspace_00000001,2025-01-13 00:00:00,manager,active,2025-01-13 00:00:00,2025-01-13 23:00:00,,True
user_00000004,account_00000001,workspace_00000001,2025-01-27 00:00:00,field_worker,active,2025-01-27 00:00:00,2025-01-27 07:00:00,,True
user_00000005,account_00000002,workspace_00000002,2026-04-24 00:00:00,finance,active,2026-04-24 00:00:00,,,False
user_00000006,account_00000004,workspace_00000003,2024-06-15 00:00:00,field_worker,active,2024-06-15 00:00:00,2024-06-18 15:00:00,,False
user_00000007,account_00000004,workspace_00000003,2024-06-24 00:00:00,field_worker,active,2024-06-24 00:00:00,2024-06-24 02:00:00,,True
user_00000008,account_00000004,workspace_00000003,2024-06-05 00:00:00,field_worker,active,2024-06-05 00:00:00,2024-06-06 02:00:00,,False
user_00000009,account_00000004,workspace_00000003,2024-06-01 00:00:00,dispatcher,active,2024-06-01 00:00:00,2024-06-01 09:00:00,,True
user_00000010,account_00000004,workspace_00000003,2024-06-07 00:00:00,dispatcher,active,2024-06-07 00:00:00,2024-06-08 16:00:00,,True
user_00000011,account_00000004,workspace_00000003,2024-06-01 00:00:00,field_worker,active,2024-06-01 00:00:00,2024-06-03 17:00:00,,True
user_00000012,account_00000004,workspace_00000003,2024-06-26 00:00:00,dispatcher,active,2024-06-26 00:00:00,2024-06-29 15:00:00,,False
user_00000013,account_00000004,workspace_00000003,2024-06-15 00:00:00,dispatcher,active,2024-06-15 00:00:00,,,True
user_00000014,account_00000008,workspace_00000004,2026-01-17 00:00:00,field_worker,active,2026-01-17 00:00:00,2026-01-19 09:00:00,,True
user_00000015,account_00000008,workspace_00000004,2025-12-23 00:00:00,dispatcher,active,2025-12-23 00:00:00,2025-12-25 05:00:00,,False
user_00000016,account_00000008,workspace_00000004,2026-01-07 00:00:00,field_worker,active,2026-01-07 00:00:00,2026-01-10 16:00:00,,True
user_00000017,account_00000009,workspace_00000005,2025-04-15 00:00:00,field_worker,deactivated,2025-04-15 00:00:00,,2025-06-30 00:00:00,True
user_00000018,account_00000009,workspace_00000005,2025-04-19 00:00:00,dispatcher,deactivated,2025-04-19 00:00:00,2025-04-19 19:00:00,2025-06-30 00:00:00,True
user_00000019,account_00000009,workspace_00000005,2025-04-15 00:00:00,field_worker,deactivated,2025-04-15 00:00:00,2025-04-18 20:00:00,2025-06-30 00:00:00,True
user_00000020,account_00000009,workspace_00000005,2025-05-04 00:00:00,administrator,deactivated,2025-05-04 00:00:00,2025-05-04 15:00:00,2025-06-30 00:00:00,True
user_00000021,account_00000009,workspace_00000005,2025-04-12 00:00:00,field_worker,deactivated,2025-04-12 00:00:00,,2025-06-30 00:00:00,True
user_00000022,account_00000009,workspace_00000005,2025-05-02 00:00:00,field_worker,deactivated,2025-05-02 00:00:00,2025-05-05 20:00:00,2025-06-30 00:00:00,True
user_00000023,account_00000009,workspace_00000005,2025-04-24 00:00:00,dispatcher,deactivated,2025-04-24 00:00:00,2025-04-25 19:00:00,2025-06-30 00:00:00,True
user_00000024,account_00000009,workspace_00000005,2025-04-03 00:00:00,field_worker,deactivated,2025-04-03 00:00:00,2025-04-04 14:00:00,2025-06-30 00:00:00,True
user_00000025,account_00000009,workspace_00000005,2025-03-30 00:00:00,field_worker,deactivated,2025-03-30 00:00:00,2025-03-31 03:00:00,2025-06-30 00:00:00,True
user_00000026,account_00000009,workspace_00000005,2025-03-27 00:00:00,field_worker,deactivated,2025-03-27 00:00:00,2025-03-28 22:00:00,2025-06-30 00:00:00,False
user_00000027,account_00000009,workspace_00000005,2025-04-05 00:00:00,field_worker,deactivated,2025-04-05 00:00:00,2025-04-06 20:00:00,2025-06-30 00:00:00,True
user_00000028,account_00000009,workspace_00000005,2025-04-12 00:00:00,field_worker,deactivated,2025-04-12 00:00:00,,2025-06-30 00:00:00,True
user_00000029,account_00000009,workspace_00000005,2025-04-23 00:00:00,field_worker,deactivated,2025-04-23 00:00:00,2025-04-25 05:00:00,2025-06-30 00:00:00,True
user_00000030,account_00000009,workspace_00000005,2025-04-24 00:00:00,dispatcher,deactivated,2025-04-24 00:00:00,2025-04-25 15:00:00,2025-06-30 00:00:00,False
user_00000031,account_00000009,workspace_00000005,2025-03-27 00:00:00,dispatcher,deactivated,2025-03-27 00:00:00,2025-03-30 03:00:00,2025-06-30 00:00:00,True
user_00000032,account_00000013,workspace_00000006,2024-08-04 00:00:00,field_worker,active,2024-08-04 00:00:00,2024-08-04 18:00:00,,True
user_00000033,account_00000013,workspace_00000006,2024-07-31 00:00:00,field_worker,active,2024-07-31 00:00:00,2024-08-02 13:00:00,,False
user_00000034,account_00000013,workspace_00000007,2024-08-30 00:00:00,administrator,active,2024-08-30 00:00:00,2024-08-31 19:00:00,,True
user_00000035,account_00000013,workspace_00000007,2024-07-30 00:00:00,manager,active,2024-07-30 00:00:00,2024-07-31 16:00:00,,False
user_00000036,account_00000013,workspace_00000007,2024-07-30 00:00:00,dispatcher,active,2024-07-30 00:00:00,2024-08-01 22:00:00,,False
user_00000037,account_00000013,workspace_00000007,2024-08-31 00:00:00,field_worker,active,2024-08-31 00:00:00,2024-08-31 09:00:00,,True
user_00000038,account_00000013,workspace_00000007,2024-08-19 00:00:00,manager,active,2024-08-19 00:00:00,2024-08-21 16:00:00,,False
user_00000039,account_00000013,workspace_00000006,2024-08-04 00:00:00,dispatcher,active,2024-08-04 00:00:00,2024-08-07 19:00:00,,True
user_00000040,account_00000013,workspace_00000006,2024-08-22 00:00:00,field_worker,active,2024-08-22 00:00:00,2024-08-24 19:00:00,,True
user_00000041,account_00000013,workspace_00000006,2024-08-29 00:00:00,manager,active,2024-08-29 00:00:00,2024-09-01 21:00:00,,False
user_00000042,account_00000013,workspace_00000006,2024-08-08 00:00:00,administrator,active,2024-08-08 00:00:00,2024-08-08 16:00:00,,False
user_00000043,account_00000013,workspace_00000007,2024-08-16 00:00:00,field_worker,active,2024-08-16 00:00:00,2024-08-17 02:00:00,,True
user_00000044,account_00000013,workspace_00000007,2024-08-23 00:00:00,administrator,active,2024-08-23 00:00:00,2024-08-23 05:00:00,,False
user_00000045,account_00000013,workspace_00000006,2024-08-23 00:00:00,dispatcher,active,2024-08-23 00:00:00,2024-08-26 21:00:00,,True
user_00000046,account_00000013,workspace_00000007,2024-08-15 00:00:00,manager,active,2024-08-15 00:00:00,,,True
user_00000047,account_00000013,workspace_00000006,2024-08-22 00:00:00,field_worker,active,2024-08-22 00:00:00,2024-08-22 03:00:00,,True
user_00000048,account_00000013,workspace_00000006,2024-08-05 00:00:00,field_worker,active,2024-08-05 00:00:00,2024-08-06 15:00:00,,True
user_00000049,account_00000013,workspace_00000007,2024-08-06 00:00:00,field_worker,active,2024-08-06 00:00:00,2024-08-06 10:00:00,,True
user_00000050,account_00000013,workspace_00000006,2024-08-25 00:00:00,dispatcher,active,2024-08-25 00:00:00,2024-08-25 13:00:00,,True
user_00000051,account_00000013,workspace_00000006,2024-08-06 00:00:00,dispatcher,active,2024-08-06 00:00:00,2024-08-09 05:00:00,,False
user_00000052,account_00000013,workspace_00000006,2024-07-25 00:00:00,field_worker,active,2024-07-25 00:00:00,2024-07-27 07:00:00,,True
user_00000053,account_00000013,workspace_00000007,2024-08-11 00:00:00,field_worker,active,2024-08-11 00:00:00,2024-08-14 03:00:00,,True
user_00000054,account_00000013,workspace_00000007,2024-08-02 00:00:00,administrator,active,2024-08-02 00:00:00,2024-08-05 23:00:00,,True
user_00000055,account_00000013,workspace_00000007,2024-08-24 00:00:00,dispatcher,active,2024-08-24 00:00:00,2024-08-25 17:00:00,,False
user_00000056,account_00000013,workspace_00000007,2024-08-17 00:00:00,field_worker,active,2024-08-17 00:00:00,2024-08-19 14:00:00,,True
user_00000057,account_00000013,workspace_00000007,2024-08-10 00:00:00,field_worker,active,2024-08-10 00:00:00,2024-08-11 20:00:00,,False
user_00000058,account_00000013,workspace_00000007,2024-08-25 00:00:00,field_worker,active,2024-08-25 00:00:00,2024-08-28 08:00:00,,True
user_00000059,account_00000013,workspace_00000007,2024-08-23 00:00:00,external_contractor,active,2024-08-23 00:00:00,2024-08-25 17:00:00,,False
user_00000060,account_00000013,workspace_00000006,2024-07-28 00:00:00,field_worker,active,2024-07-28 00:00:00,2024-07-31 02:00:00,,True
user_00000061,account_00000013,workspace_00000006,2024-08-29 00:00:00,field_worker,active,2024-08-29 00:00:00,2024-09-01 02:00:00,,True
user_00000062,account_00000013,workspace_00000007,2024-08-07 00:00:00,dispatcher,active,2024-08-07 00:00:00,2024-08-08 02:00:00,,True
user_00000063,account_00000013,workspace_00000006,2024-07-31 00:00:00,field_worker,active,2024-07-31 00:00:00,2024-07-31 17:00:00,,False
user_00000064,account_00000013,workspace_00000007,2024-08-21 00:00:00,field_worker,active,2024-08-21 00:00:00,2024-08-22 02:00:00,,False
user_00000065,account_00000013,workspace_00000007,2024-08-12 00:00:00,field_worker,active,2024-08-12 00:00:00,,,False
user_00000066,account_00000013,workspace_00000007,2024-07-31 00:00:00,dispatcher,active,2024-07-31 00:00:00,2024-08-02 09:00:00,,False
user_00000067,account_00000019,workspace_00000010,2026-04-19 00:00:00,manager,active,2026-04-19 00:00:00,2026-04-22 21:00:00,,True
user_00000068,account_00000019,workspace_00000010,2026-04-26 00:00:00,field_worker,active,2026-04-26 00:00:00,,,True
user_00000069,account_00000019,workspace_00000008,2026-05-03 00:00:00,field_worker,active,2026-05-03 00:00:00,,,False
user_00000070,account_00000019,workspace_00000010,2026-04-27 00:00:00,dispatcher,active,2026-04-27 00:00:00,,,False
user_00000071,account_00000019,workspace_00000010,2026-04-29 00:00:00,field_worker,active,2026-04-29 00:00:00,,,True
user_00000072,account_00000019,workspace_00000008,2026-05-01 00:00:00,field_worker,active,2026-05-01 00:00:00,,,True
user_00000073,account_00000019,workspace_00000009,2026-04-05 00:00:00,manager,active,2026-04-05 00:00:00,2026-04-07 01:00:00,,False
user_00000074,account_00000019,workspace_00000010,2026-04-19 00:00:00,field_worker,active,2026-04-19 00:00:00,2026-04-21 01:00:00,,True
user_00000075,account_00000019,workspace_00000008,2026-04-16 00:00:00,manager,active,2026-04-16 00:00:00,2026-04-17 16:00:00,,True
user_00000076,account_00000019,workspace_00000009,2026-04-01 00:00:00,manager,active,2026-04-01 00:00:00,2026-04-04 05:00:00,,True
user_00000077,account_00000019,workspace_00000008,2026-05-02 00:00:00,dispatcher,active,2026-05-02 00:00:00,2026-05-03 14:00:00,,True
user_00000078,account_00000019,workspace_00000008,2026-04-13 00:00:00,field_worker,active,2026-04-13 00:00:00,2026-04-14 22:00:00,,True
user_00000079,account_00000019,workspace_00000009,2026-05-05 00:00:00,field_worker,active,2026-05-05 00:00:00,2026-05-05 21:00:00,,True
user_00000080,account_00000019,workspace_00000009,2026-04-17 00:00:00,field_worker,active,2026-04-17 00:00:00,,,False
user_00000081,account_00000019,workspace_00000008,2026-04-14 00:00:00,dispatcher,active,2026-04-14 00:00:00,,,True
user_00000082,account_00000019,workspace_00000010,2026-04-18 00:00:00,field_worker,active,2026-04-18 00:00:00,2026-04-18 01:00:00,,False
user_00000083,account_00000019,workspace_00000009,2026-04-25 00:00:00,manager,active,2026-04-25 00:00:00,2026-04-26 18:00:00,,True
user_00000084,account_00000019,workspace_00000010,2026-04-05 00:00:00,field_worker,active,2026-04-05 00:00:00,,,True
user_00000085,account_00000019,workspace_00000008,2026-04-12 00:00:00,field_worker,active,2026-04-12 00:00:00,2026-04-12 14:00:00,,True
user_00000086,account_00000019,workspace_00000010,2026-03-31 00:00:00,dispatcher,active,2026-03-31 00:00:00,2026-04-02 16:00:00,,True
user_00000087,account_00000019,workspace_00000010,2026-04-09 00:00:00,field_worker,active,2026-04-09 00:00:00,,,False
user_00000088,account_00000019,workspace_00000010,2026-04-22 00:00:00,field_worker,active,2026-04-22 00:00:00,2026-04-25 13:00:00,,True
user_00000089,account_00000019,workspace_00000010,2026-04-19 00:00:00,field_worker,active,2026-04-19 00:00:00,2026-04-19 04:00:00,,False
user_00000090,account_00000019,workspace_00000010,2026-03-27 00:00:00,dispatcher,active,2026-03-27 00:00:00,2026-03-30 12:00:00,,False
user_00000091,account_00000019,workspace_00000010,2026-04-08 00:00:00,field_worker,active,2026-04-08 00:00:00,2026-04-11 01:00:00,,True
user_00000092,account_00000019,workspace_00000010,2026-05-03 00:00:00,external_contractor,active,2026-05-03 00:00:00,2026-05-04 16:00:00,,True
user_00000093,account_00000019,workspace_00000010,2026-04-08 00:00:00,administrator,active,2026-04-08 00:00:00,,,True
user_00000094,account_00000019,workspace_00000009,2026-04-11 00:00:00,field_worker,active,2026-04-11 00:00:00,,,True
user_00000095,account_00000019,workspace_00000008,2026-04-01 00:00:00,dispatcher,active,2026-04-01 00:00:00,2026-04-02 02:00:00,,False
user_00000096,account_00000019,workspace_00000008,2026-04-26 00:00:00,field_worker,active,2026-04-26 00:00:00,2026-04-27 17:00:00,,True
user_00000097,account_00000019,workspace_00000009,2026-04-08 00:00:00,field_worker,active,2026-04-08 00:00:00,2026-04-10 19:00:00,,True
user_00000098,account_00000019,workspace_00000010,2026-04-10 00:00:00,administrator,active,2026-04-10 00:00:00,2026-04-12 04:00:00,,True
user_00000099,account_00000019,workspace_00000008,2026-04-28 00:00:00,field_worker,active,2026-04-28 00:00:00,,,True
user_00000100,account_00000019,workspace_00000010,2026-04-26 00:00:00,field_worker,active,2026-04-26 00:00:00,2026-04-28 15:00:00,,True
user_00000101,account_00000019,workspace_00000009,2026-04-09 00:00:00,field_worker,active,2026-04-09 00:00:00,2026-04-11 07:00:00,,True
user_00000102,account_00000022,workspace_00000011,2024-06-17 00:00:00,field_worker,active,2024-06-17 00:00:00,2024-06-18 21:00:00,,True
user_00000103,account_00000022,workspace_00000011,2024-06-03 00:00:00,field_worker,active,2024-06-03 00:00:00,2024-06-03 23:00:00,,True
user_00000104,account_00000022,workspace_00000011,2024-06-29 00:00:00,administrator,active,2024-06-29 00:00:00,2024-07-02 20:00:00,,True
user_00000105,account_00000022,workspace_00000011,2024-06-12 00:00:00,dispatcher,active,2024-06-12 00:00:00,2024-06-14 14:00:00,,True
user_00000106,account_00000022,workspace_00000011,2024-07-07 00:00:00,field_worker,active,2024-07-07 00:00:00,2024-07-10 14:00:00,,True
user_00000107,account_00000022,workspace_00000011,2024-06-17 00:00:00,field_worker,active,2024-06-17 00:00:00,2024-06-19 22:00:00,,True
user_00000108,account_00000022,workspace_00000011,2024-07-03 00:00:00,field_worker,active,2024-07-03 00:00:00,,,False
user_00000109,account_00000022,workspace_00000011,2024-06-15 00:00:00,field_worker,active,2024-06-15 00:00:00,2024-06-15 02:00:00,,True
user_00000110,account_00000022,workspace_00000011,2024-06-08 00:00:00,dispatcher,active,2024-06-08 00:00:00,2024-06-09 22:00:00,,True
user_00000111,account_00000022,workspace_00000011,2024-06-27 00:00:00,dispatcher,active,2024-06-27 00:00:00,,,False
user_00000112,account_00000022,workspace_00000011,2024-07-08 00:00:00,field_worker,active,2024-07-08 00:00:00,2024-07-09 14:00:00,,True
user_00000113,account_00000023,workspace_00000012,2024-08-07 00:00:00,field_worker,active,2024-08-07 00:00:00,2024-08-07 16:00:00,,False
user_00000114,account_00000023,workspace_00000012,2024-07-21 00:00:00,dispatcher,active,2024-07-21 00:00:00,2024-07-24 08:00:00,,True
user_00000115,account_00000023,workspace_00000012,2024-08-17 00:00:00,dispatcher,active,2024-08-17 00:00:00,2024-08-17 04:00:00,,True
user_00000116,account_00000023,workspace_00000012,2024-07-26 00:00:00,field_worker,active,2024-07-26 00:00:00,,,True
user_00000117,account_00000023,workspace_00000012,2024-07-16 00:00:00,dispatcher,active,2024-07-16 00:00:00,2024-07-19 01:00:00,,True
user_00000118,account_00000023,workspace_00000012,2024-08-01 00:00:00,field_worker,active,2024-08-01 00:00:00,2024-08-02 08:00:00,,True
user_00000119,account_00000024,workspace_00000014,2025-07-24 00:00:00,field_worker,active,2025-07-24 00:00:00,2025-07-25 15:00:00,,True
user_00000120,account_00000024,workspace_00000014,2025-08-04 00:00:00,field_worker,active,2025-08-04 00:00:00,2025-08-06 01:00:00,,True
user_00000121,account_00000024,workspace_00000014,2025-07-18 00:00:00,field_worker,active,2025-07-18 00:00:00,2025-07-18 20:00:00,,True
user_00000122,account_00000024,workspace_00000014,2025-08-07 00:00:00,field_worker,active,2025-08-07 00:00:00,2025-08-10 19:00:00,,True
user_00000123,account_00000024,workspace_00000013,2025-07-03 00:00:00,administrator,active,2025-07-03 00:00:00,2025-07-05 21:00:00,,False
user_00000124,account_00000024,workspace_00000014,2025-07-23 00:00:00,administrator,active,2025-07-23 00:00:00,2025-07-25 10:00:00,,True
user_00000125,account_00000024,workspace_00000013,2025-07-19 00:00:00,manager,active,2025-07-19 00:00:00,2025-07-22 04:00:00,,True
user_00000126,account_00000024,workspace_00000014,2025-08-10 00:00:00,field_worker,active,2025-08-10 00:00:00,2025-08-12 04:00:00,,True
user_00000127,account_00000024,workspace_00000014,2025-07-07 00:00:00,manager,active,2025-07-07 00:00:00,2025-07-09 20:00:00,,False
user_00000128,account_00000024,workspace_00000014,2025-08-10 00:00:00,administrator,active,2025-08-10 00:00:00,2025-08-11 04:00:00,,True
user_00000129,account_00000024,workspace_00000013,2025-08-06 00:00:00,administrator,active,2025-08-06 00:00:00,2025-08-06 15:00:00,,True
user_00000130,account_00000024,workspace_00000013,2025-07-04 00:00:00,field_worker,active,2025-07-04 00:00:00,2025-07-04 09:00:00,,False
user_00000131,account_00000024,workspace_00000014,2025-07-23 00:00:00,field_worker,active,2025-07-23 00:00:00,2025-07-26 17:00:00,,False
user_00000132,account_00000024,workspace_00000013,2025-08-06 00:00:00,external_contractor,active,2025-08-06 00:00:00,2025-08-09 16:00:00,,True
user_00000133,account_00000024,workspace_00000013,2025-08-05 00:00:00,manager,active,2025-08-05 00:00:00,2025-08-07 21:00:00,,False
user_00000134,account_00000024,workspace_00000014,2025-07-17 00:00:00,dispatcher,active,2025-07-17 00:00:00,,,True
user_00000135,account_00000024,workspace_00000014,2025-07-05 00:00:00,field_worker,active,2025-07-05 00:00:00,2025-07-08 09:00:00,,True
user_00000136,account_00000024,workspace_00000013,2025-07-13 00:00:00,field_worker,active,2025-07-13 00:00:00,2025-07-14 13:00:00,,True
user_00000137,account_00000024,workspace_00000013,2025-07-12 00:00:00,external_contractor,active,2025-07-12 00:00:00,2025-07-13 10:00:00,,True
user_00000138,account_00000024,workspace_00000014,2025-07-25 00:00:00,field_worker,active,2025-07-25 00:00:00,2025-07-28 03:00:00,,True
user_00000139,account_00000024,workspace_00000013,2025-08-08 00:00:00,administrator,active,2025-08-08 00:00:00,2025-08-09 20:00:00,,False
user_00000140,account_00000024,workspace_00000013,2025-07-15 00:00:00,field_worker,active,2025-07-15 00:00:00,2025-07-17 18:00:00,,True
user_00000141,account_00000024,workspace_00000013,2025-07-18 00:00:00,field_worker,active,2025-07-18 00:00:00,2025-07-21 00:00:00,,False
user_00000142,account_00000024,workspace_00000014,2025-07-03 00:00:00,dispatcher,active,2025-07-03 00:00:00,2025-07-03 03:00:00,,True
user_00000143,account_00000024,workspace_00000014,2025-07-21 00:00:00,manager,active,2025-07-21 00:00:00,2025-07-22 08:00:00,,True
user_00000144,account_00000024,workspace_00000013,2025-08-02 00:00:00,field_worker,active,2025-08-02 00:00:00,2025-08-02 18:00:00,,True
user_00000145,account_00000024,workspace_00000013,2025-07-10 00:00:00,field_worker,active,2025-07-10 00:00:00,2025-07-10 23:00:00,,True
user_00000146,account_00000024,workspace_00000013,2025-07-28 00:00:00,field_worker,active,2025-07-28 00:00:00,2025-07-31 22:00:00,,True
user_00000147,account_00000024,workspace_00000013,2025-07-20 00:00:00,administrator,active,2025-07-20 00:00:00,2025-07-20 20:00:00,,True
user_00000148,account_00000024,workspace_00000013,2025-08-03 00:00:00,field_worker,active,2025-08-03 00:00:00,,,True
user_00000149,account_00000024,workspace_00000014,2025-07-27 00:00:00,dispatcher,active,2025-07-27 00:00:00,2025-07-30 07:00:00,,True
user_00000150,account_00000024,workspace_00000013,2025-07-17 00:00:00,dispatcher,active,2025-07-17 00:00:00,2025-07-17 18:00:00,,True
user_00000151,account_00000024,workspace_00000013,2025-08-02 00:00:00,field_worker,active,2025-08-02 00:00:00,2025-08-02 23:00:00,,False
user_00000152,account_00000024,workspace_00000013,2025-07-30 00:00:00,field_worker,active,2025-07-30 00:00:00,2025-08-01 02:00:00,,True
user_00000153,account_00000024,workspace_00000014,2025-07-04 00:00:00,field_worker,active,2025-07-04 00:00:00,2025-07-06 09:00:00,,True
user_00000154,account_00000035,workspace_00000015,2025-01-30 00:00:00,field_worker,active,2025-01-30 00:00:00,2025-01-30 10:00:00,,False
user_00000155,account_00000035,workspace_00000015,2025-01-17 00:00:00,field_worker,active,2025-01-17 00:00:00,,,False
user_00000156,account_00000035,workspace_00000015,2025-01-13 00:00:00,administrator,active,2025-01-13 00:00:00,2025-01-13 09:00:00,,False
user_00000157,account_00000035,workspace_00000015,2024-12-30 00:00:00,finance,active,2024-12-30 00:00:00,2024-12-31 10:00:00,,True
user_00000158,account_00000035,workspace_00000015,2025-01-02 00:00:00,dispatcher,active,2025-01-02 00:00:00,2025-01-04 13:00:00,,False
user_00000159,account_00000035,workspace_00000015,2025-01-06 00:00:00,field_worker,active,2025-01-06 00:00:00,2025-01-07 18:00:00,,True
user_00000160,account_00000035,workspace_00000015,2025-01-18 00:00:00,field_worker,active,2025-01-18 00:00:00,2025-01-21 20:00:00,,True
user_00000161,account_00000035,workspace_00000015,2025-01-12 00:00:00,administrator,active,2025-01-12 00:00:00,2025-01-14 14:00:00,,True
user_00000162,account_00000035,workspace_00000015,2025-01-18 00:00:00,manager,active,2025-01-18 00:00:00,2025-01-20 09:00:00,,True
user_00000163,account_00000035,workspace_00000015,2024-12-29 00:00:00,dispatcher,active,2024-12-29 00:00:00,2024-12-30 23:00:00,,False
user_00000164,account_00000035,workspace_00000015,2024-12-30 00:00:00,dispatcher,active,2024-12-30 00:00:00,2024-12-30 12:00:00,,False
user_00000165,account_00000035,workspace_00000015,2024-12-30 00:00:00,field_worker,active,2024-12-30 00:00:00,2025-01-02 12:00:00,,True
user_00000166,account_00000039,workspace_00000017,2026-07-08 00:00:00,field_worker,active,2026-07-08 00:00:00,2026-07-11 13:00:00,,True
user_00000167,account_00000039,workspace_00000017,2026-08-01 00:00:00,field_worker,active,2026-08-01 00:00:00,2026-08-02 20:00:00,,True
user_00000168,account_00000039,workspace_00000017,2026-08-04 00:00:00,dispatcher,active,2026-08-04 00:00:00,2026-08-07 06:00:00,,True
user_00000169,account_00000039,workspace_00000017,2026-07-06 00:00:00,field_worker,active,2026-07-06 00:00:00,2026-07-09 19:00:00,,True
user_00000170,account_00000039,workspace_00000016,2026-07-02 00:00:00,field_worker,active,2026-07-02 00:00:00,2026-07-04 17:00:00,,True
user_00000171,account_00000039,workspace_00000016,2026-07-22 00:00:00,field_worker,active,2026-07-22 00:00:00,2026-07-22 09:00:00,,False
user_00000172,account_00000039,workspace_00000017,2026-07-28 00:00:00,field_worker,active,2026-07-28 00:00:00,2026-07-31 21:00:00,,False
user_00000173,account_00000039,workspace_00000017,2026-07-11 00:00:00,dispatcher,active,2026-07-11 00:00:00,2026-07-12 15:00:00,,True
user_00000174,account_00000039,workspace_00000017,2026-07-12 00:00:00,field_worker,active,2026-07-12 00:00:00,2026-07-13 08:00:00,,True
user_00000175,account_00000039,workspace_00000017,2026-07-18 00:00:00,field_worker,active,2026-07-18 00:00:00,2026-07-19 12:00:00,,True
user_00000176,account_00000039,workspace_00000017,2026-07-08 00:00:00,field_worker,active,2026-07-08 00:00:00,,,True
user_00000177,account_00000039,workspace_00000017,2026-07-10 00:00:00,field_worker,active,2026-07-10 00:00:00,2026-07-10 22:00:00,,False
user_00000178,account_00000039,workspace_00000016,2026-07-25 00:00:00,administrator,active,2026-07-25 00:00:00,2026-07-27 06:00:00,,False
user_00000179,account_00000039,workspace_00000016,2026-07-07 00:00:00,field_worker,active,2026-07-07 00:00:00,2026-07-07 20:00:00,,True
user_00000180,account_00000039,workspace_00000016,2026-07-04 00:00:00,field_worker,active,2026-07-04 00:00:00,,,False
user_00000181,account_00000039,workspace_00000017,2026-07-06 00:00:00,finance,active,2026-07-06 00:00:00,2026-07-09 08:00:00,,True
user_00000182,account_00000039,workspace_00000017,2026-06-26 00:00:00,field_worker,active,2026-06-26 00:00:00,2026-06-26 01:00:00,,True
user_00000183,account_00000039,workspace_00000017,2026-07-21 00:00:00,field_worker,active,2026-07-21 00:00:00,2026-07-21 13:00:00,,True
user_00000184,account_00000039,workspace_00000016,2026-07-19 00:00:00,finance,active,2026-07-19 00:00:00,2026-07-21 09:00:00,,True
user_00000185,account_00000039,workspace_00000017,2026-06-27 00:00:00,dispatcher,active,2026-06-27 00:00:00,2026-06-29 21:00:00,,True
user_00000186,account_00000039,workspace_00000016,2026-07-01 00:00:00,manager,active,2026-07-01 00:00:00,2026-07-04 11:00:00,,True
user_00000187,account_00000039,workspace_00000016,2026-07-13 00:00:00,field_worker,active,2026-07-13 00:00:00,2026-07-16 04:00:00,,True
user_00000188,account_00000039,workspace_00000017,2026-08-03 00:00:00,dispatcher,active,2026-08-03 00:00:00,2026-08-04 22:00:00,,True
user_00000189,account_00000039,workspace_00000016,2026-06-30 00:00:00,field_worker,active,2026-06-30 00:00:00,2026-07-02 08:00:00,,True
user_00000190,account_00000039,workspace_00000017,2026-07-23 00:00:00,administrator,active,2026-07-23 00:00:00,2026-07-26 07:00:00,,True
user_00000191,account_00000039,workspace_00000016,2026-06-30 00:00:00,manager,active,2026-06-30 00:00:00,2026-07-02 15:00:00,,False
user_00000192,account_00000039,workspace_00000016,2026-07-14 00:00:00,field_worker,active,2026-07-14 00:00:00,2026-07-16 06:00:00,,False
user_00000193,account_00000039,workspace_00000017,2026-07-19 00:00:00,field_worker,active,2026-07-19 00:00:00,,,True
user_00000194,account_00000039,workspace_00000017,2026-07-16 00:00:00,manager,active,2026-07-16 00:00:00,2026-07-17 04:00:00,,True
user_00000195,account_00000039,workspace_00000016,2026-07-04 00:00:00,field_worker,active,2026-07-04 00:00:00,2026-07-06 03:00:00,,True
user_00000196,account_00000039,workspace_00000016,2026-07-05 00:00:00,field_worker,active,2026-07-05 00:00:00,2026-07-05 06:00:00,,False
user_00000197,account_00000039,workspace_00000016,2026-07-04 00:00:00,field_worker,active,2026-07-04 00:00:00,2026-07-06 10:00:00,,True
user_00000198,account_00000039,workspace_00000016,2026-07-20 00:00:00,field_worker,active,2026-07-20 00:00:00,2026-07-21 23:00:00,,True
user_00000199,account_00000039,workspace_00000017,2026-07-13 00:00:00,dispatcher,active,2026-07-13 00:00:00,2026-07-16 08:00:00,,True
user_00000200,account_00000039,workspace_00000017,2026-07-28 00:00:00,dispatcher,active,2026-07-28 00:00:00,2026-07-31 11:00:00,,True
user_00000201,account_00000040,workspace_00000018,2025-11-30 00:00:00,finance,active,2025-11-30 00:00:00,,,False
user_00000202,account_00000040,workspace_00000018,2025-11-17 00:00:00,dispatcher,active,2025-11-17 00:00:00,,,True
user_00000203,account_00000040,workspace_00000018,2025-11-18 00:00:00,manager,active,2025-11-18 00:00:00,2025-11-18 14:00:00,,True
user_00000204,account_00000040,workspace_00000018,2025-12-09 00:00:00,finance,active,2025-12-09 00:00:00,2025-12-10 10:00:00,,False
user_00000205,account_00000043,workspace_00000019,2026-03-26 00:00:00,field_worker,active,2026-03-26 00:00:00,,,True
user_00000206,account_00000043,workspace_00000019,2026-03-31 00:00:00,field_worker,active,2026-03-31 00:00:00,,,True
user_00000207,account_00000043,workspace_00000019,2026-03-15 00:00:00,dispatcher,active,2026-03-15 00:00:00,2026-03-16 18:00:00,,True
user_00000208,account_00000043,workspace_00000019,2026-03-16 00:00:00,field_worker,active,2026-03-16 00:00:00,2026-03-17 13:00:00,,True
user_00000209,account_00000043,workspace_00000019,2026-03-11 00:00:00,administrator,active,2026-03-11 00:00:00,2026-03-14 22:00:00,,True
user_00000210,account_00000043,workspace_00000019,2026-03-12 00:00:00,field_worker,active,2026-03-12 00:00:00,2026-03-15 10:00:00,,True
user_00000211,account_00000043,workspace_00000019,2026-03-21 00:00:00,field_worker,active,2026-03-21 00:00:00,,,False
user_00000212,account_00000043,workspace_00000019,2026-04-07 00:00:00,manager,active,2026-04-07 00:00:00,2026-04-10 19:00:00,,False
user_00000213,account_00000043,workspace_00000019,2026-03-18 00:00:00,field_worker,active,2026-03-18 00:00:00,2026-03-18 04:00:00,,False
user_00000214,account_00000043,workspace_00000019,2026-04-01 00:00:00,dispatcher,active,2026-04-01 00:00:00,2026-04-04 16:00:00,,True
user_00000215,account_00000043,workspace_00000019,2026-03-18 00:00:00,dispatcher,active,2026-03-18 00:00:00,2026-03-19 04:00:00,,True
user_00000216,account_00000043,workspace_00000019,2026-04-11 00:00:00,manager,active,2026-04-11 00:00:00,2026-04-13 03:00:00,,True
user_00000217,account_00000043,workspace_00000019,2026-04-17 00:00:00,finance,active,2026-04-17 00:00:00,2026-04-17 15:00:00,,True
user_00000218,account_00000043,workspace_00000019,2026-03-22 00:00:00,field_worker,active,2026-03-22 00:00:00,2026-03-25 21:00:00,,False
user_00000219,account_00000043,workspace_00000019,2026-03-22 00:00:00,administrator,active,2026-03-22 00:00:00,,,False
user_00000220,account_00000043,workspace_00000019,2026-03-21 00:00:00,field_worker,active,2026-03-21 00:00:00,2026-03-22 08:00:00,,False
user_00000221,account_00000044,workspace_00000020,2024-05-09 00:00:00,field_worker,active,2024-05-09 00:00:00,,,False
user_00000222,account_00000044,workspace_00000020,2024-05-06 00:00:00,field_worker,active,2024-05-06 00:00:00,2024-05-09 13:00:00,,True
user_00000223,account_00000044,workspace_00000020,2024-05-07 00:00:00,manager,active,2024-05-07 00:00:00,2024-05-07 16:00:00,,False
user_00000224,account_00000044,workspace_00000020,2024-05-26 00:00:00,dispatcher,active,2024-05-26 00:00:00,,,True
user_00000225,account_00000044,workspace_00000020,2024-05-16 00:00:00,administrator,active,2024-05-16 00:00:00,2024-05-16 11:00:00,,False
user_00000226,account_00000044,workspace_00000020,2024-05-22 00:00:00,dispatcher,active,2024-05-22 00:00:00,2024-05-25 15:00:00,,False
user_00000227,account_00000044,workspace_00000020,2024-04-29 00:00:00,finance,active,2024-04-29 00:00:00,2024-05-01 04:00:00,,True
user_00000228,account_00000044,workspace_00000020,2024-05-29 00:00:00,field_worker,active,2024-05-29 00:00:00,2024-05-30 09:00:00,,False
user_00000229,account_00000044,workspace_00000020,2024-05-30 00:00:00,field_worker,active,2024-05-30 00:00:00,2024-05-30 13:00:00,,False
user_00000230,account_00000044,workspace_00000020,2024-05-02 00:00:00,field_worker,active,2024-05-02 00:00:00,2024-05-05 16:00:00,,True
user_00000231,account_00000044,workspace_00000020,2024-05-18 00:00:00,dispatcher,active,2024-05-18 00:00:00,2024-05-18 18:00:00,,True
user_00000232,account_00000044,workspace_00000020,2024-05-30 00:00:00,manager,active,2024-05-30 00:00:00,,,False
user_00000233,account_00000044,workspace_00000020,2024-05-17 00:00:00,field_worker,active,2024-05-17 00:00:00,,,True
user_00000234,account_00000047,workspace_00000021,2025-06-25 00:00:00,field_worker,active,2025-06-25 00:00:00,,,True
user_00000235,account_00000047,workspace_00000021,2025-06-25 00:00:00,dispatcher,active,2025-06-25 00:00:00,2025-06-25 06:00:00,,True
user_00000236,account_00000047,workspace_00000021,2025-06-12 00:00:00,field_worker,active,2025-06-12 00:00:00,2025-06-15 05:00:00,,True
user_00000237,account_00000047,workspace_00000021,2025-05-26 00:00:00,dispatcher,active,2025-05-26 00:00:00,2025-05-26 10:00:00,,True
user_00000238,account_00000047,workspace_00000021,2025-06-13 00:00:00,field_worker,active,2025-06-13 00:00:00,2025-06-14 21:00:00,,False
user_00000239,account_00000047,workspace_00000021,2025-05-29 00:00:00,field_worker,active,2025-05-29 00:00:00,2025-05-31 07:00:00,,False
user_00000240,account_00000047,workspace_00000021,2025-05-26 00:00:00,field_worker,active,2025-05-26 00:00:00,2025-05-28 07:00:00,,False
user_00000241,account_00000047,workspace_00000021,2025-06-09 00:00:00,field_worker,active,2025-06-09 00:00:00,2025-06-11 05:00:00,,True
user_00000242,account_00000047,workspace_00000021,2025-06-25 00:00:00,field_worker,active,2025-06-25 00:00:00,2025-06-26 13:00:00,,False
user_00000243,account_00000047,workspace_00000021,2025-06-08 00:00:00,dispatcher,active,2025-06-08 00:00:00,2025-06-08 01:00:00,,True
user_00000244,account_00000047,workspace_00000021,2025-06-09 00:00:00,field_worker,active,2025-06-09 00:00:00,2025-06-09 21:00:00,,True
user_00000245,account_00000051,workspace_00000022,2025-06-17 00:00:00,field_worker,active,2025-06-17 00:00:00,,,True
user_00000246,account_00000051,workspace_00000022,2025-05-23 00:00:00,field_worker,active,2025-05-23 00:00:00,2025-05-26 21:00:00,,True
user_00000247,account_00000051,workspace_00000022,2025-06-10 00:00:00,field_worker,active,2025-06-10 00:00:00,,,True
user_00000248,account_00000056,workspace_00000023,2025-05-08 00:00:00,field_worker,active,2025-05-08 00:00:00,2025-05-08 15:00:00,,True
user_00000249,account_00000056,workspace_00000023,2025-05-05 00:00:00,field_worker,active,2025-05-05 00:00:00,2025-05-05 02:00:00,,True
user_00000250,account_00000056,workspace_00000023,2025-05-01 00:00:00,field_worker,active,2025-05-01 00:00:00,2025-05-02 14:00:00,,True
user_00000251,account_00000056,workspace_00000023,2025-05-10 00:00:00,field_worker,active,2025-05-10 00:00:00,2025-05-11 01:00:00,,True
user_00000252,account_00000056,workspace_00000023,2025-05-12 00:00:00,field_worker,active,2025-05-12 00:00:00,2025-05-13 09:00:00,,True
user_00000253,account_00000056,workspace_00000023,2025-05-07 00:00:00,field_worker,active,2025-05-07 00:00:00,2025-05-08 08:00:00,,True
user_00000254,account_00000056,workspace_00000023,2025-05-25 00:00:00,field_worker,active,2025-05-25 00:00:00,2025-05-28 23:00:00,,True
user_00000255,account_00000056,workspace_00000023,2025-04-28 00:00:00,field_worker,active,2025-04-28 00:00:00,2025-04-28 11:00:00,,True
user_00000256,account_00000056,workspace_00000023,2025-05-28 00:00:00,field_worker,active,2025-05-28 00:00:00,2025-05-30 14:00:00,,True
user_00000257,account_00000056,workspace_00000023,2025-05-11 00:00:00,field_worker,active,2025-05-11 00:00:00,2025-05-12 11:00:00,,True
user_00000258,account_00000056,workspace_00000023,2025-05-18 00:00:00,dispatcher,active,2025-05-18 00:00:00,,,True
user_00000259,account_00000056,workspace_00000023,2025-05-27 00:00:00,field_worker,active,2025-05-27 00:00:00,2025-05-27 13:00:00,,True
user_00000260,account_00000056,workspace_00000023,2025-05-05 00:00:00,field_worker,active,2025-05-05 00:00:00,2025-05-08 22:00:00,,True
user_00000261,account_00000056,workspace_00000023,2025-05-18 00:00:00,administrator,active,2025-05-18 00:00:00,2025-05-20 13:00:00,,False
user_00000262,account_00000056,workspace_00000023,2025-05-27 00:00:00,field_worker,active,2025-05-27 00:00:00,2025-05-29 08:00:00,,False
user_00000263,account_00000056,workspace_00000023,2025-05-10 00:00:00,field_worker,active,2025-05-10 00:00:00,2025-05-13 02:00:00,,False
user_00000264,account_00000056,workspace_00000023,2025-05-09 00:00:00,field_worker,active,2025-05-09 00:00:00,2025-05-11 12:00:00,,True
user_00000265,account_00000056,workspace_00000023,2025-05-13 00:00:00,field_worker,active,2025-05-13 00:00:00,2025-05-15 08:00:00,,True
user_00000266,account_00000056,workspace_00000023,2025-05-25 00:00:00,manager,active,2025-05-25 00:00:00,2025-05-28 08:00:00,,False
user_00000267,account_00000056,workspace_00000023,2025-05-22 00:00:00,field_worker,active,2025-05-22 00:00:00,2025-05-23 03:00:00,,True
user_00000268,account_00000056,workspace_00000023,2025-04-27 00:00:00,dispatcher,active,2025-04-27 00:00:00,2025-04-30 14:00:00,,True
user_00000269,account_00000056,workspace_00000023,2025-05-04 00:00:00,administrator,active,2025-05-04 00:00:00,2025-05-04 04:00:00,,True
user_00000270,account_00000056,workspace_00000023,2025-05-26 00:00:00,field_worker,active,2025-05-26 00:00:00,2025-05-27 20:00:00,,True
user_00000271,account_00000056,workspace_00000023,2025-04-29 00:00:00,field_worker,active,2025-04-29 00:00:00,2025-05-02 23:00:00,,True
user_00000272,account_00000056,workspace_00000023,2025-05-04 00:00:00,dispatcher,active,2025-05-04 00:00:00,,,True
user_00000273,account_00000056,workspace_00000023,2025-05-04 00:00:00,field_worker,active,2025-05-04 00:00:00,,,False
user_00000274,account_00000056,workspace_00000023,2025-05-15 00:00:00,dispatcher,active,2025-05-15 00:00:00,2025-05-15 18:00:00,,True
user_00000275,account_00000056,workspace_00000023,2025-05-14 00:00:00,dispatcher,active,2025-05-14 00:00:00,2025-05-15 05:00:00,,False
user_00000276,account_00000056,workspace_00000023,2025-05-19 00:00:00,manager,active,2025-05-19 00:00:00,2025-05-19 17:00:00,,True
user_00000277,account_00000056,workspace_00000023,2025-05-23 00:00:00,field_worker,active,2025-05-23 00:00:00,,,False
user_00000278,account_00000056,workspace_00000023,2025-05-26 00:00:00,field_worker,active,2025-05-26 00:00:00,2025-05-26 06:00:00,,False
user_00000279,account_00000056,workspace_00000023,2025-04-23 00:00:00,dispatcher,active,2025-04-23 00:00:00,2025-04-25 02:00:00,,True
user_00000280,account_00000056,workspace_00000023,2025-05-21 00:00:00,finance,active,2025-05-21 00:00:00,2025-05-24 14:00:00,,True
user_00000281,account_00000056,workspace_00000023,2025-05-03 00:00:00,dispatcher,active,2025-05-03 00:00:00,2025-05-06 11:00:00,,True
user_00000282,account_00000056,workspace_00000023,2025-05-22 00:00:00,field_worker,active,2025-05-22 00:00:00,2025-05-22 03:00:00,,False
user_00000283,account_00000069,workspace_00000024,2024-05-20 00:00:00,dispatcher,active,2024-05-20 00:00:00,,,True
user_00000284,account_00000069,workspace_00000024,2024-04-29 00:00:00,field_worker,active,2024-04-29 00:00:00,2024-05-02 02:00:00,,True
user_00000285,account_00000069,workspace_00000025,2024-06-02 00:00:00,field_worker,active,2024-06-02 00:00:00,2024-06-04 17:00:00,,True
user_00000286,account_00000069,workspace_00000025,2024-04-29 00:00:00,finance,active,2024-04-29 00:00:00,2024-05-01 12:00:00,,True
user_00000287,account_00000069,workspace_00000025,2024-05-15 00:00:00,dispatcher,active,2024-05-15 00:00:00,2024-05-17 12:00:00,,True
user_00000288,account_00000069,workspace_00000025,2024-05-18 00:00:00,finance,active,2024-05-18 00:00:00,,,True
user_00000289,account_00000069,workspace_00000024,2024-05-09 00:00:00,field_worker,active,2024-05-09 00:00:00,2024-05-09 04:00:00,,False
user_00000290,account_00000069,workspace_00000025,2024-05-28 00:00:00,field_worker,active,2024-05-28 00:00:00,,,True
user_00000291,account_00000069,workspace_00000025,2024-06-03 00:00:00,dispatcher,active,2024-06-03 00:00:00,,,True
user_00000292,account_00000069,workspace_00000024,2024-05-11 00:00:00,field_worker,active,2024-05-11 00:00:00,2024-05-12 03:00:00,,False
user_00000293,account_00000069,workspace_00000025,2024-05-06 00:00:00,field_worker,active,2024-05-06 00:00:00,2024-05-07 16:00:00,,True
user_00000294,account_00000069,workspace_00000025,2024-06-05 00:00:00,field_worker,active,2024-06-05 00:00:00,2024-06-05 05:00:00,,True
user_00000295,account_00000069,workspace_00000025,2024-05-15 00:00:00,finance,active,2024-05-15 00:00:00,2024-05-15 06:00:00,,True
user_00000296,account_00000069,workspace_00000024,2024-05-03 00:00:00,field_worker,active,2024-05-03 00:00:00,2024-05-03 13:00:00,,True
user_00000297,account_00000069,workspace_00000024,2024-04-29 00:00:00,administrator,active,2024-04-29 00:00:00,2024-05-02 03:00:00,,True
user_00000298,account_00000069,workspace_00000025,2024-05-25 00:00:00,field_worker,active,2024-05-25 00:00:00,2024-05-27 11:00:00,,False
user_00000299,account_00000069,workspace_00000024,2024-06-01 00:00:00,field_worker,active,2024-06-01 00:00:00,2024-06-04 10:00:00,,True
user_00000300,account_00000069,workspace_00000024,2024-05-28 00:00:00,field_worker,active,2024-05-28 00:00:00,2024-05-29 02:00:00,,False
user_00000301,account_00000079,workspace_00000027,2025-11-18 00:00:00,manager,active,2025-11-18 00:00:00,2025-11-18 14:00:00,,True
user_00000302,account_00000079,workspace_00000026,2025-11-05 00:00:00,dispatcher,active,2025-11-05 00:00:00,2025-11-08 08:00:00,,True
user_00000303,account_00000079,workspace_00000026,2025-10-29 00:00:00,field_worker,active,2025-10-29 00:00:00,2025-11-01 23:00:00,,False
user_00000304,account_00000079,workspace_00000026,2025-11-04 00:00:00,external_contractor,active,2025-11-04 00:00:00,2025-11-07 16:00:00,,True
user_00000305,account_00000079,workspace_00000026,2025-10-30 00:00:00,dispatcher,active,2025-10-30 00:00:00,2025-11-01 21:00:00,,False
user_00000306,account_00000079,workspace_00000026,2025-11-12 00:00:00,field_worker,active,2025-11-12 00:00:00,2025-11-15 13:00:00,,True
user_00000307,account_00000079,workspace_00000027,2025-11-23 00:00:00,field_worker,active,2025-11-23 00:00:00,2025-11-23 03:00:00,,True
user_00000308,account_00000079,workspace_00000026,2025-11-07 00:00:00,field_worker,active,2025-11-07 00:00:00,2025-11-07 04:00:00,,True
user_00000309,account_00000079,workspace_00000026,2025-11-23 00:00:00,dispatcher,active,2025-11-23 00:00:00,2025-11-23 17:00:00,,False
user_00000310,account_00000079,workspace_00000027,2025-11-08 00:00:00,dispatcher,active,2025-11-08 00:00:00,2025-11-09 05:00:00,,True
user_00000311,account_00000079,workspace_00000026,2025-11-08 00:00:00,field_worker,active,2025-11-08 00:00:00,2025-11-09 05:00:00,,True
user_00000312,account_00000079,workspace_00000027,2025-11-23 00:00:00,field_worker,active,2025-11-23 00:00:00,2025-11-26 05:00:00,,False
user_00000313,account_00000079,workspace_00000026,2025-11-25 00:00:00,administrator,active,2025-11-25 00:00:00,2025-11-27 11:00:00,,True
user_00000314,account_00000079,workspace_00000026,2025-11-23 00:00:00,field_worker,active,2025-11-23 00:00:00,2025-11-24 16:00:00,,False
user_00000315,account_00000079,workspace_00000026,2025-12-04 00:00:00,field_worker,active,2025-12-04 00:00:00,2025-12-04 04:00:00,,False
user_00000316,account_00000079,workspace_00000027,2025-11-01 00:00:00,field_worker,active,2025-11-01 00:00:00,2025-11-02 07:00:00,,True
user_00000317,account_00000079,workspace_00000027,2025-11-11 00:00:00,field_worker,active,2025-11-11 00:00:00,2025-11-12 12:00:00,,True
user_00000318,account_00000079,workspace_00000026,2025-11-16 00:00:00,manager,active,2025-11-16 00:00:00,,,True
user_00000319,account_00000079,workspace_00000027,2025-12-01 00:00:00,dispatcher,active,2025-12-01 00:00:00,2025-12-02 04:00:00,,True
user_00000320,account_00000079,workspace_00000026,2025-12-02 00:00:00,field_worker,active,2025-12-02 00:00:00,2025-12-04 08:00:00,,True
user_00000321,account_00000079,workspace_00000026,2025-11-04 00:00:00,field_worker,active,2025-11-04 00:00:00,2025-11-04 04:00:00,,False
user_00000322,account_00000079,workspace_00000026,2025-11-14 00:00:00,field_worker,active,2025-11-14 00:00:00,2025-11-14 08:00:00,,False
user_00000323,account_00000079,workspace_00000026,2025-11-04 00:00:00,field_worker,active,2025-11-04 00:00:00,2025-11-05 18:00:00,,True
user_00000324,account_00000079,workspace_00000026,2025-10-29 00:00:00,administrator,active,2025-10-29 00:00:00,2025-10-29 08:00:00,,True
user_00000325,account_00000079,workspace_00000027,2025-11-22 00:00:00,manager,active,2025-11-22 00:00:00,2025-11-22 03:00:00,,True
user_00000326,account_00000079,workspace_00000027,2025-12-02 00:00:00,manager,active,2025-12-02 00:00:00,2025-12-04 21:00:00,,False
user_00000327,account_00000079,workspace_00000026,2025-12-03 00:00:00,field_worker,active,2025-12-03 00:00:00,2025-12-05 08:00:00,,True
user_00000328,account_00000079,workspace_00000027,2025-11-20 00:00:00,field_worker,active,2025-11-20 00:00:00,2025-11-20 14:00:00,,False
user_00000329,account_00000079,workspace_00000026,2025-11-17 00:00:00,field_worker,active,2025-11-17 00:00:00,2025-11-18 09:00:00,,True
user_00000330,account_00000079,workspace_00000027,2025-11-06 00:00:00,field_worker,active,2025-11-06 00:00:00,2025-11-08 08:00:00,,False
user_00000331,account_00000079,workspace_00000026,2025-11-17 00:00:00,field_worker,active,2025-11-17 00:00:00,2025-11-19 14:00:00,,True
user_00000332,account_00000079,workspace_00000026,2025-11-04 00:00:00,field_worker,active,2025-11-04 00:00:00,2025-11-05 00:00:00,,False
user_00000333,account_00000079,workspace_00000027,2025-11-24 00:00:00,dispatcher,active,2025-11-24 00:00:00,2025-11-24 17:00:00,,False
user_00000334,account_00000079,workspace_00000027,2025-11-21 00:00:00,administrator,active,2025-11-21 00:00:00,2025-11-23 17:00:00,,True
user_00000335,account_00000079,workspace_00000027,2025-12-02 00:00:00,field_worker,active,2025-12-02 00:00:00,2025-12-05 11:00:00,,True
user_00000336,account_00000080,workspace_00000034,2025-10-27 00:00:00,finance,active,2025-10-27 00:00:00,,,True
user_00000337,account_00000080,workspace_00000030,2025-10-27 00:00:00,field_worker,active,2025-10-27 00:00:00,2025-10-27 14:00:00,,True
user_00000338,account_00000080,workspace_00000031,2025-10-10 00:00:00,dispatcher,active,2025-10-10 00:00:00,2025-10-12 08:00:00,,False
user_00000339,account_00000080,workspace_00000032,2025-10-01 00:00:00,finance,active,2025-10-01 00:00:00,2025-10-04 04:00:00,,True
user_00000340,account_00000080,workspace_00000033,2025-10-23 00:00:00,manager,active,2025-10-23 00:00:00,2025-10-25 19:00:00,,True
user_00000341,account_00000080,workspace_00000030,2025-10-29 00:00:00,dispatcher,active,2025-10-29 00:00:00,2025-10-31 18:00:00,,False
user_00000342,account_00000080,workspace_00000032,2025-09-25 00:00:00,field_worker,active,2025-09-25 00:00:00,2025-09-25 12:00:00,,False
user_00000343,account_00000080,workspace_00000029,2025-09-29 00:00:00,administrator,active,2025-09-29 00:00:00,2025-10-02 08:00:00,,True
user_00000344,account_00000080,workspace_00000032,2025-10-06 00:00:00,field_worker,active,2025-10-06 00:00:00,2025-10-09 01:00:00,,True
user_00000345,account_00000080,workspace_00000031,2025-10-25 00:00:00,field_worker,active,2025-10-25 00:00:00,2025-10-25 05:00:00,,True
user_00000346,account_00000080,workspace_00000028,2025-10-15 00:00:00,field_worker,active,2025-10-15 00:00:00,2025-10-18 02:00:00,,True
user_00000347,account_00000080,workspace_00000030,2025-10-25 00:00:00,dispatcher,active,2025-10-25 00:00:00,2025-10-26 01:00:00,,True
user_00000348,account_00000080,workspace_00000031,2025-09-26 00:00:00,field_worker,active,2025-09-26 00:00:00,2025-09-26 08:00:00,,True
user_00000349,account_00000080,workspace_00000031,2025-11-03 00:00:00,field_worker,active,2025-11-03 00:00:00,2025-11-04 04:00:00,,True
user_00000350,account_00000080,workspace_00000030,2025-10-14 00:00:00,administrator,active,2025-10-14 00:00:00,2025-10-17 07:00:00,,True
user_00000351,account_00000080,workspace_00000030,2025-10-11 00:00:00,dispatcher,active,2025-10-11 00:00:00,2025-10-12 22:00:00,,True
user_00000352,account_00000080,workspace_00000028,2025-10-19 00:00:00,field_worker,active,2025-10-19 00:00:00,2025-10-21 09:00:00,,False
user_00000353,account_00000080,workspace_00000030,2025-10-01 00:00:00,dispatcher,active,2025-10-01 00:00:00,2025-10-02 14:00:00,,True
user_00000354,account_00000080,workspace_00000034,2025-10-20 00:00:00,dispatcher,active,2025-10-20 00:00:00,2025-10-20 07:00:00,,False
user_00000355,account_00000080,workspace_00000028,2025-10-15 00:00:00,field_worker,active,2025-10-15 00:00:00,2025-10-16 03:00:00,,False
user_00000356,account_00000080,workspace_00000029,2025-10-11 00:00:00,field_worker,active,2025-10-11 00:00:00,2025-10-11 19:00:00,,True
user_00000357,account_00000080,workspace_00000034,2025-10-09 00:00:00,dispatcher,active,2025-10-09 00:00:00,2025-10-12 21:00:00,,True
user_00000358,account_00000080,workspace_00000034,2025-09-29 00:00:00,dispatcher,active,2025-09-29 00:00:00,2025-09-29 01:00:00,,True
user_00000359,account_00000080,workspace_00000030,2025-10-14 00:00:00,manager,active,2025-10-14 00:00:00,2025-10-14 14:00:00,,False
user_00000360,account_00000080,workspace_00000033,2025-10-08 00:00:00,field_worker,active,2025-10-08 00:00:00,2025-10-09 21:00:00,,True
user_00000361,account_00000080,workspace_00000034,2025-09-27 00:00:00,field_worker,active,2025-09-27 00:00:00,2025-09-30 20:00:00,,True
user_00000362,account_00000080,workspace_00000032,2025-11-03 00:00:00,field_worker,active,2025-11-03 00:00:00,2025-11-05 09:00:00,,False
user_00000363,account_00000080,workspace_00000028,2025-10-04 00:00:00,administrator,active,2025-10-04 00:00:00,,,True
user_00000364,account_00000080,workspace_00000029,2025-10-01 00:00:00,field_worker,active,2025-10-01 00:00:00,,,True
user_00000365,account_00000080,workspace_00000034,2025-11-02 00:00:00,field_worker,active,2025-11-02 00:00:00,2025-11-04 07:00:00,,True
user_00000366,account_00000080,workspace_00000034,2025-11-01 00:00:00,manager,active,2025-11-01 00:00:00,,,True
user_00000367,account_00000080,workspace_00000032,2025-10-15 00:00:00,field_worker,active,2025-10-15 00:00:00,2025-10-16 03:00:00,,True
user_00000368,account_00000080,workspace_00000031,2025-10-20 00:00:00,field_worker,active,2025-10-20 00:00:00,2025-10-21 20:00:00,,False
user_00000369,account_00000080,workspace_00000028,2025-10-30 00:00:00,field_worker,active,2025-10-30 00:00:00,2025-11-01 22:00:00,,True
user_00000370,account_00000080,workspace_00000033,2025-10-23 00:00:00,field_worker,active,2025-10-23 00:00:00,2025-10-24 23:00:00,,False
user_00000371,account_00000083,workspace_00000035,2024-09-25 00:00:00,manager,active,2024-09-25 00:00:00,2024-09-25 07:00:00,,True
user_00000372,account_00000083,workspace_00000035,2024-10-03 00:00:00,field_worker,active,2024-10-03 00:00:00,,,False
user_00000373,account_00000083,workspace_00000035,2024-10-02 00:00:00,manager,active,2024-10-02 00:00:00,2024-10-05 15:00:00,,True
user_00000374,account_00000083,workspace_00000035,2024-10-04 00:00:00,field_worker,active,2024-10-04 00:00:00,,,True
user_00000375,account_00000083,workspace_00000035,2024-09-13 00:00:00,manager,active,2024-09-13 00:00:00,2024-09-15 13:00:00,,True
user_00000376,account_00000083,workspace_00000035,2024-09-28 00:00:00,field_worker,active,2024-09-28 00:00:00,,,True
user_00000377,account_00000083,workspace_00000035,2024-09-08 00:00:00,field_worker,active,2024-09-08 00:00:00,2024-09-10 05:00:00,,False
user_00000378,account_00000083,workspace_00000035,2024-10-03 00:00:00,field_worker,active,2024-10-03 00:00:00,2024-10-03 15:00:00,,False
user_00000379,account_00000083,workspace_00000035,2024-09-04 00:00:00,administrator,active,2024-09-04 00:00:00,,,False
user_00000380,account_00000083,workspace_00000035,2024-09-01 00:00:00,field_worker,active,2024-09-01 00:00:00,,,True
user_00000381,account_00000083,workspace_00000035,2024-10-03 00:00:00,field_worker,active,2024-10-03 00:00:00,,,True
user_00000382,account_00000083,workspace_00000035,2024-09-03 00:00:00,administrator,active,2024-09-03 00:00:00,,,False
user_00000383,account_00000085,workspace_00000036,2024-03-17 00:00:00,field_worker,deactivated,2024-03-17 00:00:00,2024-03-19 11:00:00,2025-04-30 00:00:00,True
user_00000384,account_00000085,workspace_00000036,2024-04-06 00:00:00,field_worker,deactivated,2024-04-06 00:00:00,2024-04-09 08:00:00,2025-04-30 00:00:00,True
user_00000385,account_00000085,workspace_00000036,2024-03-24 00:00:00,administrator,deactivated,2024-03-24 00:00:00,2024-03-24 08:00:00,2025-04-30 00:00:00,False
user_00000386,account_00000085,workspace_00000036,2024-03-21 00:00:00,dispatcher,deactivated,2024-03-21 00:00:00,2024-03-22 06:00:00,2025-04-30 00:00:00,True
user_00000387,account_00000086,workspace_00000037,2026-01-03 00:00:00,field_worker,active,2026-01-03 00:00:00,2026-01-03 14:00:00,,True
user_00000388,account_00000086,workspace_00000037,2026-01-21 00:00:00,field_worker,active,2026-01-21 00:00:00,2026-01-21 04:00:00,,True
user_00000389,account_00000087,workspace_00000038,2025-03-10 00:00:00,administrator,active,2025-03-10 00:00:00,2025-03-11 12:00:00,,True
user_00000390,account_00000087,workspace_00000038,2025-03-05 00:00:00,finance,active,2025-03-05 00:00:00,2025-03-05 22:00:00,,True
user_00000391,account_00000087,workspace_00000038,2025-03-21 00:00:00,administrator,active,2025-03-21 00:00:00,2025-03-24 13:00:00,,True
user_00000392,account_00000087,workspace_00000038,2025-03-06 00:00:00,field_worker,active,2025-03-06 00:00:00,,,True
user_00000393,account_00000087,workspace_00000038,2025-03-15 00:00:00,field_worker,active,2025-03-15 00:00:00,2025-03-18 19:00:00,,True
user_00000394,account_00000087,workspace_00000038,2025-03-12 00:00:00,field_worker,active,2025-03-12 00:00:00,2025-03-14 04:00:00,,False
user_00000395,account_00000087,workspace_00000038,2025-03-22 00:00:00,field_worker,active,2025-03-22 00:00:00,2025-03-23 00:00:00,,False
user_00000396,account_00000087,workspace_00000038,2025-02-21 00:00:00,field_worker,active,2025-02-21 00:00:00,,,True
user_00000397,account_00000087,workspace_00000038,2025-03-22 00:00:00,finance,active,2025-03-22 00:00:00,2025-03-25 23:00:00,,True
user_00000398,account_00000087,workspace_00000038,2025-03-23 00:00:00,field_worker,active,2025-03-23 00:00:00,2025-03-24 01:00:00,,True
user_00000399,account_00000087,workspace_00000038,2025-03-09 00:00:00,finance,active,2025-03-09 00:00:00,2025-03-11 04:00:00,,False
user_00000400,account_00000087,workspace_00000038,2025-03-01 00:00:00,field_worker,active,2025-03-01 00:00:00,2025-03-01 04:00:00,,False
user_00000401,account_00000089,workspace_00000039,2025-01-13 00:00:00,field_worker,active,2025-01-13 00:00:00,2025-01-16 12:00:00,,True
user_00000402,account_00000089,workspace_00000039,2025-01-06 00:00:00,field_worker,active,2025-01-06 00:00:00,2025-01-07 10:00:00,,False
user_00000403,account_00000089,workspace_00000039,2025-01-16 00:00:00,field_worker,active,2025-01-16 00:00:00,2025-01-18 03:00:00,,True
user_00000404,account_00000089,workspace_00000039,2025-01-07 00:00:00,field_worker,active,2025-01-07 00:00:00,2025-01-08 18:00:00,,False
user_00000405,account_00000089,workspace_00000039,2025-01-14 00:00:00,field_worker,active,2025-01-14 00:00:00,2025-01-15 03:00:00,,True
user_00000406,account_00000089,workspace_00000039,2024-12-31 00:00:00,field_worker,active,2024-12-31 00:00:00,2024-12-31 14:00:00,,True
user_00000407,account_00000092,workspace_00000040,2026-03-18 00:00:00,field_worker,deactivated,2026-03-18 00:00:00,2026-03-20 16:00:00,2026-06-30 00:00:00,True
user_00000408,account_00000093,workspace_00000041,2024-12-01 00:00:00,field_worker,active,2024-12-01 00:00:00,2024-12-02 11:00:00,,False
user_00000409,account_00000093,workspace_00000041,2024-11-25 00:00:00,dispatcher,active,2024-11-25 00:00:00,,,True
user_00000410,account_00000093,workspace_00000041,2024-11-27 00:00:00,dispatcher,active,2024-11-27 00:00:00,2024-11-30 16:00:00,,True
user_00000411,account_00000093,workspace_00000041,2024-11-22 00:00:00,dispatcher,active,2024-11-22 00:00:00,2024-11-25 13:00:00,,False
user_00000412,account_00000094,workspace_00000042,2026-03-13 00:00:00,external_contractor,active,2026-03-13 00:00:00,2026-03-15 00:00:00,,False
user_00000413,account_00000094,workspace_00000042,2026-02-27 00:00:00,field_worker,active,2026-02-27 00:00:00,2026-02-27 22:00:00,,True
user_00000414,account_00000094,workspace_00000042,2026-02-11 00:00:00,dispatcher,active,2026-02-11 00:00:00,,,True
user_00000415,account_00000094,workspace_00000042,2026-03-19 00:00:00,field_worker,active,2026-03-19 00:00:00,,,True
user_00000416,account_00000094,workspace_00000042,2026-02-28 00:00:00,finance,active,2026-02-28 00:00:00,,,True
user_00000417,account_00000094,workspace_00000042,2026-02-28 00:00:00,field_worker,active,2026-02-28 00:00:00,,,False
user_00000418,account_00000094,workspace_00000042,2026-02-22 00:00:00,dispatcher,active,2026-02-22 00:00:00,2026-02-23 20:00:00,,True
user_00000419,account_00000094,workspace_00000042,2026-02-22 00:00:00,field_worker,active,2026-02-22 00:00:00,2026-02-25 22:00:00,,False
user_00000420,account_00000094,workspace_00000042,2026-03-18 00:00:00,dispatcher,active,2026-03-18 00:00:00,,,False
user_00000421,account_00000094,workspace_00000042,2026-02-14 00:00:00,field_worker,active,2026-02-14 00:00:00,,,False
user_00000422,account_00000094,workspace_00000042,2026-03-17 00:00:00,manager,active,2026-03-17 00:00:00,2026-03-17 17:00:00,,False
user_00000423,account_00000094,workspace_00000042,2026-02-21 00:00:00,field_worker,active,2026-02-21 00:00:00,2026-02-22 16:00:00,,False
user_00000424,account_00000094,workspace_00000042,2026-03-04 00:00:00,field_worker,active,2026-03-04 00:00:00,2026-03-06 19:00:00,,True
user_00000425,account_00000095,workspace_00000044,2025-05-30 00:00:00,field_worker,deactivated,2025-05-30 00:00:00,,2026-05-31 00:00:00,False
user_00000426,account_00000095,workspace_00000044,2025-06-09 00:00:00,dispatcher,deactivated,2025-06-09 00:00:00,2025-06-12 15:00:00,2026-05-31 00:00:00,True
user_00000427,account_00000095,workspace_00000044,2025-06-17 00:00:00,field_worker,deactivated,2025-06-17 00:00:00,,2026-05-31 00:00:00,True
user_00000428,account_00000095,workspace_00000044,2025-06-07 00:00:00,dispatcher,deactivated,2025-06-07 00:00:00,2025-06-09 08:00:00,2026-05-31 00:00:00,True
user_00000429,account_00000095,workspace_00000043,2025-06-17 00:00:00,dispatcher,deactivated,2025-06-17 00:00:00,2025-06-20 18:00:00,2026-05-31 00:00:00,False
user_00000430,account_00000095,workspace_00000043,2025-06-21 00:00:00,field_worker,deactivated,2025-06-21 00:00:00,2025-06-21 05:00:00,2026-05-31 00:00:00,False
user_00000431,account_00000095,workspace_00000044,2025-06-23 00:00:00,field_worker,deactivated,2025-06-23 00:00:00,2025-06-25 00:00:00,2026-05-31 00:00:00,True
user_00000432,account_00000095,workspace_00000043,2025-07-07 00:00:00,field_worker,deactivated,2025-07-07 00:00:00,2025-07-08 13:00:00,2026-05-31 00:00:00,True
user_00000433,account_00000095,workspace_00000044,2025-06-03 00:00:00,external_contractor,deactivated,2025-06-03 00:00:00,2025-06-04 05:00:00,2026-05-31 00:00:00,True
user_00000434,account_00000095,workspace_00000044,2025-06-26 00:00:00,manager,deactivated,2025-06-26 00:00:00,2025-06-29 19:00:00,2026-05-31 00:00:00,False
user_00000435,account_00000095,workspace_00000044,2025-06-12 00:00:00,field_worker,deactivated,2025-06-12 00:00:00,2025-06-14 06:00:00,2026-05-31 00:00:00,False
user_00000436,account_00000095,workspace_00000043,2025-06-14 00:00:00,field_worker,deactivated,2025-06-14 00:00:00,2025-06-15 22:00:00,2026-05-31 00:00:00,True
user_00000437,account_00000095,workspace_00000044,2025-06-17 00:00:00,field_worker,deactivated,2025-06-17 00:00:00,2025-06-20 02:00:00,2026-05-31 00:00:00,True
user_00000438,account_00000095,workspace_00000043,2025-05-31 00:00:00,field_worker,deactivated,2025-05-31 00:00:00,2025-06-03 01:00:00,2026-05-31 00:00:00,True
user_00000439,account_00000095,workspace_00000044,2025-07-04 00:00:00,dispatcher,deactivated,2025-07-04 00:00:00,2025-07-05 22:00:00,2026-05-31 00:00:00,True
user_00000440,account_00000095,workspace_00000043,2025-06-17 00:00:00,dispatcher,deactivated,2025-06-17 00:00:00,2025-06-19 12:00:00,2026-05-31 00:00:00,False
user_00000441,account_00000095,workspace_00000044,2025-06-24 00:00:00,administrator,deactivated,2025-06-24 00:00:00,2025-06-27 20:00:00,2026-05-31 00:00:00,True
user_00000442,account_00000095,workspace_00000044,2025-06-09 00:00:00,administrator,deactivated,2025-06-09 00:00:00,2025-06-11 01:00:00,2026-05-31 00:00:00,True
user_00000443,account_00000095,workspace_00000043,2025-06-17 00:00:00,dispatcher,deactivated,2025-06-17 00:00:00,2025-06-20 20:00:00,2026-05-31 00:00:00,True
user_00000444,account_00000095,workspace_00000044,2025-06-08 00:00:00,field_worker,deactivated,2025-06-08 00:00:00,2025-06-11 09:00:00,2026-05-31 00:00:00,True
user_00000445,account_00000095,workspace_00000044,2025-06-17 00:00:00,administrator,deactivated,2025-06-17 00:00:00,2025-06-18 09:00:00,2026-05-31 00:00:00,False
user_00000446,account_00000095,workspace_00000044,2025-05-31 00:00:00,field_worker,deactivated,2025-05-31 00:00:00,2025-05-31 13:00:00,2026-05-31 00:00:00,True
user_00000447,account_00000095,workspace_00000044,2025-06-02 00:00:00,field_worker,deactivated,2025-06-02 00:00:00,2025-06-05 19:00:00,2026-05-31 00:00:00,True
user_00000448,account_00000095,workspace_00000043,2025-06-21 00:00:00,field_worker,deactivated,2025-06-21 00:00:00,2025-06-22 14:00:00,2026-05-31 00:00:00,True
user_00000449,account_00000095,workspace_00000044,2025-06-19 00:00:00,field_worker,deactivated,2025-06-19 00:00:00,2025-06-19 16:00:00,2026-05-31 00:00:00,True
user_00000450,account_00000095,workspace_00000044,2025-06-22 00:00:00,external_contractor,deactivated,2025-06-22 00:00:00,2025-06-25 22:00:00,2026-05-31 00:00:00,True
user_00000451,account_00000095,workspace_00000044,2025-06-07 00:00:00,dispatcher,deactivated,2025-06-07 00:00:00,,2026-05-31 00:00:00,True
user_00000452,account_00000095,workspace_00000044,2025-06-05 00:00:00,dispatcher,deactivated,2025-06-05 00:00:00,2025-06-08 02:00:00,2026-05-31 00:00:00,True
user_00000453,account_00000095,workspace_00000044,2025-07-02 00:00:00,dispatcher,deactivated,2025-07-02 00:00:00,,2026-05-31 00:00:00,True
user_00000454,account_00000095,workspace_00000044,2025-05-31 00:00:00,field_worker,deactivated,2025-05-31 00:00:00,,2026-05-31 00:00:00,True
user_00000455,account_00000095,workspace_00000043,2025-06-08 00:00:00,dispatcher,deactivated,2025-06-08 00:00:00,2025-06-08 05:00:00,2026-05-31 00:00:00,False
user_00000456,account_00000095,workspace_00000044,2025-06-11 00:00:00,dispatcher,deactivated,2025-06-11 00:00:00,2025-06-14 10:00:00,2026-05-31 00:00:00,True
user_00000457,account_00000095,workspace_00000044,2025-06-03 00:00:00,manager,deactivated,2025-06-03 00:00:00,2025-06-03 12:00:00,2026-05-31 00:00:00,True
user_00000458,account_00000095,workspace_00000044,2025-06-23 00:00:00,field_worker,deactivated,2025-06-23 00:00:00,2025-06-26 16:00:00,2026-05-31 00:00:00,False
user_00000459,account_00000095,workspace_00000044,2025-06-07 00:00:00,administrator,deactivated,2025-06-07 00:00:00,2025-06-07 04:00:00,2026-05-31 00:00:00,True
user_00000460,account_00000100,workspace_00000045,2026-05-23 00:00:00,field_worker,active,2026-05-23 00:00:00,2026-05-26 11:00:00,,True
user_00000461,account_00000100,workspace_00000045,2026-06-09 00:00:00,dispatcher,active,2026-06-09 00:00:00,2026-06-11 14:00:00,,False
user_00000462,account_00000100,workspace_00000045,2026-05-24 00:00:00,finance,active,2026-05-24 00:00:00,2026-05-27 05:00:00,,False
user_00000463,account_00000100,workspace_00000045,2026-05-25 00:00:00,field_worker,active,2026-05-25 00:00:00,2026-05-28 10:00:00,,True
user_00000464,account_00000100,workspace_00000045,2026-06-13 00:00:00,finance,active,2026-06-13 00:00:00,2026-06-16 09:00:00,,False
user_00000465,account_00000101,workspace_00000046,2026-06-02 00:00:00,field_worker,active,2026-06-02 00:00:00,2026-06-03 03:00:00,,True
user_00000466,account_00000101,workspace_00000046,2026-06-05 00:00:00,field_worker,active,2026-06-05 00:00:00,2026-06-05 07:00:00,,True
user_00000467,account_00000101,workspace_00000046,2026-06-12 00:00:00,field_worker,active,2026-06-12 00:00:00,2026-06-14 09:00:00,,True
user_00000468,account_00000101,workspace_00000046,2026-06-11 00:00:00,dispatcher,active,2026-06-11 00:00:00,2026-06-11 11:00:00,,True
user_00000469,account_00000101,workspace_00000046,2026-06-05 00:00:00,field_worker,active,2026-06-05 00:00:00,,,False
user_00000470,account_00000104,workspace_00000047,2024-08-27 00:00:00,field_worker,active,2024-08-27 00:00:00,2024-08-30 02:00:00,,True
user_00000471,account_00000104,workspace_00000047,2024-08-15 00:00:00,field_worker,active,2024-08-15 00:00:00,,,True
user_00000472,account_00000104,workspace_00000047,2024-08-15 00:00:00,administrator,active,2024-08-15 00:00:00,2024-08-17 18:00:00,,True
user_00000473,account_00000104,workspace_00000047,2024-08-14 00:00:00,field_worker,active,2024-08-14 00:00:00,2024-08-17 03:00:00,,False
user_00000474,account_00000105,workspace_00000048,2026-07-03 00:00:00,field_worker,active,2026-07-03 00:00:00,2026-07-03 21:00:00,,True
user_00000475,account_00000105,workspace_00000048,2026-05-31 00:00:00,field_worker,active,2026-05-31 00:00:00,2026-06-03 00:00:00,,True
user_00000476,account_00000105,workspace_00000048,2026-06-22 00:00:00,field_worker,active,2026-06-22 00:00:00,2026-06-22 23:00:00,,True
user_00000477,account_00000105,workspace_00000048,2026-06-12 00:00:00,manager,active,2026-06-12 00:00:00,2026-06-12 17:00:00,,True
user_00000478,account_00000105,workspace_00000048,2026-06-12 00:00:00,finance,active,2026-06-12 00:00:00,2026-06-13 02:00:00,,True
user_00000479,account_00000105,workspace_00000048,2026-06-05 00:00:00,field_worker,active,2026-06-05 00:00:00,2026-06-07 07:00:00,,True
user_00000480,account_00000105,workspace_00000048,2026-06-27 00:00:00,finance,active,2026-06-27 00:00:00,2026-06-28 21:00:00,,True
user_00000481,account_00000105,workspace_00000048,2026-06-07 00:00:00,field_worker,active,2026-06-07 00:00:00,2026-06-10 19:00:00,,False
user_00000482,account_00000105,workspace_00000048,2026-06-27 00:00:00,dispatcher,active,2026-06-27 00:00:00,2026-06-30 09:00:00,,True
user_00000483,account_00000105,workspace_00000048,2026-07-03 00:00:00,field_worker,active,2026-07-03 00:00:00,,,True
user_00000484,account_00000105,workspace_00000048,2026-06-05 00:00:00,dispatcher,active,2026-06-05 00:00:00,2026-06-06 04:00:00,,True
user_00000485,account_00000105,workspace_00000048,2026-06-17 00:00:00,dispatcher,active,2026-06-17 00:00:00,2026-06-18 22:00:00,,True
user_00000486,account_00000105,workspace_00000048,2026-07-02 00:00:00,field_worker,active,2026-07-02 00:00:00,2026-07-02 21:00:00,,True
user_00000487,account_00000105,workspace_00000048,2026-06-18 00:00:00,administrator,active,2026-06-18 00:00:00,2026-06-20 10:00:00,,True
user_00000488,account_00000105,workspace_00000048,2026-07-01 00:00:00,finance,active,2026-07-01 00:00:00,2026-07-01 12:00:00,,True
user_00000489,account_00000105,workspace_00000048,2026-06-23 00:00:00,finance,active,2026-06-23 00:00:00,2026-06-23 08:00:00,,False
user_00000490,account_00000105,workspace_00000048,2026-07-02 00:00:00,field_worker,active,2026-07-02 00:00:00,2026-07-03 01:00:00,,False
user_00000491,account_00000105,workspace_00000048,2026-06-03 00:00:00,field_worker,active,2026-06-03 00:00:00,2026-06-04 12:00:00,,True
user_00000492,account_00000105,workspace_00000048,2026-06-19 00:00:00,dispatcher,active,2026-06-19 00:00:00,2026-06-19 20:00:00,,True
user_00000493,account_00000105,workspace_00000048,2026-06-12 00:00:00,field_worker,active,2026-06-12 00:00:00,2026-06-13 15:00:00,,True
user_00000494,account_00000106,workspace_00000049,2024-05-29 00:00:00,dispatcher,active,2024-05-29 00:00:00,2024-06-01 07:00:00,,True
user_00000495,account_00000106,workspace_00000049,2024-05-22 00:00:00,field_worker,active,2024-05-22 00:00:00,2024-05-25 08:00:00,,False
user_00000496,account_00000106,workspace_00000049,2024-05-28 00:00:00,field_worker,active,2024-05-28 00:00:00,,,True
user_00000497,account_00000106,workspace_00000049,2024-06-17 00:00:00,field_worker,active,2024-06-17 00:00:00,2024-06-19 01:00:00,,True
user_00000498,account_00000106,workspace_00000049,2024-05-20 00:00:00,field_worker,active,2024-05-20 00:00:00,,,True
user_00000499,account_00000106,workspace_00000049,2024-06-14 00:00:00,dispatcher,active,2024-06-14 00:00:00,2024-06-16 06:00:00,,True
user_00000500,account_00000106,workspace_00000049,2024-06-07 00:00:00,field_worker,active,2024-06-07 00:00:00,2024-06-08 20:00:00,,False
user_00000501,account_00000106,workspace_00000049,2024-06-13 00:00:00,dispatcher,active,2024-06-13 00:00:00,2024-06-16 17:00:00,,False
user_00000502,account_00000106,workspace_00000049,2024-05-20 00:00:00,field_worker,active,2024-05-20 00:00:00,2024-05-20 08:00:00,,True
user_00000503,account_00000106,workspace_00000049,2024-06-20 00:00:00,manager,active,2024-06-20 00:00:00,2024-06-20 13:00:00,,False
user_00000504,account_00000108,workspace_00000052,2025-06-01 00:00:00,field_worker,active,2025-06-01 00:00:00,2025-06-02 08:00:00,,True
user_00000505,account_00000108,workspace_00000052,2025-05-28 00:00:00,finance,active,2025-05-28 00:00:00,2025-05-30 15:00:00,,True
user_00000506,account_00000108,workspace_00000052,2025-06-11 00:00:00,dispatcher,active,2025-06-11 00:00:00,2025-06-12 09:00:00,,True
user_00000507,account_00000108,workspace_00000052,2025-06-07 00:00:00,administrator,active,2025-06-07 00:00:00,2025-06-08 08:00:00,,False
user_00000508,account_00000108,workspace_00000052,2025-05-09 00:00:00,field_worker,active,2025-05-09 00:00:00,2025-05-12 03:00:00,,True
user_00000509,account_00000108,workspace_00000052,2025-05-10 00:00:00,dispatcher,active,2025-05-10 00:00:00,2025-05-12 19:00:00,,True
user_00000510,account_00000108,workspace_00000050,2025-05-10 00:00:00,administrator,active,2025-05-10 00:00:00,2025-05-13 11:00:00,,False
user_00000511,account_00000108,workspace_00000050,2025-06-05 00:00:00,manager,active,2025-06-05 00:00:00,2025-06-06 20:00:00,,False
user_00000512,account_00000108,workspace_00000053,2025-05-23 00:00:00,field_worker,active,2025-05-23 00:00:00,2025-05-23 03:00:00,,False
user_00000513,account_00000108,workspace_00000053,2025-05-16 00:00:00,field_worker,active,2025-05-16 00:00:00,,,True
user_00000514,account_00000108,workspace_00000050,2025-05-31 00:00:00,field_worker,active,2025-05-31 00:00:00,2025-05-31 11:00:00,,True
user_00000515,account_00000108,workspace_00000050,2025-05-31 00:00:00,field_worker,active,2025-05-31 00:00:00,2025-06-03 20:00:00,,True
user_00000516,account_00000108,workspace_00000053,2025-05-23 00:00:00,field_worker,active,2025-05-23 00:00:00,2025-05-24 07:00:00,,True
user_00000517,account_00000108,workspace_00000051,2025-06-06 00:00:00,dispatcher,active,2025-06-06 00:00:00,2025-06-09 07:00:00,,True
user_00000518,account_00000108,workspace_00000053,2025-05-22 00:00:00,dispatcher,active,2025-05-22 00:00:00,2025-05-24 06:00:00,,False
user_00000519,account_00000108,workspace_00000051,2025-05-09 00:00:00,field_worker,active,2025-05-09 00:00:00,2025-05-11 17:00:00,,False
user_00000520,account_00000108,workspace_00000053,2025-05-04 00:00:00,field_worker,active,2025-05-04 00:00:00,,,True
user_00000521,account_00000108,workspace_00000052,2025-05-21 00:00:00,dispatcher,active,2025-05-21 00:00:00,2025-05-21 07:00:00,,False
user_00000522,account_00000108,workspace_00000050,2025-06-03 00:00:00,field_worker,active,2025-06-03 00:00:00,2025-06-05 11:00:00,,True
user_00000523,account_00000108,workspace_00000052,2025-05-19 00:00:00,dispatcher,active,2025-05-19 00:00:00,2025-05-22 15:00:00,,False
user_00000524,account_00000108,workspace_00000050,2025-05-06 00:00:00,field_worker,active,2025-05-06 00:00:00,2025-05-06 12:00:00,,True
user_00000525,account_00000108,workspace_00000053,2025-05-17 00:00:00,dispatcher,active,2025-05-17 00:00:00,2025-05-17 21:00:00,,False
user_00000526,account_00000108,workspace_00000051,2025-05-20 00:00:00,manager,active,2025-05-20 00:00:00,2025-05-20 12:00:00,,False
user_00000527,account_00000108,workspace_00000051,2025-06-05 00:00:00,field_worker,active,2025-06-05 00:00:00,2025-06-06 22:00:00,,False
user_00000528,account_00000108,workspace_00000053,2025-05-19 00:00:00,dispatcher,active,2025-05-19 00:00:00,2025-05-19 13:00:00,,False
user_00000529,account_00000108,workspace_00000053,2025-06-03 00:00:00,administrator,active,2025-06-03 00:00:00,2025-06-03 07:00:00,,True
user_00000530,account_00000108,workspace_00000053,2025-05-06 00:00:00,field_worker,active,2025-05-06 00:00:00,2025-05-06 16:00:00,,False
user_00000531,account_00000108,workspace_00000052,2025-05-11 00:00:00,dispatcher,active,2025-05-11 00:00:00,2025-05-12 22:00:00,,True
user_00000532,account_00000108,workspace_00000050,2025-05-20 00:00:00,administrator,active,2025-05-20 00:00:00,,,False
user_00000533,account_00000108,workspace_00000053,2025-05-06 00:00:00,finance,active,2025-05-06 00:00:00,,,True
user_00000534,account_00000108,workspace_00000051,2025-05-25 00:00:00,field_worker,active,2025-05-25 00:00:00,2025-05-25 16:00:00,,False
user_00000535,account_00000108,workspace_00000050,2025-05-12 00:00:00,dispatcher,active,2025-05-12 00:00:00,2025-05-15 01:00:00,,False
user_00000536,account_00000108,workspace_00000050,2025-05-22 00:00:00,administrator,active,2025-05-22 00:00:00,2025-05-25 07:00:00,,True
user_00000537,account_00000108,workspace_00000052,2025-05-30 00:00:00,field_worker,active,2025-05-30 00:00:00,2025-05-30 20:00:00,,False
user_00000538,account_00000108,workspace_00000051,2025-06-06 00:00:00,field_worker,active,2025-06-06 00:00:00,,,True
user_00000539,account_00000110,workspace_00000054,2024-08-12 00:00:00,administrator,active,2024-08-12 00:00:00,2024-08-12 16:00:00,,True
user_00000540,account_00000110,workspace_00000054,2024-08-11 00:00:00,field_worker,active,2024-08-11 00:00:00,2024-08-11 13:00:00,,True
user_00000541,account_00000110,workspace_00000054,2024-08-09 00:00:00,field_worker,active,2024-08-09 00:00:00,2024-08-12 14:00:00,,True
user_00000542,account_00000110,workspace_00000054,2024-08-01 00:00:00,field_worker,active,2024-08-01 00:00:00,,,True
user_00000543,account_00000110,workspace_00000054,2024-07-27 00:00:00,dispatcher,active,2024-07-27 00:00:00,2024-07-28 17:00:00,,True
user_00000544,account_00000110,workspace_00000054,2024-08-09 00:00:00,field_worker,active,2024-08-09 00:00:00,2024-08-10 19:00:00,,False
user_00000545,account_00000110,workspace_00000054,2024-08-07 00:00:00,dispatcher,active,2024-08-07 00:00:00,2024-08-08 22:00:00,,True
user_00000546,account_00000110,workspace_00000054,2024-08-04 00:00:00,field_worker,active,2024-08-04 00:00:00,2024-08-06 02:00:00,,True
user_00000547,account_00000110,workspace_00000054,2024-08-10 00:00:00,field_worker,active,2024-08-10 00:00:00,2024-08-13 14:00:00,,False
user_00000548,account_00000110,workspace_00000054,2024-07-28 00:00:00,field_worker,active,2024-07-28 00:00:00,,,False
user_00000549,account_00000110,workspace_00000054,2024-08-23 00:00:00,dispatcher,active,2024-08-23 00:00:00,2024-08-23 12:00:00,,True
user_00000550,account_00000110,workspace_00000054,2024-08-04 00:00:00,field_worker,active,2024-08-04 00:00:00,2024-08-05 12:00:00,,True
user_00000551,account_00000110,workspace_00000054,2024-09-02 00:00:00,field_worker,active,2024-09-02 00:00:00,2024-09-04 16:00:00,,False
user_00000552,account_00000110,workspace_00000054,2024-08-11 00:00:00,administrator,active,2024-08-11 00:00:00,2024-08-14 07:00:00,,True
user_00000553,account_00000110,workspace_00000054,2024-08-07 00:00:00,administrator,active,2024-08-07 00:00:00,2024-08-09 00:00:00,,True
user_00000554,account_00000110,workspace_00000054,2024-08-04 00:00:00,field_worker,active,2024-08-04 00:00:00,2024-08-06 09:00:00,,True
user_00000555,account_00000110,workspace_00000054,2024-08-25 00:00:00,dispatcher,active,2024-08-25 00:00:00,2024-08-28 06:00:00,,True
user_00000556,account_00000110,workspace_00000054,2024-08-21 00:00:00,field_worker,active,2024-08-21 00:00:00,,,True
user_00000557,account_00000110,workspace_00000054,2024-08-31 00:00:00,field_worker,active,2024-08-31 00:00:00,2024-09-02 17:00:00,,False
user_00000558,account_00000110,workspace_00000054,2024-08-28 00:00:00,finance,active,2024-08-28 00:00:00,2024-08-29 06:00:00,,True
user_00000559,account_00000110,workspace_00000054,2024-08-06 00:00:00,manager,active,2024-08-06 00:00:00,2024-08-08 00:00:00,,True
user_00000560,account_00000110,workspace_00000054,2024-08-15 00:00:00,field_worker,active,2024-08-15 00:00:00,2024-08-16 04:00:00,,True
user_00000561,account_00000110,workspace_00000054,2024-08-23 00:00:00,finance,active,2024-08-23 00:00:00,2024-08-25 15:00:00,,True
user_00000562,account_00000110,workspace_00000054,2024-08-17 00:00:00,field_worker,active,2024-08-17 00:00:00,2024-08-18 05:00:00,,True
user_00000563,account_00000110,workspace_00000054,2024-09-04 00:00:00,field_worker,active,2024-09-04 00:00:00,2024-09-04 22:00:00,,False
user_00000564,account_00000110,workspace_00000054,2024-08-09 00:00:00,dispatcher,active,2024-08-09 00:00:00,2024-08-11 14:00:00,,False
user_00000565,account_00000110,workspace_00000054,2024-08-05 00:00:00,field_worker,active,2024-08-05 00:00:00,2024-08-08 23:00:00,,True
user_00000566,account_00000110,workspace_00000054,2024-08-29 00:00:00,dispatcher,active,2024-08-29 00:00:00,2024-08-30 05:00:00,,True
user_00000567,account_00000110,workspace_00000054,2024-08-15 00:00:00,administrator,active,2024-08-15 00:00:00,2024-08-18 21:00:00,,True
user_00000568,account_00000110,workspace_00000054,2024-08-06 00:00:00,field_worker,active,2024-08-06 00:00:00,2024-08-07 23:00:00,,True
user_00000569,account_00000110,workspace_00000054,2024-08-19 00:00:00,dispatcher,active,2024-08-19 00:00:00,2024-08-22 14:00:00,,True
user_00000570,account_00000110,workspace_00000054,2024-08-13 00:00:00,field_worker,active,2024-08-13 00:00:00,2024-08-13 16:00:00,,True
user_00000571,account_00000110,workspace_00000054,2024-07-29 00:00:00,administrator,active,2024-07-29 00:00:00,2024-07-29 02:00:00,,True
user_00000572,account_00000110,workspace_00000054,2024-08-14 00:00:00,field_worker,active,2024-08-14 00:00:00,2024-08-14 06:00:00,,False
user_00000573,account_00000110,workspace_00000054,2024-08-06 00:00:00,field_worker,active,2024-08-06 00:00:00,2024-08-07 18:00:00,,False
user_00000574,account_00000111,workspace_00000055,2025-01-21 00:00:00,field_worker,active,2025-01-21 00:00:00,,,True
user_00000575,account_00000111,workspace_00000055,2025-02-17 00:00:00,dispatcher,active,2025-02-17 00:00:00,2025-02-19 12:00:00,,True
user_00000576,account_00000111,workspace_00000055,2025-01-31 00:00:00,dispatcher,active,2025-01-31 00:00:00,,,True
user_00000577,account_00000111,workspace_00000055,2025-02-22 00:00:00,field_worker,active,2025-02-22 00:00:00,2025-02-24 13:00:00,,True
user_00000578,account_00000111,workspace_00000055,2025-01-25 00:00:00,field_worker,active,2025-01-25 00:00:00,2025-01-25 22:00:00,,True
user_00000579,account_00000111,workspace_00000055,2025-01-28 00:00:00,dispatcher,active,2025-01-28 00:00:00,2025-01-28 05:00:00,,False
user_00000580,account_00000111,workspace_00000055,2025-01-28 00:00:00,field_worker,active,2025-01-28 00:00:00,,,False
user_00000581,account_00000111,workspace_00000055,2025-01-23 00:00:00,field_worker,active,2025-01-23 00:00:00,2025-01-26 04:00:00,,False
user_00000582,account_00000113,workspace_00000056,2024-09-19 00:00:00,field_worker,active,2024-09-19 00:00:00,2024-09-20 21:00:00,,False
user_00000583,account_00000113,workspace_00000056,2024-09-03 00:00:00,field_worker,active,2024-09-03 00:00:00,2024-09-04 05:00:00,,True
user_00000584,account_00000113,workspace_00000056,2024-09-23 00:00:00,manager,active,2024-09-23 00:00:00,2024-09-26 04:00:00,,True
user_00000585,account_00000113,workspace_00000056,2024-09-18 00:00:00,dispatcher,active,2024-09-18 00:00:00,2024-09-20 02:00:00,,True
user_00000586,account_00000113,workspace_00000056,2024-08-30 00:00:00,field_worker,active,2024-08-30 00:00:00,2024-09-02 16:00:00,,False
user_00000587,account_00000113,workspace_00000056,2024-09-22 00:00:00,field_worker,active,2024-09-22 00:00:00,2024-09-22 08:00:00,,True
user_00000588,account_00000113,workspace_00000056,2024-08-30 00:00:00,field_worker,active,2024-08-30 00:00:00,2024-09-02 03:00:00,,True
user_00000589,account_00000113,workspace_00000056,2024-08-25 00:00:00,dispatcher,active,2024-08-25 00:00:00,2024-08-26 13:00:00,,True
user_00000590,account_00000113,workspace_00000056,2024-09-25 00:00:00,dispatcher,active,2024-09-25 00:00:00,2024-09-28 00:00:00,,True
user_00000591,account_00000113,workspace_00000056,2024-09-15 00:00:00,field_worker,active,2024-09-15 00:00:00,2024-09-15 17:00:00,,True
user_00000592,account_00000113,workspace_00000056,2024-08-18 00:00:00,field_worker,active,2024-08-18 00:00:00,2024-08-21 12:00:00,,False
user_00000593,account_00000113,workspace_00000056,2024-08-28 00:00:00,manager,active,2024-08-28 00:00:00,2024-08-29 00:00:00,,True
user_00000594,account_00000113,workspace_00000056,2024-09-24 00:00:00,field_worker,active,2024-09-24 00:00:00,2024-09-24 11:00:00,,True
user_00000595,account_00000113,workspace_00000056,2024-08-21 00:00:00,field_worker,active,2024-08-21 00:00:00,2024-08-24 02:00:00,,True
user_00000596,account_00000113,workspace_00000056,2024-08-27 00:00:00,administrator,active,2024-08-27 00:00:00,2024-08-30 22:00:00,,True
user_00000597,account_00000113,workspace_00000056,2024-09-10 00:00:00,administrator,active,2024-09-10 00:00:00,2024-09-10 01:00:00,,True
user_00000598,account_00000113,workspace_00000056,2024-08-31 00:00:00,dispatcher,active,2024-08-31 00:00:00,2024-09-02 05:00:00,,True
user_00000599,account_00000113,workspace_00000056,2024-09-02 00:00:00,finance,active,2024-09-02 00:00:00,2024-09-05 03:00:00,,True
user_00000600,account_00000113,workspace_00000056,2024-09-16 00:00:00,field_worker,active,2024-09-16 00:00:00,2024-09-17 03:00:00,,False
user_00000601,account_00000113,workspace_00000056,2024-09-26 00:00:00,field_worker,active,2024-09-26 00:00:00,2024-09-26 15:00:00,,False
user_00000602,account_00000113,workspace_00000056,2024-09-01 00:00:00,field_worker,active,2024-09-01 00:00:00,2024-09-02 14:00:00,,False
user_00000603,account_00000113,workspace_00000056,2024-08-22 00:00:00,field_worker,active,2024-08-22 00:00:00,2024-08-24 02:00:00,,True
user_00000604,account_00000113,workspace_00000056,2024-09-07 00:00:00,field_worker,active,2024-09-07 00:00:00,2024-09-09 05:00:00,,False
user_00000605,account_00000113,workspace_00000056,2024-08-31 00:00:00,external_contractor,active,2024-08-31 00:00:00,2024-09-01 04:00:00,,True
user_00000606,account_00000113,workspace_00000056,2024-09-04 00:00:00,field_worker,active,2024-09-04 00:00:00,2024-09-04 04:00:00,,True
user_00000607,account_00000113,workspace_00000056,2024-09-16 00:00:00,field_worker,active,2024-09-16 00:00:00,2024-09-17 13:00:00,,False
user_00000608,account_00000113,workspace_00000056,2024-09-26 00:00:00,dispatcher,active,2024-09-26 00:00:00,2024-09-27 16:00:00,,True
user_00000609,account_00000113,workspace_00000056,2024-08-25 00:00:00,finance,active,2024-08-25 00:00:00,2024-08-27 23:00:00,,False
user_00000610,account_00000113,workspace_00000056,2024-08-31 00:00:00,manager,active,2024-08-31 00:00:00,2024-09-01 06:00:00,,True
user_00000611,account_00000113,workspace_00000056,2024-09-21 00:00:00,field_worker,active,2024-09-21 00:00:00,2024-09-24 21:00:00,,True
user_00000612,account_00000113,workspace_00000056,2024-09-22 00:00:00,dispatcher,active,2024-09-22 00:00:00,2024-09-23 16:00:00,,False
user_00000613,account_00000113,workspace_00000056,2024-08-27 00:00:00,field_worker,active,2024-08-27 00:00:00,2024-08-30 00:00:00,,True
user_00000614,account_00000113,workspace_00000056,2024-08-20 00:00:00,field_worker,active,2024-08-20 00:00:00,,,True
user_00000615,account_00000113,workspace_00000056,2024-09-23 00:00:00,finance,active,2024-09-23 00:00:00,2024-09-23 04:00:00,,False
user_00000616,account_00000113,workspace_00000056,2024-09-25 00:00:00,finance,active,2024-09-25 00:00:00,2024-09-27 20:00:00,,False
user_00000617,account_00000116,workspace_00000057,2025-08-15 00:00:00,field_worker,active,2025-08-15 00:00:00,2025-08-16 14:00:00,,True
user_00000618,account_00000116,workspace_00000057,2025-09-16 00:00:00,dispatcher,active,2025-09-16 00:00:00,2025-09-17 08:00:00,,True
user_00000619,account_00000116,workspace_00000057,2025-08-17 00:00:00,field_worker,active,2025-08-17 00:00:00,2025-08-19 15:00:00,,False
user_00000620,account_00000116,workspace_00000057,2025-09-09 00:00:00,finance,active,2025-09-09 00:00:00,2025-09-12 07:00:00,,True
user_00000621,account_00000116,workspace_00000057,2025-09-09 00:00:00,dispatcher,active,2025-09-09 00:00:00,2025-09-12 13:00:00,,True
user_00000622,account_00000116,workspace_00000057,2025-08-18 00:00:00,field_worker,active,2025-08-18 00:00:00,2025-08-21 03:00:00,,True
user_00000623,account_00000116,workspace_00000057,2025-09-08 00:00:00,field_worker,active,2025-09-08 00:00:00,2025-09-11 15:00:00,,True
user_00000624,account_00000122,workspace_00000058,2025-10-23 00:00:00,field_worker,active,2025-10-23 00:00:00,2025-10-25 22:00:00,,True
user_00000625,account_00000123,workspace_00000059,2024-10-15 00:00:00,dispatcher,active,2024-10-15 00:00:00,2024-10-17 04:00:00,,True
user_00000626,account_00000123,workspace_00000059,2024-11-05 00:00:00,dispatcher,active,2024-11-05 00:00:00,2024-11-07 08:00:00,,True
user_00000627,account_00000123,workspace_00000059,2024-11-03 00:00:00,dispatcher,active,2024-11-03 00:00:00,2024-11-03 15:00:00,,True
user_00000628,account_00000123,workspace_00000059,2024-10-24 00:00:00,field_worker,active,2024-10-24 00:00:00,2024-10-25 05:00:00,,True
user_00000629,account_00000124,workspace_00000060,2024-08-29 00:00:00,field_worker,active,2024-08-29 00:00:00,2024-09-01 09:00:00,,False
user_00000630,account_00000126,workspace_00000061,2026-03-28 00:00:00,field_worker,active,2026-03-28 00:00:00,2026-03-28 04:00:00,,True
user_00000631,account_00000126,workspace_00000061,2026-03-27 00:00:00,field_worker,active,2026-03-27 00:00:00,2026-03-30 05:00:00,,False
user_00000632,account_00000127,workspace_00000062,2025-03-11 00:00:00,field_worker,active,2025-03-11 00:00:00,2025-03-11 08:00:00,,True
user_00000633,account_00000127,workspace_00000062,2025-03-15 00:00:00,external_contractor,active,2025-03-15 00:00:00,2025-03-17 19:00:00,,True
user_00000634,account_00000127,workspace_00000062,2025-02-23 00:00:00,field_worker,active,2025-02-23 00:00:00,2025-02-25 23:00:00,,True
user_00000635,account_00000127,workspace_00000062,2025-02-09 00:00:00,dispatcher,active,2025-02-09 00:00:00,2025-02-10 06:00:00,,True
user_00000636,account_00000127,workspace_00000062,2025-03-02 00:00:00,field_worker,active,2025-03-02 00:00:00,2025-03-05 17:00:00,,False
user_00000637,account_00000127,workspace_00000062,2025-02-14 00:00:00,field_worker,active,2025-02-14 00:00:00,2025-02-14 08:00:00,,True
user_00000638,account_00000128,workspace_00000064,2024-09-15 00:00:00,field_worker,active,2024-09-15 00:00:00,2024-09-18 22:00:00,,True
user_00000639,account_00000128,workspace_00000064,2024-09-12 00:00:00,administrator,active,2024-09-12 00:00:00,2024-09-14 05:00:00,,True
user_00000640,account_00000128,workspace_00000064,2024-09-26 00:00:00,field_worker,active,2024-09-26 00:00:00,2024-09-29 23:00:00,,True
user_00000641,account_00000128,workspace_00000063,2024-09-07 00:00:00,field_worker,active,2024-09-07 00:00:00,2024-09-07 08:00:00,,True
user_00000642,account_00000128,workspace_00000063,2024-08-23 00:00:00,external_contractor,active,2024-08-23 00:00:00,2024-08-24 09:00:00,,True
user_00000643,account_00000128,workspace_00000063,2024-10-01 00:00:00,manager,active,2024-10-01 00:00:00,2024-10-03 20:00:00,,True
user_00000644,account_00000128,workspace_00000063,2024-10-01 00:00:00,field_worker,active,2024-10-01 00:00:00,2024-10-02 01:00:00,,False
user_00000645,account_00000128,workspace_00000064,2024-08-29 00:00:00,field_worker,active,2024-08-29 00:00:00,2024-08-30 01:00:00,,True
user_00000646,account_00000128,workspace_00000063,2024-09-22 00:00:00,field_worker,active,2024-09-22 00:00:00,2024-09-23 16:00:00,,True
user_00000647,account_00000128,workspace_00000063,2024-08-30 00:00:00,field_worker,active,2024-08-30 00:00:00,2024-08-31 06:00:00,,True
user_00000648,account_00000128,workspace_00000064,2024-09-04 00:00:00,administrator,active,2024-09-04 00:00:00,2024-09-05 03:00:00,,False
user_00000649,account_00000128,workspace_00000063,2024-08-23 00:00:00,field_worker,active,2024-08-23 00:00:00,2024-08-23 07:00:00,,True
user_00000650,account_00000128,workspace_00000063,2024-08-30 00:00:00,dispatcher,active,2024-08-30 00:00:00,2024-09-01 21:00:00,,False
user_00000651,account_00000128,workspace_00000063,2024-08-23 00:00:00,field_worker,active,2024-08-23 00:00:00,2024-08-25 17:00:00,,True
user_00000652,account_00000128,workspace_00000063,2024-08-26 00:00:00,field_worker,active,2024-08-26 00:00:00,2024-08-29 04:00:00,,True
user_00000653,account_00000128,workspace_00000064,2024-09-30 00:00:00,dispatcher,active,2024-09-30 00:00:00,,,True
user_00000654,account_00000128,workspace_00000064,2024-09-30 00:00:00,administrator,active,2024-09-30 00:00:00,2024-10-01 23:00:00,,True
user_00000655,account_00000128,workspace_00000063,2024-09-22 00:00:00,field_worker,active,2024-09-22 00:00:00,2024-09-24 00:00:00,,False
user_00000656,account_00000128,workspace_00000064,2024-09-29 00:00:00,field_worker,active,2024-09-29 00:00:00,2024-09-30 07:00:00,,False
user_00000657,account_00000128,workspace_00000063,2024-09-04 00:00:00,field_worker,active,2024-09-04 00:00:00,2024-09-07 17:00:00,,True
user_00000658,account_00000128,workspace_00000064,2024-09-17 00:00:00,field_worker,active,2024-09-17 00:00:00,2024-09-19 00:00:00,,True
user_00000659,account_00000128,workspace_00000064,2024-09-11 00:00:00,manager,active,2024-09-11 00:00:00,,,False
user_00000660,account_00000128,workspace_00000063,2024-08-26 00:00:00,field_worker,active,2024-08-26 00:00:00,2024-08-26 23:00:00,,False
user_00000661,account_00000128,workspace_00000064,2024-09-22 00:00:00,field_worker,active,2024-09-22 00:00:00,2024-09-22 03:00:00,,True
user_00000662,account_00000128,workspace_00000063,2024-09-10 00:00:00,manager,active,2024-09-10 00:00:00,2024-09-11 19:00:00,,True
user_00000663,account_00000128,workspace_00000064,2024-09-20 00:00:00,dispatcher,active,2024-09-20 00:00:00,,,True
user_00000664,account_00000128,workspace_00000063,2024-10-01 00:00:00,finance,active,2024-10-01 00:00:00,2024-10-02 02:00:00,,True
user_00000665,account_00000128,workspace_00000064,2024-08-30 00:00:00,field_worker,active,2024-08-30 00:00:00,2024-09-02 13:00:00,,True
user_00000666,account_00000128,workspace_00000063,2024-08-30 00:00:00,field_worker,active,2024-08-30 00:00:00,2024-08-31 19:00:00,,True
user_00000667,account_00000128,workspace_00000064,2024-08-31 00:00:00,dispatcher,active,2024-08-31 00:00:00,2024-09-01 23:00:00,,False
user_00000668,account_00000128,workspace_00000064,2024-09-04 00:00:00,dispatcher,active,2024-09-04 00:00:00,2024-09-07 14:00:00,,True
user_00000669,account_00000128,workspace_00000064,2024-09-28 00:00:00,administrator,active,2024-09-28 00:00:00,2024-09-29 20:00:00,,True
user_00000670,account_00000128,workspace_00000064,2024-09-21 00:00:00,dispatcher,active,2024-09-21 00:00:00,2024-09-23 21:00:00,,False
user_00000671,account_00000128,workspace_00000064,2024-08-26 00:00:00,field_worker,active,2024-08-26 00:00:00,2024-08-28 13:00:00,,True
user_00000672,account_00000128,workspace_00000063,2024-09-07 00:00:00,field_worker,active,2024-09-07 00:00:00,2024-09-08 05:00:00,,False
user_00000673,account_00000129,workspace_00000065,2025-06-18 00:00:00,field_worker,active,2025-06-18 00:00:00,2025-06-18 14:00:00,,False
user_00000674,account_00000129,workspace_00000065,2025-06-28 00:00:00,manager,active,2025-06-28 00:00:00,,,True
user_00000675,account_00000129,workspace_00000065,2025-07-18 00:00:00,dispatcher,active,2025-07-18 00:00:00,2025-07-20 16:00:00,,False
user_00000676,account_00000130,workspace_00000066,2025-11-15 00:00:00,manager,deactivated,2025-11-15 00:00:00,2025-11-18 03:00:00,2026-01-31 00:00:00,True
user_00000677,account_00000130,workspace_00000066,2025-11-07 00:00:00,administrator,deactivated,2025-11-07 00:00:00,2025-11-09 09:00:00,2026-01-31 00:00:00,True
user_00000678,account_00000131,workspace_00000070,2025-06-10 00:00:00,field_worker,active,2025-06-10 00:00:00,2025-06-11 09:00:00,,False
user_00000679,account_00000131,workspace_00000067,2025-06-16 00:00:00,administrator,active,2025-06-16 00:00:00,2025-06-16 15:00:00,,False
user_00000680,account_00000131,workspace_00000069,2025-05-25 00:00:00,field_worker,active,2025-05-25 00:00:00,2025-05-26 22:00:00,,True
user_00000681,account_00000131,workspace_00000070,2025-06-04 00:00:00,administrator,active,2025-06-04 00:00:00,2025-06-06 00:00:00,,True
user_00000682,account_00000131,workspace_00000070,2025-06-06 00:00:00,administrator,active,2025-06-06 00:00:00,2025-06-07 07:00:00,,False
user_00000683,account_00000131,workspace_00000069,2025-06-05 00:00:00,administrator,active,2025-06-05 00:00:00,2025-06-06 15:00:00,,True
user_00000684,account_00000131,workspace_00000068,2025-06-11 00:00:00,administrator,active,2025-06-11 00:00:00,2025-06-14 05:00:00,,False
user_00000685,account_00000131,workspace_00000067,2025-06-07 00:00:00,finance,active,2025-06-07 00:00:00,2025-06-10 11:00:00,,False
user_00000686,account_00000131,workspace_00000068,2025-05-16 00:00:00,field_worker,active,2025-05-16 00:00:00,2025-05-16 23:00:00,,True
user_00000687,account_00000131,workspace_00000069,2025-06-04 00:00:00,finance,active,2025-06-04 00:00:00,2025-06-07 08:00:00,,False
user_00000688,account_00000131,workspace_00000069,2025-06-12 00:00:00,manager,active,2025-06-12 00:00:00,2025-06-13 13:00:00,,True
user_00000689,account_00000131,workspace_00000068,2025-06-07 00:00:00,manager,active,2025-06-07 00:00:00,2025-06-07 16:00:00,,True
user_00000690,account_00000131,workspace_00000067,2025-05-27 00:00:00,field_worker,active,2025-05-27 00:00:00,2025-05-27 07:00:00,,True
user_00000691,account_00000131,workspace_00000067,2025-05-31 00:00:00,field_worker,active,2025-05-31 00:00:00,,,True
user_00000692,account_00000131,workspace_00000069,2025-06-22 00:00:00,dispatcher,active,2025-06-22 00:00:00,2025-06-24 12:00:00,,False
user_00000693,account_00000131,workspace_00000068,2025-05-17 00:00:00,field_worker,active,2025-05-17 00:00:00,2025-05-17 21:00:00,,False
user_00000694,account_00000131,workspace_00000067,2025-06-07 00:00:00,field_worker,active,2025-06-07 00:00:00,2025-06-08 16:00:00,,False
user_00000695,account_00000131,workspace_00000067,2025-05-18 00:00:00,field_worker,active,2025-05-18 00:00:00,2025-05-20 10:00:00,,False
user_00000696,account_00000131,workspace_00000070,2025-06-01 00:00:00,administrator,active,2025-06-01 00:00:00,2025-06-04 06:00:00,,False
user_00000697,account_00000131,workspace_00000069,2025-06-23 00:00:00,dispatcher,active,2025-06-23 00:00:00,2025-06-24 14:00:00,,False
user_00000698,account_00000131,workspace_00000068,2025-05-20 00:00:00,field_worker,active,2025-05-20 00:00:00,2025-05-20 08:00:00,,True
user_00000699,account_00000131,workspace_00000069,2025-05-30 00:00:00,field_worker,active,2025-05-30 00:00:00,2025-05-31 14:00:00,,True
user_00000700,account_00000131,workspace_00000069,2025-05-18 00:00:00,field_worker,active,2025-05-18 00:00:00,2025-05-18 22:00:00,,False
user_00000701,account_00000131,workspace_00000069,2025-06-18 00:00:00,manager,active,2025-06-18 00:00:00,2025-06-20 11:00:00,,False
user_00000702,account_00000131,workspace_00000067,2025-06-17 00:00:00,finance,active,2025-06-17 00:00:00,2025-06-20 00:00:00,,False
user_00000703,account_00000131,workspace_00000069,2025-06-23 00:00:00,field_worker,active,2025-06-23 00:00:00,2025-06-24 04:00:00,,False
user_00000704,account_00000131,workspace_00000070,2025-05-23 00:00:00,field_worker,active,2025-05-23 00:00:00,2025-05-25 20:00:00,,True
user_00000705,account_00000131,workspace_00000067,2025-06-12 00:00:00,dispatcher,active,2025-06-12 00:00:00,2025-06-15 16:00:00,,True
user_00000706,account_00000131,workspace_00000070,2025-06-23 00:00:00,field_worker,active,2025-06-23 00:00:00,2025-06-25 11:00:00,,False
user_00000707,account_00000131,workspace_00000067,2025-06-11 00:00:00,field_worker,active,2025-06-11 00:00:00,2025-06-12 01:00:00,,False
user_00000708,account_00000131,workspace_00000068,2025-06-14 00:00:00,field_worker,active,2025-06-14 00:00:00,2025-06-16 09:00:00,,False
user_00000709,account_00000131,workspace_00000068,2025-05-29 00:00:00,field_worker,active,2025-05-29 00:00:00,2025-06-01 18:00:00,,True
user_00000710,account_00000131,workspace_00000068,2025-06-20 00:00:00,field_worker,active,2025-06-20 00:00:00,2025-06-20 20:00:00,,False
user_00000711,account_00000131,workspace_00000070,2025-05-31 00:00:00,manager,active,2025-05-31 00:00:00,2025-05-31 21:00:00,,True
user_00000712,account_00000131,workspace_00000068,2025-05-26 00:00:00,field_worker,active,2025-05-26 00:00:00,2025-05-29 01:00:00,,True
user_00000713,account_00000134,workspace_00000072,2024-07-08 00:00:00,finance,active,2024-07-08 00:00:00,2024-07-11 21:00:00,,True
user_00000714,account_00000134,workspace_00000071,2024-07-12 00:00:00,field_worker,active,2024-07-12 00:00:00,2024-07-14 10:00:00,,True
user_00000715,account_00000134,workspace_00000072,2024-07-27 00:00:00,dispatcher,active,2024-07-27 00:00:00,2024-07-29 16:00:00,,True
user_00000716,account_00000134,workspace_00000072,2024-07-16 00:00:00,administrator,active,2024-07-16 00:00:00,2024-07-16 12:00:00,,False
user_00000717,account_00000134,workspace_00000071,2024-07-06 00:00:00,field_worker,active,2024-07-06 00:00:00,2024-07-08 13:00:00,,True
user_00000718,account_00000134,workspace_00000071,2024-07-15 00:00:00,field_worker,active,2024-07-15 00:00:00,2024-07-18 12:00:00,,True
user_00000719,account_00000134,workspace_00000071,2024-07-09 00:00:00,field_worker,active,2024-07-09 00:00:00,2024-07-11 17:00:00,,False
user_00000720,account_00000134,workspace_00000071,2024-07-14 00:00:00,dispatcher,active,2024-07-14 00:00:00,2024-07-15 09:00:00,,True
user_00000721,account_00000134,workspace_00000071,2024-07-23 00:00:00,administrator,active,2024-07-23 00:00:00,2024-07-26 10:00:00,,False
user_00000722,account_00000134,workspace_00000072,2024-07-14 00:00:00,field_worker,active,2024-07-14 00:00:00,2024-07-14 08:00:00,,False
user_00000723,account_00000134,workspace_00000071,2024-07-26 00:00:00,dispatcher,active,2024-07-26 00:00:00,2024-07-27 14:00:00,,True
user_00000724,account_00000134,workspace_00000072,2024-07-17 00:00:00,field_worker,active,2024-07-17 00:00:00,2024-07-17 20:00:00,,True
user_00000725,account_00000134,workspace_00000072,2024-07-28 00:00:00,field_worker,active,2024-07-28 00:00:00,2024-07-29 09:00:00,,False
user_00000726,account_00000134,workspace_00000071,2024-08-02 00:00:00,dispatcher,active,2024-08-02 00:00:00,2024-08-02 19:00:00,,False
user_00000727,account_00000134,workspace_00000071,2024-06-30 00:00:00,manager,active,2024-06-30 00:00:00,2024-07-02 06:00:00,,True
user_00000728,account_00000134,workspace_00000072,2024-07-15 00:00:00,dispatcher,active,2024-07-15 00:00:00,,,False
user_00000729,account_00000134,workspace_00000072,2024-08-02 00:00:00,field_worker,active,2024-08-02 00:00:00,2024-08-03 20:00:00,,True
user_00000730,account_00000134,workspace_00000072,2024-07-13 00:00:00,field_worker,active,2024-07-13 00:00:00,2024-07-13 13:00:00,,True
user_00000731,account_00000134,workspace_00000071,2024-06-29 00:00:00,field_worker,active,2024-06-29 00:00:00,2024-06-30 08:00:00,,True
user_00000732,account_00000134,workspace_00000071,2024-07-24 00:00:00,administrator,active,2024-07-24 00:00:00,2024-07-27 08:00:00,,True
user_00000733,account_00000134,workspace_00000071,2024-07-13 00:00:00,finance,active,2024-07-13 00:00:00,2024-07-16 13:00:00,,True
user_00000734,account_00000134,workspace_00000072,2024-07-05 00:00:00,dispatcher,active,2024-07-05 00:00:00,2024-07-08 17:00:00,,True
user_00000735,account_00000134,workspace_00000071,2024-07-26 00:00:00,field_worker,active,2024-07-26 00:00:00,2024-07-26 04:00:00,,False
user_00000736,account_00000134,workspace_00000071,2024-07-30 00:00:00,field_worker,active,2024-07-30 00:00:00,2024-08-01 10:00:00,,False
user_00000737,account_00000134,workspace_00000072,2024-07-27 00:00:00,field_worker,active,2024-07-27 00:00:00,2024-07-28 05:00:00,,False
user_00000738,account_00000134,workspace_00000072,2024-07-16 00:00:00,field_worker,active,2024-07-16 00:00:00,2024-07-16 05:00:00,,False
user_00000739,account_00000134,workspace_00000072,2024-08-05 00:00:00,field_worker,active,2024-08-05 00:00:00,2024-08-08 22:00:00,,False
user_00000740,account_00000134,workspace_00000072,2024-07-24 00:00:00,field_worker,active,2024-07-24 00:00:00,2024-07-26 10:00:00,,False
user_00000741,account_00000134,workspace_00000072,2024-06-30 00:00:00,field_worker,active,2024-06-30 00:00:00,2024-07-01 10:00:00,,True
user_00000742,account_00000134,workspace_00000072,2024-07-20 00:00:00,dispatcher,active,2024-07-20 00:00:00,2024-07-22 15:00:00,,True
user_00000743,account_00000134,workspace_00000071,2024-07-17 00:00:00,dispatcher,active,2024-07-17 00:00:00,2024-07-20 13:00:00,,True
user_00000744,account_00000134,workspace_00000072,2024-07-20 00:00:00,field_worker,active,2024-07-20 00:00:00,2024-07-23 07:00:00,,True
user_00000745,account_00000134,workspace_00000072,2024-08-02 00:00:00,field_worker,active,2024-08-02 00:00:00,,,True
user_00000746,account_00000134,workspace_00000071,2024-08-01 00:00:00,field_worker,active,2024-08-01 00:00:00,2024-08-04 07:00:00,,True
user_00000747,account_00000134,workspace_00000072,2024-07-30 00:00:00,dispatcher,active,2024-07-30 00:00:00,2024-07-31 13:00:00,,True
user_00000748,account_00000135,workspace_00000073,2025-08-28 00:00:00,field_worker,active,2025-08-28 00:00:00,2025-08-31 09:00:00,,True
user_00000749,account_00000136,workspace_00000075,2024-11-01 00:00:00,dispatcher,active,2024-11-01 00:00:00,2024-11-03 21:00:00,,True
user_00000750,account_00000136,workspace_00000075,2024-10-02 00:00:00,manager,active,2024-10-02 00:00:00,2024-10-04 03:00:00,,True
user_00000751,account_00000136,workspace_00000075,2024-10-23 00:00:00,administrator,active,2024-10-23 00:00:00,2024-10-26 23:00:00,,True
user_00000752,account_00000136,workspace_00000074,2024-11-01 00:00:00,field_worker,active,2024-11-01 00:00:00,2024-11-04 07:00:00,,True
user_00000753,account_00000136,workspace_00000074,2024-10-24 00:00:00,dispatcher,active,2024-10-24 00:00:00,2024-10-27 12:00:00,,False
user_00000754,account_00000136,workspace_00000075,2024-09-27 00:00:00,field_worker,active,2024-09-27 00:00:00,,,False
user_00000755,account_00000136,workspace_00000075,2024-10-03 00:00:00,field_worker,active,2024-10-03 00:00:00,2024-10-05 14:00:00,,False
user_00000756,account_00000136,workspace_00000074,2024-10-25 00:00:00,field_worker,active,2024-10-25 00:00:00,2024-10-28 19:00:00,,False
user_00000757,account_00000136,workspace_00000075,2024-10-14 00:00:00,field_worker,active,2024-10-14 00:00:00,2024-10-16 06:00:00,,True
user_00000758,account_00000136,workspace_00000074,2024-11-02 00:00:00,field_worker,active,2024-11-02 00:00:00,2024-11-04 17:00:00,,True
user_00000759,account_00000136,workspace_00000074,2024-10-28 00:00:00,field_worker,active,2024-10-28 00:00:00,2024-10-29 02:00:00,,False
user_00000760,account_00000136,workspace_00000074,2024-10-09 00:00:00,field_worker,active,2024-10-09 00:00:00,2024-10-10 19:00:00,,False
user_00000761,account_00000136,workspace_00000075,2024-09-29 00:00:00,field_worker,active,2024-09-29 00:00:00,2024-09-29 19:00:00,,True
user_00000762,account_00000136,workspace_00000074,2024-09-27 00:00:00,field_worker,active,2024-09-27 00:00:00,2024-09-29 13:00:00,,True
user_00000763,account_00000136,workspace_00000074,2024-10-20 00:00:00,field_worker,active,2024-10-20 00:00:00,,,True
user_00000764,account_00000136,workspace_00000074,2024-11-02 00:00:00,field_worker,active,2024-11-02 00:00:00,2024-11-03 11:00:00,,True
user_00000765,account_00000136,workspace_00000075,2024-10-24 00:00:00,field_worker,active,2024-10-24 00:00:00,2024-10-26 17:00:00,,True
user_00000766,account_00000136,workspace_00000075,2024-10-05 00:00:00,administrator,active,2024-10-05 00:00:00,,,True
user_00000767,account_00000136,workspace_00000075,2024-10-19 00:00:00,field_worker,active,2024-10-19 00:00:00,2024-10-22 09:00:00,,True
user_00000768,account_00000136,workspace_00000075,2024-10-03 00:00:00,field_worker,active,2024-10-03 00:00:00,2024-10-04 02:00:00,,True
user_00000769,account_00000136,workspace_00000074,2024-10-02 00:00:00,dispatcher,active,2024-10-02 00:00:00,2024-10-03 19:00:00,,True
user_00000770,account_00000136,workspace_00000075,2024-10-15 00:00:00,field_worker,active,2024-10-15 00:00:00,2024-10-15 09:00:00,,True
user_00000771,account_00000136,workspace_00000074,2024-11-02 00:00:00,dispatcher,active,2024-11-02 00:00:00,2024-11-05 10:00:00,,True
user_00000772,account_00000136,workspace_00000074,2024-09-27 00:00:00,field_worker,active,2024-09-27 00:00:00,2024-09-28 16:00:00,,False
user_00000773,account_00000136,workspace_00000074,2024-10-14 00:00:00,administrator,active,2024-10-14 00:00:00,2024-10-16 11:00:00,,True
user_00000774,account_00000136,workspace_00000075,2024-10-27 00:00:00,field_worker,active,2024-10-27 00:00:00,,,True
user_00000775,account_00000136,workspace_00000075,2024-10-09 00:00:00,field_worker,active,2024-10-09 00:00:00,,,True
user_00000776,account_00000136,workspace_00000075,2024-10-21 00:00:00,manager,active,2024-10-21 00:00:00,2024-10-21 05:00:00,,True
user_00000777,account_00000136,workspace_00000075,2024-10-26 00:00:00,field_worker,active,2024-10-26 00:00:00,2024-10-28 20:00:00,,False
user_00000778,account_00000136,workspace_00000075,2024-10-02 00:00:00,field_worker,active,2024-10-02 00:00:00,2024-10-02 12:00:00,,True
user_00000779,account_00000136,workspace_00000075,2024-10-03 00:00:00,administrator,active,2024-10-03 00:00:00,2024-10-06 00:00:00,,False
user_00000780,account_00000136,workspace_00000074,2024-09-30 00:00:00,field_worker,active,2024-09-30 00:00:00,2024-10-02 05:00:00,,True
user_00000781,account_00000136,workspace_00000074,2024-10-27 00:00:00,dispatcher,active,2024-10-27 00:00:00,2024-10-27 03:00:00,,False
user_00000782,account_00000136,workspace_00000074,2024-10-05 00:00:00,field_worker,active,2024-10-05 00:00:00,2024-10-07 12:00:00,,False
user_00000783,account_00000136,workspace_00000074,2024-10-25 00:00:00,finance,active,2024-10-25 00:00:00,2024-10-27 16:00:00,,False
user_00000784,account_00000137,workspace_00000076,2025-11-26 00:00:00,field_worker,active,2025-11-26 00:00:00,2025-11-27 12:00:00,,True
user_00000785,account_00000137,workspace_00000076,2025-12-26 00:00:00,manager,active,2025-12-26 00:00:00,2025-12-29 05:00:00,,True
user_00000786,account_00000137,workspace_00000076,2025-11-26 00:00:00,field_worker,active,2025-11-26 00:00:00,2025-11-28 16:00:00,,False
user_00000787,account_00000137,workspace_00000076,2025-11-20 00:00:00,field_worker,active,2025-11-20 00:00:00,2025-11-23 18:00:00,,True
user_00000788,account_00000137,workspace_00000076,2025-12-10 00:00:00,dispatcher,active,2025-12-10 00:00:00,2025-12-10 07:00:00,,False
user_00000789,account_00000137,workspace_00000076,2025-12-03 00:00:00,field_worker,active,2025-12-03 00:00:00,2025-12-03 14:00:00,,True
user_00000790,account_00000137,workspace_00000076,2025-12-17 00:00:00,field_worker,active,2025-12-17 00:00:00,,,True
user_00000791,account_00000138,workspace_00000077,2024-12-15 00:00:00,field_worker,active,2024-12-15 00:00:00,2024-12-16 03:00:00,,True
user_00000792,account_00000138,workspace_00000077,2024-12-07 00:00:00,dispatcher,active,2024-12-07 00:00:00,2024-12-08 04:00:00,,False
user_00000793,account_00000138,workspace_00000077,2024-12-06 00:00:00,dispatcher,active,2024-12-06 00:00:00,2024-12-09 14:00:00,,True
user_00000794,account_00000138,workspace_00000077,2024-11-11 00:00:00,field_worker,active,2024-11-11 00:00:00,2024-11-13 14:00:00,,True
user_00000795,account_00000138,workspace_00000077,2024-11-11 00:00:00,field_worker,active,2024-11-11 00:00:00,,,True
user_00000796,account_00000138,workspace_00000077,2024-11-20 00:00:00,dispatcher,active,2024-11-20 00:00:00,2024-11-22 11:00:00,,False
user_00000797,account_00000138,workspace_00000077,2024-12-16 00:00:00,field_worker,active,2024-12-16 00:00:00,2024-12-17 08:00:00,,True
user_00000798,account_00000138,workspace_00000077,2024-11-11 00:00:00,field_worker,active,2024-11-11 00:00:00,2024-11-13 01:00:00,,True
user_00000799,account_00000138,workspace_00000077,2024-11-28 00:00:00,manager,active,2024-11-28 00:00:00,2024-11-28 07:00:00,,True
user_00000800,account_00000138,workspace_00000077,2024-11-28 00:00:00,administrator,active,2024-11-28 00:00:00,2024-12-01 18:00:00,,True
user_00000801,account_00000138,workspace_00000077,2024-11-30 00:00:00,field_worker,active,2024-11-30 00:00:00,2024-12-03 06:00:00,,True
user_00000802,account_00000138,workspace_00000077,2024-12-11 00:00:00,dispatcher,active,2024-12-11 00:00:00,,,False
user_00000803,account_00000138,workspace_00000077,2024-12-15 00:00:00,field_worker,active,2024-12-15 00:00:00,2024-12-16 10:00:00,,True
user_00000804,account_00000141,workspace_00000078,2025-04-21 00:00:00,manager,active,2025-04-21 00:00:00,2025-04-21 06:00:00,,False
user_00000805,account_00000141,workspace_00000078,2025-05-21 00:00:00,field_worker,active,2025-05-21 00:00:00,2025-05-24 17:00:00,,False
user_00000806,account_00000141,workspace_00000078,2025-05-22 00:00:00,field_worker,active,2025-05-22 00:00:00,,,True
user_00000807,account_00000141,workspace_00000078,2025-05-14 00:00:00,manager,active,2025-05-14 00:00:00,,,False
user_00000808,account_00000141,workspace_00000078,2025-05-16 00:00:00,field_worker,active,2025-05-16 00:00:00,,,True
user_00000809,account_00000141,workspace_00000078,2025-05-05 00:00:00,field_worker,active,2025-05-05 00:00:00,,,True
user_00000810,account_00000141,workspace_00000078,2025-05-11 00:00:00,field_worker,active,2025-05-11 00:00:00,2025-05-14 00:00:00,,True
user_00000811,account_00000141,workspace_00000078,2025-05-20 00:00:00,field_worker,active,2025-05-20 00:00:00,2025-05-20 19:00:00,,True
user_00000812,account_00000141,workspace_00000078,2025-05-11 00:00:00,dispatcher,active,2025-05-11 00:00:00,,,True
user_00000813,account_00000141,workspace_00000078,2025-05-07 00:00:00,field_worker,active,2025-05-07 00:00:00,2025-05-10 19:00:00,,True
user_00000814,account_00000141,workspace_00000078,2025-05-12 00:00:00,dispatcher,active,2025-05-12 00:00:00,2025-05-14 06:00:00,,True
user_00000815,account_00000152,workspace_00000079,2024-07-22 00:00:00,field_worker,active,2024-07-22 00:00:00,2024-07-23 05:00:00,,True
user_00000816,account_00000152,workspace_00000079,2024-08-08 00:00:00,dispatcher,active,2024-08-08 00:00:00,2024-08-11 21:00:00,,True
user_00000817,account_00000152,workspace_00000079,2024-07-30 00:00:00,field_worker,active,2024-07-30 00:00:00,,,False
user_00000818,account_00000152,workspace_00000079,2024-08-12 00:00:00,administrator,active,2024-08-12 00:00:00,2024-08-13 15:00:00,,True
user_00000819,account_00000152,workspace_00000079,2024-07-18 00:00:00,field_worker,active,2024-07-18 00:00:00,2024-07-20 12:00:00,,False
user_00000820,account_00000152,workspace_00000080,2024-07-25 00:00:00,field_worker,active,2024-07-25 00:00:00,2024-07-28 17:00:00,,True
user_00000821,account_00000152,workspace_00000080,2024-08-17 00:00:00,field_worker,active,2024-08-17 00:00:00,2024-08-18 04:00:00,,True
user_00000822,account_00000152,workspace_00000080,2024-07-30 00:00:00,field_worker,active,2024-07-30 00:00:00,2024-07-30 12:00:00,,True
user_00000823,account_00000152,workspace_00000080,2024-08-08 00:00:00,field_worker,active,2024-08-08 00:00:00,,,False
user_00000824,account_00000152,workspace_00000080,2024-07-31 00:00:00,dispatcher,active,2024-07-31 00:00:00,,,True
user_00000825,account_00000152,workspace_00000080,2024-08-08 00:00:00,dispatcher,active,2024-08-08 00:00:00,2024-08-09 11:00:00,,False
user_00000826,account_00000152,workspace_00000079,2024-07-22 00:00:00,field_worker,active,2024-07-22 00:00:00,2024-07-25 02:00:00,,True
user_00000827,account_00000152,workspace_00000079,2024-08-01 00:00:00,dispatcher,active,2024-08-01 00:00:00,2024-08-01 22:00:00,,True
user_00000828,account_00000152,workspace_00000079,2024-07-16 00:00:00,field_worker,active,2024-07-16 00:00:00,2024-07-19 09:00:00,,False
user_00000829,account_00000152,workspace_00000080,2024-08-04 00:00:00,dispatcher,active,2024-08-04 00:00:00,2024-08-05 14:00:00,,True
user_00000830,account_00000152,workspace_00000080,2024-07-29 00:00:00,field_worker,active,2024-07-29 00:00:00,,,True
user_00000831,account_00000152,workspace_00000079,2024-07-12 00:00:00,manager,active,2024-07-12 00:00:00,2024-07-13 03:00:00,,False
user_00000832,account_00000152,workspace_00000079,2024-07-15 00:00:00,field_worker,active,2024-07-15 00:00:00,2024-07-15 20:00:00,,True
user_00000833,account_00000152,workspace_00000080,2024-07-17 00:00:00,field_worker,active,2024-07-17 00:00:00,2024-07-18 21:00:00,,False
user_00000834,account_00000152,workspace_00000080,2024-08-07 00:00:00,field_worker,active,2024-08-07 00:00:00,2024-08-09 21:00:00,,True
user_00000835,account_00000152,workspace_00000079,2024-08-15 00:00:00,field_worker,active,2024-08-15 00:00:00,2024-08-16 04:00:00,,False
user_00000836,account_00000152,workspace_00000080,2024-08-13 00:00:00,field_worker,active,2024-08-13 00:00:00,2024-08-16 17:00:00,,True
user_00000837,account_00000152,workspace_00000080,2024-08-11 00:00:00,field_worker,active,2024-08-11 00:00:00,2024-08-13 21:00:00,,True
user_00000838,account_00000152,workspace_00000080,2024-08-13 00:00:00,administrator,active,2024-08-13 00:00:00,2024-08-16 08:00:00,,True
user_00000839,account_00000152,workspace_00000079,2024-07-20 00:00:00,field_worker,active,2024-07-20 00:00:00,2024-07-21 20:00:00,,True
user_00000840,account_00000152,workspace_00000079,2024-08-20 00:00:00,dispatcher,active,2024-08-20 00:00:00,2024-08-23 07:00:00,,True
user_00000841,account_00000152,workspace_00000080,2024-07-20 00:00:00,field_worker,active,2024-07-20 00:00:00,2024-07-22 11:00:00,,False
user_00000842,account_00000152,workspace_00000080,2024-08-01 00:00:00,field_worker,active,2024-08-01 00:00:00,2024-08-03 06:00:00,,False
user_00000843,account_00000152,workspace_00000080,2024-08-16 00:00:00,field_worker,active,2024-08-16 00:00:00,2024-08-17 07:00:00,,True
user_00000844,account_00000152,workspace_00000080,2024-08-15 00:00:00,dispatcher,active,2024-08-15 00:00:00,2024-08-15 02:00:00,,False
user_00000845,account_00000152,workspace_00000079,2024-08-08 00:00:00,dispatcher,active,2024-08-08 00:00:00,2024-08-10 19:00:00,,True
user_00000846,account_00000152,workspace_00000079,2024-07-12 00:00:00,dispatcher,active,2024-07-12 00:00:00,2024-07-13 23:00:00,,True
user_00000847,account_00000152,workspace_00000080,2024-07-29 00:00:00,field_worker,active,2024-07-29 00:00:00,2024-08-01 20:00:00,,True
user_00000848,account_00000152,workspace_00000080,2024-08-12 00:00:00,field_worker,active,2024-08-12 00:00:00,2024-08-15 01:00:00,,True
user_00000849,account_00000152,workspace_00000079,2024-08-17 00:00:00,field_worker,active,2024-08-17 00:00:00,2024-08-17 14:00:00,,True
user_00000850,account_00000155,workspace_00000081,2025-01-19 00:00:00,field_worker,active,2025-01-19 00:00:00,2025-01-20 14:00:00,,False
user_00000851,account_00000155,workspace_00000081,2025-01-07 00:00:00,finance,active,2025-01-07 00:00:00,2025-01-10 02:00:00,,True
user_00000852,account_00000155,workspace_00000081,2025-01-18 00:00:00,field_worker,active,2025-01-18 00:00:00,,,False
user_00000853,account_00000155,workspace_00000081,2025-01-22 00:00:00,dispatcher,active,2025-01-22 00:00:00,2025-01-23 16:00:00,,True
user_00000854,account_00000157,workspace_00000082,2024-05-11 00:00:00,administrator,active,2024-05-11 00:00:00,,,True
user_00000855,account_00000157,workspace_00000082,2024-05-12 00:00:00,field_worker,active,2024-05-12 00:00:00,2024-05-12 12:00:00,,True
user_00000856,account_00000157,workspace_00000082,2024-05-22 00:00:00,field_worker,active,2024-05-22 00:00:00,2024-05-22 07:00:00,,True
user_00000857,account_00000159,workspace_00000083,2026-04-30 00:00:00,manager,active,2026-04-30 00:00:00,2026-04-30 04:00:00,,True
user_00000858,account_00000159,workspace_00000083,2026-06-05 00:00:00,field_worker,active,2026-06-05 00:00:00,2026-06-06 04:00:00,,False
user_00000859,account_00000159,workspace_00000083,2026-05-12 00:00:00,field_worker,active,2026-05-12 00:00:00,2026-05-15 18:00:00,,True
user_00000860,account_00000159,workspace_00000083,2026-05-04 00:00:00,field_worker,active,2026-05-04 00:00:00,2026-05-05 08:00:00,,True
user_00000861,account_00000159,workspace_00000083,2026-05-14 00:00:00,dispatcher,active,2026-05-14 00:00:00,2026-05-17 06:00:00,,True
user_00000862,account_00000159,workspace_00000083,2026-05-19 00:00:00,field_worker,active,2026-05-19 00:00:00,,,True
user_00000863,account_00000159,workspace_00000083,2026-05-02 00:00:00,administrator,active,2026-05-02 00:00:00,,,True
user_00000864,account_00000159,workspace_00000083,2026-05-31 00:00:00,administrator,active,2026-05-31 00:00:00,,,True
user_00000865,account_00000159,workspace_00000083,2026-04-30 00:00:00,manager,active,2026-04-30 00:00:00,,,True
user_00000866,account_00000159,workspace_00000083,2026-05-31 00:00:00,field_worker,active,2026-05-31 00:00:00,2026-06-03 20:00:00,,False
user_00000867,account_00000159,workspace_00000083,2026-05-01 00:00:00,dispatcher,active,2026-05-01 00:00:00,2026-05-02 19:00:00,,True
user_00000868,account_00000159,workspace_00000083,2026-05-09 00:00:00,field_worker,active,2026-05-09 00:00:00,2026-05-10 21:00:00,,True
user_00000869,account_00000159,workspace_00000083,2026-05-27 00:00:00,field_worker,active,2026-05-27 00:00:00,2026-05-30 23:00:00,,True
user_00000870,account_00000161,workspace_00000084,2025-05-10 00:00:00,dispatcher,active,2025-05-10 00:00:00,2025-05-12 02:00:00,,True
user_00000871,account_00000161,workspace_00000084,2025-05-28 00:00:00,field_worker,active,2025-05-28 00:00:00,2025-05-31 22:00:00,,True
user_00000872,account_00000161,workspace_00000084,2025-05-25 00:00:00,manager,active,2025-05-25 00:00:00,2025-05-25 19:00:00,,False
user_00000873,account_00000161,workspace_00000084,2025-05-05 00:00:00,manager,active,2025-05-05 00:00:00,2025-05-08 23:00:00,,True
user_00000874,account_00000161,workspace_00000084,2025-04-24 00:00:00,dispatcher,active,2025-04-24 00:00:00,2025-04-27 17:00:00,,True
user_00000875,account_00000161,workspace_00000084,2025-05-22 00:00:00,finance,active,2025-05-22 00:00:00,,,True
user_00000876,account_00000161,workspace_00000084,2025-05-05 00:00:00,field_worker,active,2025-05-05 00:00:00,2025-05-05 20:00:00,,False
user_00000877,account_00000161,workspace_00000084,2025-05-13 00:00:00,field_worker,active,2025-05-13 00:00:00,2025-05-14 04:00:00,,False
user_00000878,account_00000161,workspace_00000084,2025-05-01 00:00:00,field_worker,active,2025-05-01 00:00:00,2025-05-03 11:00:00,,True
user_00000879,account_00000161,workspace_00000084,2025-05-23 00:00:00,field_worker,active,2025-05-23 00:00:00,2025-05-24 08:00:00,,True
user_00000880,account_00000161,workspace_00000084,2025-04-30 00:00:00,field_worker,active,2025-04-30 00:00:00,2025-04-30 14:00:00,,False
user_00000881,account_00000161,workspace_00000084,2025-05-25 00:00:00,field_worker,active,2025-05-25 00:00:00,2025-05-28 02:00:00,,True
user_00000882,account_00000161,workspace_00000084,2025-05-16 00:00:00,field_worker,active,2025-05-16 00:00:00,,,False
user_00000883,account_00000161,workspace_00000084,2025-05-28 00:00:00,field_worker,active,2025-05-28 00:00:00,2025-05-31 01:00:00,,True
user_00000884,account_00000161,workspace_00000084,2025-05-10 00:00:00,field_worker,active,2025-05-10 00:00:00,2025-05-12 18:00:00,,True
user_00000885,account_00000161,workspace_00000084,2025-05-23 00:00:00,field_worker,active,2025-05-23 00:00:00,2025-05-24 10:00:00,,False
user_00000886,account_00000161,workspace_00000084,2025-05-18 00:00:00,field_worker,active,2025-05-18 00:00:00,2025-05-21 21:00:00,,False
user_00000887,account_00000161,workspace_00000084,2025-04-28 00:00:00,manager,active,2025-04-28 00:00:00,2025-04-29 23:00:00,,True
user_00000888,account_00000161,workspace_00000084,2025-05-24 00:00:00,field_worker,active,2025-05-24 00:00:00,2025-05-24 16:00:00,,False
user_00000889,account_00000161,workspace_00000084,2025-05-13 00:00:00,field_worker,active,2025-05-13 00:00:00,,,True
user_00000890,account_00000161,workspace_00000084,2025-05-12 00:00:00,field_worker,active,2025-05-12 00:00:00,2025-05-15 08:00:00,,True
user_00000891,account_00000161,workspace_00000084,2025-05-03 00:00:00,dispatcher,active,2025-05-03 00:00:00,2025-05-05 14:00:00,,True
user_00000892,account_00000161,workspace_00000084,2025-05-09 00:00:00,field_worker,active,2025-05-09 00:00:00,2025-05-10 08:00:00,,True
user_00000893,account_00000161,workspace_00000084,2025-04-23 00:00:00,external_contractor,active,2025-04-23 00:00:00,,,False
user_00000894,account_00000161,workspace_00000084,2025-04-27 00:00:00,manager,active,2025-04-27 00:00:00,2025-04-30 20:00:00,,True
user_00000895,account_00000161,workspace_00000084,2025-04-22 00:00:00,field_worker,active,2025-04-22 00:00:00,2025-04-23 21:00:00,,False
user_00000896,account_00000161,workspace_00000084,2025-05-18 00:00:00,field_worker,active,2025-05-18 00:00:00,2025-05-21 07:00:00,,True
user_00000897,account_00000161,workspace_00000084,2025-05-07 00:00:00,field_worker,active,2025-05-07 00:00:00,2025-05-07 23:00:00,,True
user_00000898,account_00000161,workspace_00000084,2025-05-27 00:00:00,manager,active,2025-05-27 00:00:00,2025-05-28 03:00:00,,True
user_00000899,account_00000161,workspace_00000084,2025-05-22 00:00:00,manager,active,2025-05-22 00:00:00,2025-05-23 18:00:00,,False
user_00000900,account_00000161,workspace_00000084,2025-05-23 00:00:00,field_worker,active,2025-05-23 00:00:00,2025-05-25 04:00:00,,True
user_00000901,account_00000161,workspace_00000084,2025-05-19 00:00:00,field_worker,active,2025-05-19 00:00:00,,,True
user_00000902,account_00000161,workspace_00000084,2025-04-27 00:00:00,manager,active,2025-04-27 00:00:00,2025-04-29 10:00:00,,True
user_00000903,account_00000161,workspace_00000084,2025-04-29 00:00:00,field_worker,active,2025-04-29 00:00:00,2025-05-02 22:00:00,,True
user_00000904,account_00000161,workspace_00000084,2025-04-30 00:00:00,field_worker,active,2025-04-30 00:00:00,2025-05-02 20:00:00,,True
user_00000905,account_00000166,workspace_00000085,2025-02-16 00:00:00,dispatcher,active,2025-02-16 00:00:00,2025-02-18 21:00:00,,True
user_00000906,account_00000166,workspace_00000085,2025-02-17 00:00:00,administrator,active,2025-02-17 00:00:00,2025-02-20 03:00:00,,True
user_00000907,account_00000166,workspace_00000085,2025-02-27 00:00:00,dispatcher,active,2025-02-27 00:00:00,2025-03-02 12:00:00,,True
user_00000908,account_00000169,workspace_00000086,2026-06-29 00:00:00,field_worker,active,2026-06-29 00:00:00,2026-07-01 16:00:00,,False
user_00000909,account_00000169,workspace_00000086,2026-07-29 00:00:00,field_worker,active,2026-07-29 00:00:00,2026-07-29 13:00:00,,True
user_00000910,account_00000169,workspace_00000086,2026-07-11 00:00:00,administrator,active,2026-07-11 00:00:00,2026-07-13 10:00:00,,True
user_00000911,account_00000169,workspace_00000086,2026-07-01 00:00:00,dispatcher,active,2026-07-01 00:00:00,2026-07-03 13:00:00,,True
user_00000912,account_00000169,workspace_00000086,2026-07-23 00:00:00,dispatcher,active,2026-07-23 00:00:00,,,True
user_00000913,account_00000169,workspace_00000086,2026-07-27 00:00:00,dispatcher,active,2026-07-27 00:00:00,2026-07-30 05:00:00,,False
user_00000914,account_00000169,workspace_00000086,2026-07-19 00:00:00,dispatcher,active,2026-07-19 00:00:00,2026-07-19 13:00:00,,True
user_00000915,account_00000169,workspace_00000086,2026-07-09 00:00:00,field_worker,active,2026-07-09 00:00:00,2026-07-09 15:00:00,,True
user_00000916,account_00000169,workspace_00000086,2026-07-13 00:00:00,field_worker,active,2026-07-13 00:00:00,2026-07-14 15:00:00,,True
user_00000917,account_00000169,workspace_00000086,2026-07-28 00:00:00,dispatcher,active,2026-07-28 00:00:00,2026-07-31 23:00:00,,False
user_00000918,account_00000169,workspace_00000086,2026-07-24 00:00:00,field_worker,active,2026-07-24 00:00:00,2026-07-24 07:00:00,,False
user_00000919,account_00000173,workspace_00000087,2024-05-30 00:00:00,field_worker,active,2024-05-30 00:00:00,2024-05-30 05:00:00,,False
user_00000920,account_00000173,workspace_00000087,2024-06-04 00:00:00,field_worker,active,2024-06-04 00:00:00,2024-06-06 03:00:00,,False
user_00000921,account_00000173,workspace_00000087,2024-04-27 00:00:00,field_worker,active,2024-04-27 00:00:00,,,True
user_00000922,account_00000173,workspace_00000087,2024-05-23 00:00:00,dispatcher,active,2024-05-23 00:00:00,2024-05-23 08:00:00,,False
user_00000923,account_00000173,workspace_00000087,2024-05-22 00:00:00,finance,active,2024-05-22 00:00:00,2024-05-22 11:00:00,,False
user_00000924,account_00000173,workspace_00000087,2024-06-05 00:00:00,dispatcher,active,2024-06-05 00:00:00,2024-06-07 07:00:00,,True
user_00000925,account_00000177,workspace_00000089,2025-09-12 00:00:00,administrator,active,2025-09-12 00:00:00,2025-09-13 07:00:00,,True
user_00000926,account_00000177,workspace_00000088,2025-09-04 00:00:00,field_worker,active,2025-09-04 00:00:00,2025-09-07 01:00:00,,True
user_00000927,account_00000177,workspace_00000089,2025-09-20 00:00:00,field_worker,active,2025-09-20 00:00:00,2025-09-22 16:00:00,,True
user_00000928,account_00000177,workspace_00000089,2025-09-24 00:00:00,field_worker,active,2025-09-24 00:00:00,2025-09-25 03:00:00,,False
user_00000929,account_00000177,workspace_00000088,2025-09-10 00:00:00,dispatcher,active,2025-09-10 00:00:00,2025-09-10 10:00:00,,True
user_00000930,account_00000177,workspace_00000088,2025-09-24 00:00:00,finance,active,2025-09-24 00:00:00,2025-09-25 02:00:00,,True
user_00000931,account_00000177,workspace_00000088,2025-09-03 00:00:00,administrator,active,2025-09-03 00:00:00,2025-09-04 13:00:00,,True
user_00000932,account_00000177,workspace_00000089,2025-09-06 00:00:00,field_worker,active,2025-09-06 00:00:00,2025-09-08 09:00:00,,True
user_00000933,account_00000177,workspace_00000089,2025-09-24 00:00:00,dispatcher,active,2025-09-24 00:00:00,2025-09-25 15:00:00,,True
user_00000934,account_00000177,workspace_00000088,2025-09-04 00:00:00,dispatcher,active,2025-09-04 00:00:00,2025-09-05 11:00:00,,True
user_00000935,account_00000177,workspace_00000088,2025-09-09 00:00:00,administrator,active,2025-09-09 00:00:00,2025-09-12 14:00:00,,True
user_00000936,account_00000177,workspace_00000089,2025-09-26 00:00:00,field_worker,active,2025-09-26 00:00:00,,,True
user_00000937,account_00000177,workspace_00000089,2025-09-26 00:00:00,field_worker,active,2025-09-26 00:00:00,2025-09-26 17:00:00,,True
user_00000938,account_00000177,workspace_00000088,2025-09-27 00:00:00,dispatcher,active,2025-09-27 00:00:00,2025-09-27 05:00:00,,False
user_00000939,account_00000177,workspace_00000089,2025-09-26 00:00:00,dispatcher,active,2025-09-26 00:00:00,2025-09-29 01:00:00,,True
user_00000940,account_00000177,workspace_00000089,2025-09-16 00:00:00,field_worker,active,2025-09-16 00:00:00,2025-09-19 18:00:00,,False
user_00000941,account_00000177,workspace_00000089,2025-08-25 00:00:00,field_worker,active,2025-08-25 00:00:00,2025-08-25 15:00:00,,False
user_00000942,account_00000177,workspace_00000088,2025-09-29 00:00:00,field_worker,active,2025-09-29 00:00:00,2025-09-30 00:00:00,,True
user_00000943,account_00000177,workspace_00000088,2025-08-23 00:00:00,field_worker,active,2025-08-23 00:00:00,2025-08-26 11:00:00,,True
user_00000944,account_00000177,workspace_00000088,2025-09-22 00:00:00,field_worker,active,2025-09-22 00:00:00,2025-09-23 20:00:00,,True
user_00000945,account_00000177,workspace_00000089,2025-09-18 00:00:00,field_worker,active,2025-09-18 00:00:00,2025-09-18 19:00:00,,True
user_00000946,account_00000177,workspace_00000088,2025-09-19 00:00:00,field_worker,active,2025-09-19 00:00:00,2025-09-22 15:00:00,,True
user_00000947,account_00000177,workspace_00000089,2025-08-25 00:00:00,field_worker,active,2025-08-25 00:00:00,2025-08-25 06:00:00,,True
user_00000948,account_00000177,workspace_00000088,2025-09-08 00:00:00,field_worker,active,2025-09-08 00:00:00,2025-09-09 13:00:00,,True
user_00000949,account_00000177,workspace_00000088,2025-09-23 00:00:00,dispatcher,active,2025-09-23 00:00:00,2025-09-25 05:00:00,,True
user_00000950,account_00000177,workspace_00000088,2025-08-25 00:00:00,dispatcher,active,2025-08-25 00:00:00,2025-08-26 09:00:00,,False
user_00000951,account_00000177,workspace_00000088,2025-08-31 00:00:00,field_worker,active,2025-08-31 00:00:00,2025-09-01 04:00:00,,True
user_00000952,account_00000177,workspace_00000088,2025-09-11 00:00:00,dispatcher,active,2025-09-11 00:00:00,,,True
user_00000953,account_00000177,workspace_00000088,2025-09-02 00:00:00,field_worker,active,2025-09-02 00:00:00,2025-09-02 22:00:00,,True
user_00000954,account_00000177,workspace_00000088,2025-08-27 00:00:00,field_worker,active,2025-08-27 00:00:00,,,False
user_00000955,account_00000177,workspace_00000089,2025-08-31 00:00:00,field_worker,active,2025-08-31 00:00:00,2025-08-31 12:00:00,,True
user_00000956,account_00000177,workspace_00000088,2025-09-25 00:00:00,field_worker,active,2025-09-25 00:00:00,2025-09-28 20:00:00,,False
user_00000957,account_00000177,workspace_00000089,2025-09-15 00:00:00,manager,active,2025-09-15 00:00:00,2025-09-18 16:00:00,,True
user_00000958,account_00000177,workspace_00000089,2025-09-25 00:00:00,field_worker,active,2025-09-25 00:00:00,,,True
user_00000959,account_00000177,workspace_00000089,2025-09-21 00:00:00,field_worker,active,2025-09-21 00:00:00,2025-09-23 07:00:00,,True
user_00000960,account_00000183,workspace_00000090,2024-03-25 00:00:00,finance,active,2024-03-25 00:00:00,2024-03-26 05:00:00,,True
user_00000961,account_00000184,workspace_00000091,2025-07-27 00:00:00,administrator,active,2025-07-27 00:00:00,,,True
user_00000962,account_00000184,workspace_00000091,2025-07-21 00:00:00,dispatcher,active,2025-07-21 00:00:00,2025-07-21 21:00:00,,True
user_00000963,account_00000184,workspace_00000091,2025-08-22 00:00:00,field_worker,active,2025-08-22 00:00:00,2025-08-25 13:00:00,,False
user_00000964,account_00000184,workspace_00000091,2025-08-07 00:00:00,field_worker,active,2025-08-07 00:00:00,,,False
user_00000965,account_00000184,workspace_00000092,2025-08-18 00:00:00,field_worker,active,2025-08-18 00:00:00,2025-08-18 07:00:00,,False
user_00000966,account_00000184,workspace_00000092,2025-07-31 00:00:00,finance,active,2025-07-31 00:00:00,2025-08-03 03:00:00,,True
user_00000967,account_00000184,workspace_00000092,2025-08-15 00:00:00,field_worker,active,2025-08-15 00:00:00,,,True
user_00000968,account_00000184,workspace_00000091,2025-08-23 00:00:00,administrator,active,2025-08-23 00:00:00,,,False
user_00000969,account_00000184,workspace_00000091,2025-08-23 00:00:00,manager,active,2025-08-23 00:00:00,2025-08-23 13:00:00,,True
user_00000970,account_00000184,workspace_00000092,2025-08-25 00:00:00,dispatcher,active,2025-08-25 00:00:00,2025-08-27 00:00:00,,True
user_00000971,account_00000184,workspace_00000091,2025-08-15 00:00:00,field_worker,active,2025-08-15 00:00:00,,,False
user_00000972,account_00000184,workspace_00000092,2025-08-01 00:00:00,field_worker,active,2025-08-01 00:00:00,2025-08-01 14:00:00,,True
user_00000973,account_00000184,workspace_00000091,2025-07-23 00:00:00,field_worker,active,2025-07-23 00:00:00,2025-07-26 23:00:00,,True
user_00000974,account_00000184,workspace_00000092,2025-08-15 00:00:00,administrator,active,2025-08-15 00:00:00,2025-08-16 15:00:00,,True
user_00000975,account_00000184,workspace_00000092,2025-07-25 00:00:00,manager,active,2025-07-25 00:00:00,2025-07-27 06:00:00,,True
user_00000976,account_00000184,workspace_00000091,2025-08-13 00:00:00,dispatcher,active,2025-08-13 00:00:00,2025-08-13 02:00:00,,True
user_00000977,account_00000184,workspace_00000092,2025-07-20 00:00:00,manager,active,2025-07-20 00:00:00,,,True
user_00000978,account_00000184,workspace_00000092,2025-08-08 00:00:00,dispatcher,active,2025-08-08 00:00:00,2025-08-10 02:00:00,,True
user_00000979,account_00000184,workspace_00000092,2025-08-21 00:00:00,field_worker,active,2025-08-21 00:00:00,2025-08-24 02:00:00,,True
user_00000980,account_00000184,workspace_00000091,2025-08-27 00:00:00,field_worker,active,2025-08-27 00:00:00,,,True
user_00000981,account_00000184,workspace_00000091,2025-08-07 00:00:00,field_worker,active,2025-08-07 00:00:00,2025-08-10 13:00:00,,True
user_00000982,account_00000184,workspace_00000092,2025-08-04 00:00:00,finance,active,2025-08-04 00:00:00,2025-08-04 03:00:00,,True
user_00000983,account_00000184,workspace_00000092,2025-08-26 00:00:00,finance,active,2025-08-26 00:00:00,2025-08-29 06:00:00,,False
user_00000984,account_00000184,workspace_00000091,2025-08-09 00:00:00,field_worker,active,2025-08-09 00:00:00,2025-08-10 14:00:00,,True
user_00000985,account_00000184,workspace_00000092,2025-08-21 00:00:00,dispatcher,active,2025-08-21 00:00:00,,,False
user_00000986,account_00000184,workspace_00000091,2025-08-26 00:00:00,field_worker,active,2025-08-26 00:00:00,,,False
user_00000987,account_00000184,workspace_00000092,2025-08-20 00:00:00,dispatcher,active,2025-08-20 00:00:00,2025-08-21 17:00:00,,True
user_00000988,account_00000184,workspace_00000091,2025-08-23 00:00:00,field_worker,active,2025-08-23 00:00:00,2025-08-26 22:00:00,,True
user_00000989,account_00000184,workspace_00000091,2025-08-05 00:00:00,field_worker,active,2025-08-05 00:00:00,,,True
user_00000990,account_00000184,workspace_00000092,2025-08-13 00:00:00,finance,active,2025-08-13 00:00:00,,,True
user_00000991,account_00000184,workspace_00000092,2025-08-03 00:00:00,field_worker,active,2025-08-03 00:00:00,2025-08-03 07:00:00,,True
user_00000992,account_00000184,workspace_00000092,2025-08-01 00:00:00,field_worker,active,2025-08-01 00:00:00,,,True
user_00000993,account_00000184,workspace_00000092,2025-08-04 00:00:00,field_worker,active,2025-08-04 00:00:00,,,True
user_00000994,account_00000184,workspace_00000092,2025-07-31 00:00:00,field_worker,active,2025-07-31 00:00:00,2025-08-03 15:00:00,,False
user_00000995,account_00000184,workspace_00000091,2025-08-15 00:00:00,dispatcher,active,2025-08-15 00:00:00,,,True
user_00000996,account_00000192,workspace_00000093,2025-02-20 00:00:00,field_worker,active,2025-02-20 00:00:00,2025-02-21 06:00:00,,True
user_00000997,account_00000192,workspace_00000093,2025-02-19 00:00:00,field_worker,active,2025-02-19 00:00:00,2025-02-20 21:00:00,,True
user_00000998,account_00000192,workspace_00000093,2025-02-08 00:00:00,field_worker,active,2025-02-08 00:00:00,,,False
user_00000999,account_00000192,workspace_00000093,2025-02-17 00:00:00,dispatcher,active,2025-02-17 00:00:00,2025-02-18 20:00:00,,False
user_00001000,account_00000192,workspace_00000093,2025-02-25 00:00:00,field_worker,active,2025-02-25 00:00:00,2025-02-25 02:00:00,,True
user_00001001,account_00000192,workspace_00000093,2025-03-04 00:00:00,field_worker,active,2025-03-04 00:00:00,2025-03-06 22:00:00,,True
user_00001002,account_00000192,workspace_00000093,2025-02-23 00:00:00,dispatcher,active,2025-02-23 00:00:00,2025-02-24 20:00:00,,False
user_00001003,account_00000192,workspace_00000093,2025-02-19 00:00:00,field_worker,active,2025-02-19 00:00:00,,,True
user_00001004,account_00000192,workspace_00000093,2025-02-11 00:00:00,field_worker,active,2025-02-11 00:00:00,2025-02-13 03:00:00,,True
user_00001005,account_00000192,workspace_00000093,2025-02-24 00:00:00,administrator,active,2025-02-24 00:00:00,2025-02-26 17:00:00,,False
user_00001006,account_00000192,workspace_00000093,2025-02-09 00:00:00,field_worker,active,2025-02-09 00:00:00,,,True
user_00001007,account_00000192,workspace_00000093,2025-02-28 00:00:00,dispatcher,active,2025-02-28 00:00:00,2025-03-02 05:00:00,,True
user_00001008,account_00000192,workspace_00000093,2025-02-12 00:00:00,field_worker,active,2025-02-12 00:00:00,2025-02-13 16:00:00,,False
user_00001009,account_00000192,workspace_00000093,2025-03-07 00:00:00,field_worker,active,2025-03-07 00:00:00,2025-03-10 17:00:00,,False
user_00001010,account_00000192,workspace_00000093,2025-03-06 00:00:00,finance,active,2025-03-06 00:00:00,2025-03-07 02:00:00,,True
user_00001011,account_00000197,workspace_00000094,2026-06-19 00:00:00,field_worker,active,2026-06-19 00:00:00,2026-06-21 18:00:00,,True
user_00001012,account_00000197,workspace_00000094,2026-06-28 00:00:00,dispatcher,active,2026-06-28 00:00:00,,,False
user_00001013,account_00000204,workspace_00000095,2025-11-04 00:00:00,finance,active,2025-11-04 00:00:00,,,True
user_00001014,account_00000204,workspace_00000101,2025-11-01 00:00:00,manager,active,2025-11-01 00:00:00,2025-11-01 02:00:00,,True
user_00001015,account_00000204,workspace_00000096,2025-11-16 00:00:00,dispatcher,active,2025-11-16 00:00:00,2025-11-19 20:00:00,,True
user_00001016,account_00000204,workspace_00000098,2025-10-30 00:00:00,administrator,active,2025-10-30 00:00:00,2025-10-30 20:00:00,,False
user_00001017,account_00000204,workspace_00000095,2025-11-14 00:00:00,field_worker,active,2025-11-14 00:00:00,2025-11-14 11:00:00,,True
user_00001018,account_00000204,workspace_00000095,2025-11-18 00:00:00,dispatcher,active,2025-11-18 00:00:00,2025-11-19 17:00:00,,True
user_00001019,account_00000204,workspace_00000096,2025-10-30 00:00:00,dispatcher,active,2025-10-30 00:00:00,2025-10-30 07:00:00,,False
user_00001020,account_00000204,workspace_00000097,2025-11-04 00:00:00,finance,active,2025-11-04 00:00:00,2025-11-07 09:00:00,,False
user_00001021,account_00000204,workspace_00000100,2025-10-21 00:00:00,field_worker,active,2025-10-21 00:00:00,2025-10-21 06:00:00,,True
user_00001022,account_00000204,workspace_00000099,2025-11-07 00:00:00,manager,active,2025-11-07 00:00:00,2025-11-09 02:00:00,,True
user_00001023,account_00000204,workspace_00000099,2025-11-15 00:00:00,field_worker,active,2025-11-15 00:00:00,2025-11-17 19:00:00,,False
user_00001024,account_00000204,workspace_00000100,2025-11-04 00:00:00,dispatcher,active,2025-11-04 00:00:00,2025-11-05 06:00:00,,True
user_00001025,account_00000204,workspace_00000100,2025-11-04 00:00:00,field_worker,active,2025-11-04 00:00:00,,,True
user_00001026,account_00000204,workspace_00000095,2025-10-23 00:00:00,field_worker,active,2025-10-23 00:00:00,2025-10-24 11:00:00,,True
user_00001027,account_00000204,workspace_00000097,2025-11-19 00:00:00,field_worker,active,2025-11-19 00:00:00,2025-11-19 23:00:00,,True
user_00001028,account_00000204,workspace_00000097,2025-10-24 00:00:00,field_worker,active,2025-10-24 00:00:00,2025-10-26 05:00:00,,True
user_00001029,account_00000204,workspace_00000099,2025-11-15 00:00:00,field_worker,active,2025-11-15 00:00:00,2025-11-15 12:00:00,,True
user_00001030,account_00000204,workspace_00000096,2025-10-25 00:00:00,field_worker,active,2025-10-25 00:00:00,2025-10-25 12:00:00,,True
user_00001031,account_00000204,workspace_00000100,2025-10-25 00:00:00,field_worker,active,2025-10-25 00:00:00,2025-10-28 01:00:00,,True
user_00001032,account_00000204,workspace_00000096,2025-11-17 00:00:00,field_worker,active,2025-11-17 00:00:00,2025-11-17 01:00:00,,True
user_00001033,account_00000204,workspace_00000101,2025-11-16 00:00:00,dispatcher,active,2025-11-16 00:00:00,2025-11-18 19:00:00,,True
user_00001034,account_00000204,workspace_00000099,2025-11-24 00:00:00,field_worker,active,2025-11-24 00:00:00,2025-11-26 12:00:00,,True
user_00001035,account_00000204,workspace_00000099,2025-10-16 00:00:00,field_worker,active,2025-10-16 00:00:00,2025-10-19 02:00:00,,True
user_00001036,account_00000204,workspace_00000100,2025-11-03 00:00:00,dispatcher,active,2025-11-03 00:00:00,2025-11-06 13:00:00,,True
user_00001037,account_00000204,workspace_00000097,2025-11-20 00:00:00,field_worker,active,2025-11-20 00:00:00,2025-11-23 17:00:00,,True
user_00001038,account_00000204,workspace_00000095,2025-11-13 00:00:00,administrator,active,2025-11-13 00:00:00,2025-11-16 17:00:00,,True
user_00001039,account_00000204,workspace_00000100,2025-10-26 00:00:00,field_worker,active,2025-10-26 00:00:00,2025-10-27 03:00:00,,True
user_00001040,account_00000204,workspace_00000098,2025-10-31 00:00:00,field_worker,active,2025-10-31 00:00:00,2025-11-02 17:00:00,,True
user_00001041,account_00000204,workspace_00000099,2025-11-19 00:00:00,field_worker,active,2025-11-19 00:00:00,2025-11-21 17:00:00,,True
user_00001042,account_00000204,workspace_00000096,2025-10-28 00:00:00,finance,active,2025-10-28 00:00:00,2025-10-30 08:00:00,,True
user_00001043,account_00000204,workspace_00000099,2025-10-16 00:00:00,administrator,active,2025-10-16 00:00:00,2025-10-18 18:00:00,,True
user_00001044,account_00000204,workspace_00000095,2025-10-30 00:00:00,dispatcher,active,2025-10-30 00:00:00,2025-10-31 17:00:00,,True
user_00001045,account_00000204,workspace_00000101,2025-11-03 00:00:00,manager,active,2025-11-03 00:00:00,2025-11-04 21:00:00,,False
user_00001046,account_00000204,workspace_00000100,2025-10-16 00:00:00,field_worker,active,2025-10-16 00:00:00,2025-10-16 12:00:00,,True
user_00001047,account_00000204,workspace_00000097,2025-10-31 00:00:00,field_worker,active,2025-10-31 00:00:00,2025-11-02 06:00:00,,True
user_00001048,account_00000205,workspace_00000102,2026-05-09 00:00:00,dispatcher,active,2026-05-09 00:00:00,2026-05-10 19:00:00,,True
user_00001049,account_00000206,workspace_00000104,2026-02-04 00:00:00,manager,active,2026-02-04 00:00:00,2026-02-06 07:00:00,,True
user_00001050,account_00000206,workspace_00000104,2026-02-21 00:00:00,field_worker,active,2026-02-21 00:00:00,2026-02-22 23:00:00,,True
user_00001051,account_00000206,workspace_00000104,2026-03-10 00:00:00,field_worker,active,2026-03-10 00:00:00,2026-03-12 20:00:00,,True
user_00001052,account_00000206,workspace_00000103,2026-02-09 00:00:00,field_worker,active,2026-02-09 00:00:00,2026-02-10 11:00:00,,True
user_00001053,account_00000206,workspace_00000104,2026-02-28 00:00:00,dispatcher,active,2026-02-28 00:00:00,2026-03-02 01:00:00,,False
user_00001054,account_00000206,workspace_00000104,2026-02-12 00:00:00,field_worker,active,2026-02-12 00:00:00,2026-02-12 19:00:00,,True
user_00001055,account_00000206,workspace_00000104,2026-02-12 00:00:00,field_worker,active,2026-02-12 00:00:00,2026-02-12 10:00:00,,False
user_00001056,account_00000206,workspace_00000103,2026-02-19 00:00:00,manager,active,2026-02-19 00:00:00,2026-02-19 19:00:00,,True
user_00001057,account_00000206,workspace_00000103,2026-02-26 00:00:00,field_worker,active,2026-02-26 00:00:00,2026-02-28 09:00:00,,False
user_00001058,account_00000206,workspace_00000103,2026-03-11 00:00:00,manager,active,2026-03-11 00:00:00,2026-03-14 21:00:00,,True
user_00001059,account_00000206,workspace_00000103,2026-02-25 00:00:00,field_worker,active,2026-02-25 00:00:00,,,False
user_00001060,account_00000206,workspace_00000104,2026-03-13 00:00:00,administrator,active,2026-03-13 00:00:00,2026-03-15 01:00:00,,True
user_00001061,account_00000206,workspace_00000104,2026-02-06 00:00:00,dispatcher,active,2026-02-06 00:00:00,2026-02-09 19:00:00,,True
user_00001062,account_00000206,workspace_00000104,2026-03-06 00:00:00,field_worker,active,2026-03-06 00:00:00,2026-03-07 11:00:00,,False
user_00001063,account_00000206,workspace_00000104,2026-02-14 00:00:00,dispatcher,active,2026-02-14 00:00:00,2026-02-16 18:00:00,,True
user_00001064,account_00000206,workspace_00000104,2026-03-09 00:00:00,field_worker,active,2026-03-09 00:00:00,2026-03-10 23:00:00,,False
user_00001065,account_00000206,workspace_00000103,2026-03-15 00:00:00,finance,active,2026-03-15 00:00:00,2026-03-17 11:00:00,,True
user_00001066,account_00000206,workspace_00000104,2026-03-10 00:00:00,field_worker,active,2026-03-10 00:00:00,2026-03-12 01:00:00,,False
user_00001067,account_00000206,workspace_00000104,2026-02-07 00:00:00,field_worker,active,2026-02-07 00:00:00,2026-02-09 02:00:00,,True
user_00001068,account_00000206,workspace_00000104,2026-02-21 00:00:00,manager,active,2026-02-21 00:00:00,2026-02-22 15:00:00,,True
user_00001069,account_00000206,workspace_00000103,2026-03-15 00:00:00,field_worker,active,2026-03-15 00:00:00,2026-03-17 01:00:00,,False
user_00001070,account_00000206,workspace_00000103,2026-02-15 00:00:00,field_worker,active,2026-02-15 00:00:00,2026-02-17 22:00:00,,True
user_00001071,account_00000206,workspace_00000104,2026-02-18 00:00:00,field_worker,active,2026-02-18 00:00:00,2026-02-18 13:00:00,,True
user_00001072,account_00000206,workspace_00000104,2026-03-06 00:00:00,field_worker,active,2026-03-06 00:00:00,2026-03-08 23:00:00,,True
user_00001073,account_00000207,workspace_00000105,2025-06-10 00:00:00,field_worker,active,2025-06-10 00:00:00,2025-06-12 06:00:00,,True
user_00001074,account_00000207,workspace_00000105,2025-06-29 00:00:00,finance,active,2025-06-29 00:00:00,2025-07-02 06:00:00,,True
user_00001075,account_00000207,workspace_00000106,2025-06-20 00:00:00,field_worker,active,2025-06-20 00:00:00,2025-06-22 11:00:00,,True
user_00001076,account_00000207,workspace_00000105,2025-05-25 00:00:00,field_worker,active,2025-05-25 00:00:00,2025-05-26 22:00:00,,True
user_00001077,account_00000207,workspace_00000105,2025-05-30 00:00:00,manager,active,2025-05-30 00:00:00,2025-06-01 22:00:00,,True
user_00001078,account_00000207,workspace_00000106,2025-06-15 00:00:00,field_worker,active,2025-06-15 00:00:00,2025-06-17 14:00:00,,True
user_00001079,account_00000207,workspace_00000106,2025-06-07 00:00:00,finance,active,2025-06-07 00:00:00,2025-06-07 04:00:00,,True
user_00001080,account_00000207,workspace_00000105,2025-06-13 00:00:00,manager,active,2025-06-13 00:00:00,2025-06-16 17:00:00,,True
user_00001081,account_00000207,workspace_00000105,2025-05-30 00:00:00,field_worker,active,2025-05-30 00:00:00,2025-05-31 21:00:00,,False
user_00001082,account_00000207,workspace_00000105,2025-06-27 00:00:00,dispatcher,active,2025-06-27 00:00:00,,,True
user_00001083,account_00000207,workspace_00000105,2025-06-04 00:00:00,field_worker,active,2025-06-04 00:00:00,2025-06-06 08:00:00,,False
user_00001084,account_00000207,workspace_00000105,2025-06-18 00:00:00,field_worker,active,2025-06-18 00:00:00,2025-06-18 21:00:00,,True
user_00001085,account_00000207,workspace_00000106,2025-05-27 00:00:00,external_contractor,active,2025-05-27 00:00:00,2025-05-27 20:00:00,,True
user_00001086,account_00000207,workspace_00000106,2025-06-09 00:00:00,field_worker,active,2025-06-09 00:00:00,2025-06-09 10:00:00,,False
user_00001087,account_00000207,workspace_00000106,2025-06-13 00:00:00,field_worker,active,2025-06-13 00:00:00,2025-06-15 19:00:00,,False
user_00001088,account_00000207,workspace_00000106,2025-06-25 00:00:00,field_worker,active,2025-06-25 00:00:00,2025-06-28 05:00:00,,True
user_00001089,account_00000207,workspace_00000105,2025-06-03 00:00:00,field_worker,active,2025-06-03 00:00:00,2025-06-03 17:00:00,,True
user_00001090,account_00000207,workspace_00000105,2025-05-24 00:00:00,field_worker,active,2025-05-24 00:00:00,2025-05-26 15:00:00,,False
user_00001091,account_00000207,workspace_00000106,2025-06-23 00:00:00,field_worker,active,2025-06-23 00:00:00,,,True
user_00001092,account_00000207,workspace_00000105,2025-06-10 00:00:00,administrator,active,2025-06-10 00:00:00,2025-06-13 14:00:00,,True
user_00001093,account_00000207,workspace_00000105,2025-06-05 00:00:00,field_worker,active,2025-06-05 00:00:00,2025-06-06 19:00:00,,False
user_00001094,account_00000207,workspace_00000105,2025-06-12 00:00:00,field_worker,active,2025-06-12 00:00:00,2025-06-15 00:00:00,,False
user_00001095,account_00000207,workspace_00000105,2025-06-23 00:00:00,field_worker,active,2025-06-23 00:00:00,2025-06-24 13:00:00,,False
user_00001096,account_00000207,workspace_00000105,2025-06-18 00:00:00,manager,active,2025-06-18 00:00:00,2025-06-21 07:00:00,,True
user_00001097,account_00000207,workspace_00000106,2025-06-11 00:00:00,field_worker,active,2025-06-11 00:00:00,2025-06-13 03:00:00,,False
user_00001098,account_00000207,workspace_00000105,2025-06-08 00:00:00,dispatcher,active,2025-06-08 00:00:00,2025-06-10 05:00:00,,False
user_00001099,account_00000207,workspace_00000105,2025-06-07 00:00:00,field_worker,active,2025-06-07 00:00:00,2025-06-09 15:00:00,,False
user_00001100,account_00000207,workspace_00000106,2025-06-05 00:00:00,field_worker,active,2025-06-05 00:00:00,2025-06-05 04:00:00,,True
user_00001101,account_00000207,workspace_00000106,2025-06-14 00:00:00,administrator,active,2025-06-14 00:00:00,2025-06-14 15:00:00,,True
user_00001102,account_00000207,workspace_00000106,2025-06-08 00:00:00,field_worker,active,2025-06-08 00:00:00,2025-06-08 19:00:00,,True
user_00001103,account_00000207,workspace_00000106,2025-06-14 00:00:00,field_worker,active,2025-06-14 00:00:00,2025-06-17 01:00:00,,False
user_00001104,account_00000207,workspace_00000105,2025-05-29 00:00:00,dispatcher,active,2025-05-29 00:00:00,,,False
user_00001105,account_00000207,workspace_00000105,2025-06-28 00:00:00,field_worker,active,2025-06-28 00:00:00,2025-06-28 20:00:00,,True
user_00001106,account_00000207,workspace_00000106,2025-06-21 00:00:00,field_worker,active,2025-06-21 00:00:00,,,False
user_00001107,account_00000207,workspace_00000105,2025-05-27 00:00:00,field_worker,active,2025-05-27 00:00:00,2025-05-29 19:00:00,,False
user_00001108,account_00000208,workspace_00000107,2025-05-05 00:00:00,dispatcher,active,2025-05-05 00:00:00,2025-05-05 22:00:00,,True
user_00001109,account_00000208,workspace_00000107,2025-05-12 00:00:00,field_worker,active,2025-05-12 00:00:00,2025-05-14 19:00:00,,True
user_00001110,account_00000208,workspace_00000107,2025-04-17 00:00:00,field_worker,active,2025-04-17 00:00:00,2025-04-19 14:00:00,,False
user_00001111,account_00000208,workspace_00000107,2025-04-09 00:00:00,field_worker,active,2025-04-09 00:00:00,2025-04-12 01:00:00,,True
user_00001112,account_00000208,workspace_00000107,2025-04-24 00:00:00,field_worker,active,2025-04-24 00:00:00,,,True
user_00001113,account_00000208,workspace_00000107,2025-05-02 00:00:00,field_worker,active,2025-05-02 00:00:00,2025-05-04 23:00:00,,True
user_00001114,account_00000213,workspace_00000108,2026-06-29 00:00:00,dispatcher,active,2026-06-29 00:00:00,2026-07-01 21:00:00,,False
user_00001115,account_00000213,workspace_00000109,2026-07-02 00:00:00,field_worker,active,2026-07-02 00:00:00,2026-07-02 15:00:00,,False
user_00001116,account_00000213,workspace_00000109,2026-08-05 00:00:00,field_worker,active,2026-08-05 00:00:00,2026-08-07 15:00:00,,True
user_00001117,account_00000213,workspace_00000108,2026-07-09 00:00:00,dispatcher,active,2026-07-09 00:00:00,,,False
user_00001118,account_00000213,workspace_00000108,2026-08-02 00:00:00,field_worker,active,2026-08-02 00:00:00,2026-08-04 14:00:00,,True
user_00001119,account_00000213,workspace_00000109,2026-07-07 00:00:00,administrator,active,2026-07-07 00:00:00,2026-07-09 04:00:00,,True
user_00001120,account_00000213,workspace_00000109,2026-08-01 00:00:00,finance,active,2026-08-01 00:00:00,2026-08-03 01:00:00,,True
user_00001121,account_00000213,workspace_00000108,2026-08-03 00:00:00,field_worker,active,2026-08-03 00:00:00,2026-08-03 14:00:00,,True
user_00001122,account_00000213,workspace_00000109,2026-07-09 00:00:00,field_worker,active,2026-07-09 00:00:00,2026-07-09 22:00:00,,True
user_00001123,account_00000213,workspace_00000108,2026-07-03 00:00:00,field_worker,active,2026-07-03 00:00:00,2026-07-03 16:00:00,,False
user_00001124,account_00000213,workspace_00000109,2026-07-23 00:00:00,field_worker,active,2026-07-23 00:00:00,2026-07-25 03:00:00,,True
user_00001125,account_00000213,workspace_00000109,2026-07-30 00:00:00,field_worker,active,2026-07-30 00:00:00,2026-07-31 04:00:00,,False
user_00001126,account_00000213,workspace_00000108,2026-07-26 00:00:00,finance,active,2026-07-26 00:00:00,2026-07-26 10:00:00,,False
user_00001127,account_00000213,workspace_00000109,2026-07-19 00:00:00,field_worker,active,2026-07-19 00:00:00,,,True
user_00001128,account_00000213,workspace_00000109,2026-08-04 00:00:00,field_worker,active,2026-08-04 00:00:00,2026-08-06 16:00:00,,True
user_00001129,account_00000213,workspace_00000109,2026-07-16 00:00:00,field_worker,active,2026-07-16 00:00:00,2026-07-17 09:00:00,,True
user_00001130,account_00000213,workspace_00000108,2026-07-20 00:00:00,dispatcher,active,2026-07-20 00:00:00,2026-07-21 21:00:00,,True
user_00001131,account_00000213,workspace_00000108,2026-07-30 00:00:00,field_worker,active,2026-07-30 00:00:00,2026-07-30 22:00:00,,True
user_00001132,account_00000213,workspace_00000108,2026-07-08 00:00:00,field_worker,active,2026-07-08 00:00:00,2026-07-11 09:00:00,,True
user_00001133,account_00000213,workspace_00000109,2026-07-30 00:00:00,field_worker,active,2026-07-30 00:00:00,2026-07-31 19:00:00,,False
user_00001134,account_00000213,workspace_00000109,2026-07-11 00:00:00,field_worker,active,2026-07-11 00:00:00,2026-07-11 05:00:00,,True
user_00001135,account_00000213,workspace_00000108,2026-07-14 00:00:00,field_worker,active,2026-07-14 00:00:00,2026-07-16 18:00:00,,True
user_00001136,account_00000213,workspace_00000109,2026-07-16 00:00:00,field_worker,active,2026-07-16 00:00:00,2026-07-17 13:00:00,,False
user_00001137,account_00000213,workspace_00000109,2026-07-07 00:00:00,finance,active,2026-07-07 00:00:00,2026-07-07 01:00:00,,False
user_00001138,account_00000213,workspace_00000108,2026-08-05 00:00:00,field_worker,active,2026-08-05 00:00:00,2026-08-08 23:00:00,,True
user_00001139,account_00000213,workspace_00000108,2026-08-05 00:00:00,field_worker,active,2026-08-05 00:00:00,2026-08-05 16:00:00,,True
user_00001140,account_00000213,workspace_00000108,2026-07-20 00:00:00,field_worker,active,2026-07-20 00:00:00,2026-07-22 12:00:00,,True
user_00001141,account_00000213,workspace_00000108,2026-08-01 00:00:00,finance,active,2026-08-01 00:00:00,2026-08-01 11:00:00,,True
user_00001142,account_00000213,workspace_00000109,2026-07-10 00:00:00,dispatcher,active,2026-07-10 00:00:00,2026-07-11 07:00:00,,False
user_00001143,account_00000213,workspace_00000108,2026-07-05 00:00:00,administrator,active,2026-07-05 00:00:00,2026-07-05 01:00:00,,True
user_00001144,account_00000213,workspace_00000109,2026-07-14 00:00:00,administrator,active,2026-07-14 00:00:00,2026-07-17 12:00:00,,True
user_00001145,account_00000213,workspace_00000108,2026-07-17 00:00:00,field_worker,active,2026-07-17 00:00:00,2026-07-20 22:00:00,,True
user_00001146,account_00000213,workspace_00000109,2026-08-02 00:00:00,field_worker,active,2026-08-02 00:00:00,2026-08-02 08:00:00,,False
user_00001147,account_00000213,workspace_00000109,2026-07-08 00:00:00,dispatcher,active,2026-07-08 00:00:00,2026-07-10 23:00:00,,True
user_00001148,account_00000213,workspace_00000108,2026-07-10 00:00:00,finance,active,2026-07-10 00:00:00,2026-07-13 02:00:00,,True
user_00001149,account_00000221,workspace_00000110,2025-11-21 00:00:00,external_contractor,active,2025-11-21 00:00:00,2025-11-21 15:00:00,,True
user_00001150,account_00000221,workspace_00000110,2025-11-09 00:00:00,finance,active,2025-11-09 00:00:00,2025-11-10 16:00:00,,False
user_00001151,account_00000221,workspace_00000110,2025-11-12 00:00:00,dispatcher,active,2025-11-12 00:00:00,2025-11-14 19:00:00,,False
user_00001152,account_00000221,workspace_00000110,2025-11-05 00:00:00,dispatcher,active,2025-11-05 00:00:00,2025-11-07 04:00:00,,True
user_00001153,account_00000221,workspace_00000110,2025-11-27 00:00:00,field_worker,active,2025-11-27 00:00:00,2025-11-28 00:00:00,,True
user_00001154,account_00000221,workspace_00000110,2025-11-11 00:00:00,field_worker,active,2025-11-11 00:00:00,2025-11-14 13:00:00,,True
user_00001155,account_00000221,workspace_00000110,2025-11-11 00:00:00,field_worker,active,2025-11-11 00:00:00,2025-11-13 19:00:00,,True
user_00001156,account_00000221,workspace_00000110,2025-11-15 00:00:00,field_worker,active,2025-11-15 00:00:00,2025-11-16 14:00:00,,True
user_00001157,account_00000221,workspace_00000110,2025-11-12 00:00:00,field_worker,active,2025-11-12 00:00:00,2025-11-15 05:00:00,,False
user_00001158,account_00000221,workspace_00000110,2025-11-09 00:00:00,field_worker,active,2025-11-09 00:00:00,2025-11-11 18:00:00,,True
user_00001159,account_00000221,workspace_00000110,2025-11-03 00:00:00,dispatcher,active,2025-11-03 00:00:00,2025-11-06 05:00:00,,True
user_00001160,account_00000221,workspace_00000110,2025-10-22 00:00:00,dispatcher,active,2025-10-22 00:00:00,2025-10-22 13:00:00,,False
user_00001161,account_00000221,workspace_00000110,2025-11-02 00:00:00,field_worker,active,2025-11-02 00:00:00,2025-11-03 18:00:00,,True
user_00001162,account_00000221,workspace_00000110,2025-11-13 00:00:00,dispatcher,active,2025-11-13 00:00:00,2025-11-13 01:00:00,,True
user_00001163,account_00000221,workspace_00000110,2025-11-16 00:00:00,manager,active,2025-11-16 00:00:00,2025-11-19 12:00:00,,True
user_00001164,account_00000221,workspace_00000110,2025-11-19 00:00:00,dispatcher,active,2025-11-19 00:00:00,2025-11-22 02:00:00,,True
user_00001165,account_00000222,workspace_00000111,2025-03-29 00:00:00,dispatcher,active,2025-03-29 00:00:00,2025-04-01 03:00:00,,True
user_00001166,account_00000222,workspace_00000111,2025-03-24 00:00:00,dispatcher,active,2025-03-24 00:00:00,2025-03-27 00:00:00,,True
user_00001167,account_00000222,workspace_00000111,2025-03-05 00:00:00,manager,active,2025-03-05 00:00:00,2025-03-08 18:00:00,,True
user_00001168,account_00000222,workspace_00000111,2025-03-19 00:00:00,dispatcher,active,2025-03-19 00:00:00,2025-03-19 09:00:00,,False
user_00001169,account_00000222,workspace_00000111,2025-02-28 00:00:00,dispatcher,active,2025-02-28 00:00:00,2025-03-01 01:00:00,,True
user_00001170,account_00000222,workspace_00000111,2025-03-24 00:00:00,dispatcher,active,2025-03-24 00:00:00,2025-03-27 17:00:00,,False
user_00001171,account_00000222,workspace_00000111,2025-02-24 00:00:00,manager,active,2025-02-24 00:00:00,2025-02-27 00:00:00,,False
user_00001172,account_00000222,workspace_00000111,2025-03-03 00:00:00,field_worker,active,2025-03-03 00:00:00,2025-03-03 22:00:00,,False
user_00001173,account_00000222,workspace_00000111,2025-03-08 00:00:00,field_worker,active,2025-03-08 00:00:00,2025-03-11 03:00:00,,True
user_00001174,account_00000222,workspace_00000111,2025-02-27 00:00:00,field_worker,active,2025-02-27 00:00:00,2025-02-28 09:00:00,,True
user_00001175,account_00000222,workspace_00000111,2025-02-21 00:00:00,field_worker,active,2025-02-21 00:00:00,2025-02-22 18:00:00,,True
user_00001176,account_00000222,workspace_00000111,2025-03-30 00:00:00,field_worker,active,2025-03-30 00:00:00,2025-04-02 20:00:00,,False
user_00001177,account_00000222,workspace_00000111,2025-02-28 00:00:00,dispatcher,active,2025-02-28 00:00:00,2025-03-03 17:00:00,,True
user_00001178,account_00000222,workspace_00000111,2025-03-30 00:00:00,field_worker,active,2025-03-30 00:00:00,2025-03-30 13:00:00,,True
user_00001179,account_00000222,workspace_00000111,2025-03-17 00:00:00,administrator,active,2025-03-17 00:00:00,2025-03-19 15:00:00,,True
user_00001180,account_00000222,workspace_00000111,2025-03-13 00:00:00,external_contractor,active,2025-03-13 00:00:00,2025-03-13 22:00:00,,False
user_00001181,account_00000222,workspace_00000111,2025-03-26 00:00:00,field_worker,active,2025-03-26 00:00:00,2025-03-27 19:00:00,,True
user_00001182,account_00000222,workspace_00000111,2025-03-28 00:00:00,field_worker,active,2025-03-28 00:00:00,2025-03-29 05:00:00,,False
user_00001183,account_00000222,workspace_00000111,2025-03-11 00:00:00,field_worker,active,2025-03-11 00:00:00,,,True
user_00001184,account_00000222,workspace_00000111,2025-02-27 00:00:00,external_contractor,active,2025-02-27 00:00:00,2025-02-27 11:00:00,,False
user_00001185,account_00000222,workspace_00000111,2025-02-21 00:00:00,dispatcher,active,2025-02-21 00:00:00,2025-02-24 21:00:00,,True
user_00001186,account_00000222,workspace_00000111,2025-03-17 00:00:00,field_worker,active,2025-03-17 00:00:00,2025-03-18 11:00:00,,True
user_00001187,account_00000222,workspace_00000111,2025-02-20 00:00:00,field_worker,active,2025-02-20 00:00:00,2025-02-20 04:00:00,,True
user_00001188,account_00000222,workspace_00000111,2025-03-09 00:00:00,manager,active,2025-03-09 00:00:00,2025-03-12 13:00:00,,True
user_00001189,account_00000222,workspace_00000111,2025-03-25 00:00:00,field_worker,active,2025-03-25 00:00:00,2025-03-28 18:00:00,,True
user_00001190,account_00000222,workspace_00000111,2025-03-29 00:00:00,field_worker,active,2025-03-29 00:00:00,,,False
user_00001191,account_00000222,workspace_00000111,2025-02-23 00:00:00,manager,active,2025-02-23 00:00:00,,,False
user_00001192,account_00000222,workspace_00000111,2025-03-18 00:00:00,field_worker,active,2025-03-18 00:00:00,2025-03-20 05:00:00,,True
user_00001193,account_00000222,workspace_00000111,2025-02-20 00:00:00,dispatcher,active,2025-02-20 00:00:00,2025-02-21 03:00:00,,True
user_00001194,account_00000222,workspace_00000111,2025-03-27 00:00:00,dispatcher,active,2025-03-27 00:00:00,2025-03-30 15:00:00,,True
user_00001195,account_00000222,workspace_00000111,2025-03-01 00:00:00,dispatcher,active,2025-03-01 00:00:00,2025-03-02 19:00:00,,False
user_00001196,account_00000222,workspace_00000111,2025-03-07 00:00:00,dispatcher,active,2025-03-07 00:00:00,2025-03-08 02:00:00,,True
user_00001197,account_00000222,workspace_00000111,2025-02-26 00:00:00,administrator,active,2025-02-26 00:00:00,2025-02-28 02:00:00,,True
user_00001198,account_00000222,workspace_00000111,2025-03-27 00:00:00,field_worker,active,2025-03-27 00:00:00,2025-03-28 01:00:00,,False
user_00001199,account_00000222,workspace_00000111,2025-03-15 00:00:00,field_worker,active,2025-03-15 00:00:00,,,True
user_00001200,account_00000228,workspace_00000112,2025-05-18 00:00:00,field_worker,active,2025-05-18 00:00:00,2025-05-19 07:00:00,,True
user_00001201,account_00000228,workspace_00000112,2025-05-13 00:00:00,manager,active,2025-05-13 00:00:00,2025-05-16 14:00:00,,True
user_00001202,account_00000228,workspace_00000112,2025-05-02 00:00:00,dispatcher,active,2025-05-02 00:00:00,2025-05-04 17:00:00,,True
user_00001203,account_00000229,workspace_00000113,2024-05-24 00:00:00,field_worker,active,2024-05-24 00:00:00,2024-05-25 06:00:00,,True
user_00001204,account_00000229,workspace_00000113,2024-06-05 00:00:00,field_worker,active,2024-06-05 00:00:00,2024-06-06 02:00:00,,True
user_00001205,account_00000229,workspace_00000113,2024-06-28 00:00:00,manager,active,2024-06-28 00:00:00,2024-07-01 16:00:00,,False
user_00001206,account_00000229,workspace_00000113,2024-06-17 00:00:00,administrator,active,2024-06-17 00:00:00,2024-06-20 23:00:00,,False
user_00001207,account_00000229,workspace_00000113,2024-05-23 00:00:00,field_worker,active,2024-05-23 00:00:00,2024-05-26 19:00:00,,False
user_00001208,account_00000230,workspace_00000114,2026-05-11 00:00:00,manager,active,2026-05-11 00:00:00,2026-05-12 05:00:00,,False
user_00001209,account_00000230,workspace_00000114,2026-04-18 00:00:00,field_worker,active,2026-04-18 00:00:00,2026-04-21 15:00:00,,False
user_00001210,account_00000234,workspace_00000115,2024-10-30 00:00:00,dispatcher,active,2024-10-30 00:00:00,2024-11-02 03:00:00,,True
user_00001211,account_00000234,workspace_00000116,2024-10-14 00:00:00,field_worker,active,2024-10-14 00:00:00,2024-10-17 10:00:00,,True
user_00001212,account_00000234,workspace_00000116,2024-10-01 00:00:00,field_worker,active,2024-10-01 00:00:00,2024-10-01 18:00:00,,True
user_00001213,account_00000234,workspace_00000116,2024-10-26 00:00:00,manager,active,2024-10-26 00:00:00,2024-10-28 06:00:00,,True
user_00001214,account_00000234,workspace_00000115,2024-10-19 00:00:00,field_worker,active,2024-10-19 00:00:00,2024-10-20 00:00:00,,True
user_00001215,account_00000234,workspace_00000115,2024-10-30 00:00:00,dispatcher,active,2024-10-30 00:00:00,2024-10-30 14:00:00,,False
user_00001216,account_00000234,workspace_00000115,2024-10-22 00:00:00,field_worker,active,2024-10-22 00:00:00,2024-10-22 21:00:00,,False
user_00001217,account_00000234,workspace_00000116,2024-10-22 00:00:00,dispatcher,active,2024-10-22 00:00:00,2024-10-23 12:00:00,,True
user_00001218,account_00000234,workspace_00000116,2024-10-06 00:00:00,dispatcher,active,2024-10-06 00:00:00,2024-10-09 05:00:00,,True
user_00001219,account_00000234,workspace_00000116,2024-11-05 00:00:00,field_worker,active,2024-11-05 00:00:00,,,True
user_00001220,account_00000234,workspace_00000116,2024-10-31 00:00:00,manager,active,2024-10-31 00:00:00,2024-11-03 16:00:00,,False
user_00001221,account_00000234,workspace_00000115,2024-10-24 00:00:00,dispatcher,active,2024-10-24 00:00:00,2024-10-25 15:00:00,,True
user_00001222,account_00000234,workspace_00000116,2024-10-28 00:00:00,manager,active,2024-10-28 00:00:00,2024-10-30 14:00:00,,True
user_00001223,account_00000234,workspace_00000115,2024-11-03 00:00:00,administrator,active,2024-11-03 00:00:00,2024-11-06 17:00:00,,False
user_00001224,account_00000234,workspace_00000116,2024-10-28 00:00:00,field_worker,active,2024-10-28 00:00:00,,,False
user_00001225,account_00000234,workspace_00000116,2024-10-03 00:00:00,field_worker,active,2024-10-03 00:00:00,2024-10-03 21:00:00,,True
user_00001226,account_00000234,workspace_00000115,2024-10-11 00:00:00,field_worker,active,2024-10-11 00:00:00,2024-10-14 21:00:00,,True
user_00001227,account_00000234,workspace_00000116,2024-11-04 00:00:00,field_worker,active,2024-11-04 00:00:00,2024-11-06 20:00:00,,False
user_00001228,account_00000234,workspace_00000115,2024-09-29 00:00:00,dispatcher,active,2024-09-29 00:00:00,2024-09-30 02:00:00,,False
user_00001229,account_00000234,workspace_00000116,2024-10-20 00:00:00,field_worker,active,2024-10-20 00:00:00,,,True
user_00001230,account_00000234,workspace_00000115,2024-10-07 00:00:00,field_worker,active,2024-10-07 00:00:00,2024-10-09 23:00:00,,False
user_00001231,account_00000234,workspace_00000116,2024-10-28 00:00:00,field_worker,active,2024-10-28 00:00:00,2024-10-31 17:00:00,,True
user_00001232,account_00000234,workspace_00000116,2024-10-01 00:00:00,field_worker,active,2024-10-01 00:00:00,,,True
user_00001233,account_00000234,workspace_00000115,2024-09-30 00:00:00,field_worker,active,2024-09-30 00:00:00,2024-09-30 02:00:00,,False
user_00001234,account_00000234,workspace_00000115,2024-10-30 00:00:00,manager,active,2024-10-30 00:00:00,,,True
user_00001235,account_00000234,workspace_00000116,2024-10-12 00:00:00,dispatcher,active,2024-10-12 00:00:00,2024-10-12 01:00:00,,True
user_00001236,account_00000234,workspace_00000116,2024-10-05 00:00:00,manager,active,2024-10-05 00:00:00,,,True
user_00001237,account_00000234,workspace_00000116,2024-10-17 00:00:00,field_worker,active,2024-10-17 00:00:00,2024-10-20 11:00:00,,False
user_00001238,account_00000234,workspace_00000116,2024-10-11 00:00:00,field_worker,active,2024-10-11 00:00:00,,,True
user_00001239,account_00000234,workspace_00000116,2024-10-03 00:00:00,field_worker,active,2024-10-03 00:00:00,2024-10-06 01:00:00,,True
user_00001240,account_00000234,workspace_00000115,2024-10-15 00:00:00,field_worker,active,2024-10-15 00:00:00,2024-10-18 23:00:00,,True
user_00001241,account_00000234,workspace_00000115,2024-10-27 00:00:00,dispatcher,active,2024-10-27 00:00:00,2024-10-27 11:00:00,,True
user_00001242,account_00000234,workspace_00000115,2024-11-01 00:00:00,field_worker,active,2024-11-01 00:00:00,2024-11-03 12:00:00,,False
user_00001243,account_00000234,workspace_00000116,2024-10-29 00:00:00,field_worker,active,2024-10-29 00:00:00,2024-10-31 16:00:00,,True
user_00001244,account_00000234,workspace_00000116,2024-10-14 00:00:00,finance,active,2024-10-14 00:00:00,2024-10-16 02:00:00,,False
user_00001245,account_00000244,workspace_00000117,2024-09-10 00:00:00,field_worker,active,2024-09-10 00:00:00,,,True
user_00001246,account_00000244,workspace_00000117,2024-09-12 00:00:00,administrator,active,2024-09-12 00:00:00,2024-09-12 06:00:00,,False
user_00001247,account_00000244,workspace_00000117,2024-09-14 00:00:00,field_worker,active,2024-09-14 00:00:00,2024-09-15 01:00:00,,True
user_00001248,account_00000244,workspace_00000117,2024-09-14 00:00:00,field_worker,active,2024-09-14 00:00:00,2024-09-16 03:00:00,,True
user_00001249,account_00000244,workspace_00000117,2024-09-21 00:00:00,field_worker,active,2024-09-21 00:00:00,2024-09-21 12:00:00,,True
user_00001250,account_00000244,workspace_00000117,2024-09-29 00:00:00,dispatcher,active,2024-09-29 00:00:00,2024-10-01 22:00:00,,True
user_00001251,account_00000244,workspace_00000117,2024-09-30 00:00:00,manager,active,2024-09-30 00:00:00,2024-09-30 07:00:00,,True
user_00001252,account_00000244,workspace_00000117,2024-09-17 00:00:00,dispatcher,active,2024-09-17 00:00:00,,,False
user_00001253,account_00000244,workspace_00000117,2024-09-25 00:00:00,dispatcher,active,2024-09-25 00:00:00,2024-09-25 18:00:00,,False
user_00001254,account_00000244,workspace_00000117,2024-09-11 00:00:00,manager,active,2024-09-11 00:00:00,2024-09-14 00:00:00,,True
user_00001255,account_00000244,workspace_00000117,2024-09-26 00:00:00,field_worker,active,2024-09-26 00:00:00,2024-09-28 16:00:00,,False
user_00001256,account_00000244,workspace_00000117,2024-10-08 00:00:00,field_worker,active,2024-10-08 00:00:00,2024-10-08 04:00:00,,True
user_00001257,account_00000245,workspace_00000118,2026-06-02 00:00:00,field_worker,active,2026-06-02 00:00:00,2026-06-05 17:00:00,,True
user_00001258,account_00000245,workspace_00000118,2026-06-19 00:00:00,field_worker,active,2026-06-19 00:00:00,2026-06-20 14:00:00,,True
user_00001259,account_00000245,workspace_00000118,2026-06-27 00:00:00,field_worker,active,2026-06-27 00:00:00,2026-06-27 22:00:00,,True
user_00001260,account_00000245,workspace_00000118,2026-05-27 00:00:00,field_worker,active,2026-05-27 00:00:00,2026-05-30 00:00:00,,False
user_00001261,account_00000245,workspace_00000118,2026-06-26 00:00:00,finance,active,2026-06-26 00:00:00,2026-06-27 02:00:00,,False
user_00001262,account_00000245,workspace_00000118,2026-07-03 00:00:00,field_worker,active,2026-07-03 00:00:00,2026-07-03 21:00:00,,True
user_00001263,account_00000245,workspace_00000118,2026-06-06 00:00:00,field_worker,active,2026-06-06 00:00:00,2026-06-06 14:00:00,,False
user_00001264,account_00000245,workspace_00000118,2026-07-01 00:00:00,field_worker,active,2026-07-01 00:00:00,,,False
user_00001265,account_00000245,workspace_00000118,2026-06-27 00:00:00,field_worker,active,2026-06-27 00:00:00,2026-06-28 11:00:00,,False
user_00001266,account_00000247,workspace_00000119,2026-05-05 00:00:00,field_worker,active,2026-05-05 00:00:00,,,True
user_00001267,account_00000247,workspace_00000119,2026-04-27 00:00:00,dispatcher,active,2026-04-27 00:00:00,2026-04-27 19:00:00,,True
user_00001268,account_00000247,workspace_00000119,2026-05-09 00:00:00,field_worker,active,2026-05-09 00:00:00,,,True
user_00001269,account_00000247,workspace_00000119,2026-05-12 00:00:00,field_worker,active,2026-05-12 00:00:00,2026-05-13 19:00:00,,True
user_00001270,account_00000247,workspace_00000119,2026-04-30 00:00:00,field_worker,active,2026-04-30 00:00:00,2026-05-01 23:00:00,,False
user_00001271,account_00000247,workspace_00000119,2026-05-23 00:00:00,dispatcher,active,2026-05-23 00:00:00,,,False
