account_id,month,mrr_eur,previous_mrr,ever_active_before,movement_type,movement_mrr
account_00000001,2024-01-01,0.0,0.0,False,no_change,0.0
account_00000001,2024-02-01,0.0,0.0,False,no_change,0.0
account_00000001,2024-03-01,0.0,0.0,False,no_change,0.0
account_00000001,2024-04-01,0.0,0.0,False,no_change,0.0
account_00000001,2024-05-01,0.0,0.0,False,no_change,0.0
account_00000001,2024-06-01,0.0,0.0,False,no_change,0.0
account_00000001,2024-07-01,0.0,0.0,False,no_change,0.0
account_00000001,2024-08-01,0.0,0.0,False,no_change,0.0
account_00000001,2024-09-01,0.0,0.0,False,no_change,0.0
account_00000001,2024-10-01,0.0,0.0,False,no_change,0.0
account_00000001,2024-11-01,0.0,0.0,False,no_change,0.0
account_00000001,2024-12-01,0.0,0.0,False,no_change,0.0
account_00000001,2025-01-01,51.0,0.0,False,new,51.0
account_00000001,2025-02-01,51.0,51.0,True,no_change,0.0
account_00000001,2025-03-01,51.0,51.0,True,no_change,0.0
account_00000001,2025-04-01,51.0,51.0,True,no_change,0.0
account_00000001,2025-05-01,51.0,51.0,True,no_change,0.0
account_00000001,2025-06-01,230.0,51.0,True,expansion,179.0
account_00000001,2025-07-01,230.0,230.0,True,no_change,0.0
account_00000001,2025-08-01,230.0,230.0,True,no_change,0.0
account_00000001,2025-09-01,230.0,230.0,True,no_change,0.0
account_00000001,2025-10-01,230.0,230.0,True,no_change,0.0
account_00000001,2025-11-01,230.0,230.0,True,no_change,0.0
account_00000001,2025-12-01,230.0,230.0,True,no_change,0.0
account_00000001,2026-01-01,230.0,230.0,True,no_change,0.0
account_00000001,2026-02-01,230.0,230.0,True,no_change,0.0
account_00000001,2026-03-01,230.0,230.0,True,no_change,0.0
account_00000001,2026-04-01,230.0,230.0,True,no_change,0.0
account_00000001,2026-05-01,230.0,230.0,True,no_change,0.0
account_00000001,2026-06-01,230.0,230.0,True,no_change,0.0
account_00000002,2024-01-01,0.0,0.0,False,no_change,0.0
account_00000002,2024-02-01,0.0,0.0,False,no_change,0.0
account_00000002,2024-03-01,0.0,0.0,False,no_change,0.0
account_00000002,2024-04-01,0.0,0.0,False,no_change,0.0
account_00000002,2024-05-01,0.0,0.0,False,no_change,0.0
account_00000002,2024-06-01,0.0,0.0,False,no_change,0.0
account_00000002,2024-07-01,0.0,0.0,False,no_change,0.0
account_00000002,2024-08-01,0.0,0.0,False,no_change,0.0
account_00000002,2024-09-01,0.0,0.0,False,no_change,0.0
account_00000002,2024-10-01,0.0,0.0,False,no_change,0.0
account_00000002,2024-11-01,0.0,0.0,False,no_change,0.0
account_00000002,2024-12-01,0.0,0.0,False,no_change,0.0
account_00000002,2025-01-01,0.0,0.0,False,no_change,0.0
account_00000002,2025-02-01,0.0,0.0,False,no_change,0.0
account_00000002,2025-03-01,0.0,0.0,False,no_change,0.0
account_00000002,2025-04-01,0.0,0.0,False,no_change,0.0
account_00000002,2025-05-01,0.0,0.0,False,no_change,0.0
account_00000002,2025-06-01,0.0,0.0,False,no_change,0.0
account_00000002,2025-07-01,0.0,0.0,False,no_change,0.0
account_00000002,2025-08-01,0.0,0.0,False,no_change,0.0
account_00000002,2025-09-01,0.0,0.0,False,no_change,0.0
account_00000002,2025-10-01,0.0,0.0,False,no_change,0.0
account_00000002,2025-11-01,0.0,0.0,False,no_change,0.0
account_00000002,2025-12-01,0.0,0.0,False,no_change,0.0
account_00000002,2026-01-01,0.0,0.0,False,no_change,0.0
account_00000002,2026-02-01,0.0,0.0,False,no_change,0.0
account_00000002,2026-03-01,42.12,0.0,False,new,42.12
account_00000002,2026-04-01,42.12,42.12,True,no_change,0.0
account_00000002,2026-05-01,42.12,42.12,True,no_change,0.0
account_00000002,2026-06-01,42.12,42.12,True,no_change,0.0
account_00000004,2024-01-01,0.0,0.0,False,no_change,0.0
account_00000004,2024-02-01,0.0,0.0,False,no_change,0.0
account_00000004,2024-03-01,0.0,0.0,False,no_change,0.0
account_00000004,2024-04-01,0.0,0.0,False,no_change,0.0
account_00000004,2024-05-01,143.5,0.0,False,new,143.5
account_00000004,2024-06-01,143.5,143.5,True,no_change,0.0
account_00000004,2024-07-01,187.6,143.5,True,expansion,44.099999999999994
account_00000004,2024-08-01,187.6,187.6,True,no_change,0.0
account_00000004,2024-09-01,187.6,187.6,True,no_change,0.0
account_00000004,2024-10-01,187.6,187.6,True,no_change,0.0
account_00000004,2024-11-01,187.6,187.6,True,no_change,0.0
account_00000004,2024-12-01,187.6,187.6,True,no_change,0.0
account_00000004,2025-01-01,187.6,187.6,True,no_change,0.0
account_00000004,2025-02-01,187.6,187.6,True,no_change,0.0
account_00000004,2025-03-01,187.6,187.6,True,no_change,0.0
account_00000004,2025-04-01,187.6,187.6,True,no_change,0.0
account_00000004,2025-05-01,187.6,187.6,True,no_change,0.0
account_00000004,2025-06-01,187.6,187.6,True,no_change,0.0
account_00000004,2025-07-01,187.6,187.6,True,no_change,0.0
account_00000004,2025-08-01,187.6,187.6,True,no_change,0.0
account_00000004,2025-09-01,187.6,187.6,True,no_change,0.0
account_00000004,2025-10-01,187.6,187.6,True,no_change,0.0
account_00000004,2025-11-01,187.6,187.6,True,no_change,0.0
account_00000004,2025-12-01,187.6,187.6,True,no_change,0.0
account_00000004,2026-01-01,187.6,187.6,True,no_change,0.0
account_00000004,2026-02-01,187.6,187.6,True,no_change,0.0
account_00000004,2026-03-01,187.6,187.6,True,no_change,0.0
account_00000004,2026-04-01,187.6,187.6,True,no_change,0.0
account_00000004,2026-05-01,187.6,187.6,True,no_change,0.0
account_00000004,2026-06-01,187.6,187.6,True,no_change,0.0
account_00000008,2024-01-01,0.0,0.0,False,no_change,0.0
account_00000008,2024-02-01,0.0,0.0,False,no_change,0.0
account_00000008,2024-03-01,0.0,0.0,False,no_change,0.0
account_00000008,2024-04-01,0.0,0.0,False,no_change,0.0
account_00000008,2024-05-01,0.0,0.0,False,no_change,0.0
account_00000008,2024-06-01,0.0,0.0,False,no_change,0.0
account_00000008,2024-07-01,0.0,0.0,False,no_change,0.0
account_00000008,2024-08-01,0.0,0.0,False,no_change,0.0
account_00000008,2024-09-01,0.0,0.0,False,no_change,0.0
account_00000008,2024-10-01,0.0,0.0,False,no_change,0.0
account_00000008,2024-11-01,0.0,0.0,False,no_change,0.0
account_00000008,2024-12-01,0.0,0.0,False,no_change,0.0
account_00000008,2025-01-01,0.0,0.0,False,no_change,0.0
account_00000008,2025-02-01,0.0,0.0,False,no_change,0.0
account_00000008,2025-03-01,0.0,0.0,False,no_change,0.0
account_00000008,2025-04-01,0.0,0.0,False,no_change,0.0
account_00000008,2025-05-01,0.0,0.0,False,no_change,0.0
account_00000008,2025-06-01,0.0,0.0,False,no_change,0.0
account_00000008,2025-07-01,0.0,0.0,False,no_change,0.0
account_00000008,2025-08-01,0.0,0.0,False,no_change,0.0
account_00000008,2025-09-01,0.0,0.0,False,no_change,0.0
account_00000008,2025-10-01,0.0,0.0,False,no_change,0.0
account_00000008,2025-11-01,0.0,0.0,False,no_change,0.0
account_00000008,2025-12-01,40.01,0.0,False,new,40.01
account_00000008,2026-01-01,40.01,40.01,True,no_change,0.0
account_00000008,2026-02-01,40.01,40.01,True,no_change,0.0
account_00000008,2026-03-01,40.01,40.01,True,no_change,0.0
account_00000008,2026-04-01,40.01,40.01,True,no_change,0.0
account_00000008,2026-05-01,40.01,40.01,True,no_change,0.0
account_00000008,2026-06-01,40.01,40.01,True,no_change,0.0
account_00000009,2024-01-01,0.0,0.0,False,no_change,0.0
account_00000009,2024-02-01,0.0,0.0,False,no_change,0.0
account_00000009,2024-03-01,0.0,0.0,False,no_change,0.0
account_00000009,2024-04-01,0.0,0.0,False,no_change,0.0
account_00000009,2024-05-01,0.0,0.0,False,no_change,0.0
account_00000009,2024-06-01,0.0,0.0,False,no_change,0.0
account_00000009,2024-07-01,0.0,0.0,False,no_change,0.0
account_00000009,2024-08-01,0.0,0.0,False,no_change,0.0
account_00000009,2024-09-01,0.0,0.0,False,no_change,0.0
account_00000009,2024-10-01,0.0,0.0,False,no_change,0.0
account_00000009,2024-11-01,0.0,0.0,False,no_change,0.0
account_00000009,2024-12-01,0.0,0.0,False,no_change,0.0
account_00000009,2025-01-01,0.0,0.0,False,no_change,0.0
account_00000009,2025-02-01,0.0,0.0,False,no_change,0.0
account_00000009,2025-03-01,243.0,0.0,False,new,243.0
account_00000009,2025-04-01,243.0,243.0,True,no_change,0.0
account_00000009,2025-05-01,243.0,243.0,True,no_change,0.0
account_00000009,2025-06-01,243.0,243.0,True,no_change,0.0
account_00000009,2025-07-01,0.0,243.0,True,churn,-243.0
account_00000009,2025-08-01,0.0,0.0,True,no_change,0.0
account_00000009,2025-09-01,0.0,0.0,True,no_change,0.0
account_00000009,2025-10-01,0.0,0.0,True,no_change,0.0
account_00000009,2025-11-01,0.0,0.0,True,no_change,0.0
account_00000009,2025-12-01,0.0,0.0,True,no_change,0.0
account_00000009,2026-01-01,0.0,0.0,True,no_change,0.0
account_00000009,2026-02-01,0.0,0.0,True,no_change,0.0
account_00000009,2026-03-01,0.0,0.0,True,no_change,0.0
account_00000009,2026-04-01,0.0,0.0,True,no_change,0.0
account_00000009,2026-05-01,0.0,0.0,True,no_change,0.0
account_00000009,2026-06-01,0.0,0.0,True,no_change,0.0
account_00000013,2024-01-01,0.0,0.0,False,no_change,0.0
account_00000013,2024-02-01,0.0,0.0,False,no_change,0.0
account_00000013,2024-03-01,0.0,0.0,False,no_change,0.0
account_00000013,2024-04-01,0.0,0.0,False,no_change,0.0
account_00000013,2024-05-01,0.0,0.0,False,no_change,0.0
account_00000013,2024-06-01,0.0,0.0,False,no_change,0.0
account_00000013,2024-07-01,853.95,0.0,False,new,853.95
account_00000013,2024-08-01,898.0500000000001,853.95,True,expansion,44.10000000000002
account_00000013,2024-09-01,898.0500000000001,898.0500000000001,True,no_change,0.0
account_00000013,2024-10-01,898.0500000000001,898.0500000000001,True,no_change,0.0
account_00000013,2024-11-01,898.0500000000001,898.0500000000001,True,no_change,0.0
account_00000013,2024-12-01,898.0500000000001,898.0500000000001,True,no_change,0.0
account_00000013,2025-01-01,898.0500000000001,898.0500000000001,True,no_change,0.0
account_00000013,2025-02-01,1257.15,898.0500000000001,True,expansion,359.1
account_00000013,2025-03-01,1390.21,1257.15,True,expansion,133.05999999999995
account_00000013,2025-04-01,1390.21,1390.21,True,no_change,0.0
account_00000013,2025-05-01,1390.21,1390.21,True,no_change,0.0
account_00000013,2025-06-01,1390.21,1390.21,True,no_change,0.0
account_00000013,2025-07-01,1390.21,1390.21,True,no_change,0.0
account_00000013,2025-08-01,1390.21,1390.21,True,no_change,0.0
account_00000013,2025-09-01,1390.21,1390.21,True,no_change,0.0
account_00000013,2025-10-01,1390.21,1390.21,True,no_change,0.0
account_00000013,2025-11-01,1390.21,1390.21,True,no_change,0.0
account_00000013,2025-12-01,1390.21,1390.21,True,no_change,0.0
account_00000013,2026-01-01,1390.21,1390.21,True,no_change,0.0
account_00000013,2026-02-01,1390.21,1390.21,True,no_change,0.0
account_00000013,2026-03-01,1390.21,1390.21,True,no_change,0.0
account_00000013,2026-04-01,1674.46,1390.21,True,expansion,284.25
account_00000013,2026-05-01,1674.46,1674.46,True,no_change,0.0
account_00000013,2026-06-01,1941.3300000000002,1674.46,True,expansion,266.8700000000001
account_00000019,2024-01-01,0.0,0.0,False,no_change,0.0
account_00000019,2024-02-01,0.0,0.0,False,no_change,0.0
account_00000019,2024-03-01,0.0,0.0,False,no_change,0.0
account_00000019,2024-04-01,0.0,0.0,False,no_change,0.0
account_00000019,2024-05-01,0.0,0.0,False,no_change,0.0
account_00000019,2024-06-01,0.0,0.0,False,no_change,0.0
account_00000019,2024-07-01,0.0,0.0,False,no_change,0.0
account_00000019,2024-08-01,0.0,0.0,False,no_change,0.0
account_00000019,2024-09-01,0.0,0.0,False,no_change,0.0
account_00000019,2024-10-01,0.0,0.0,False,no_change,0.0
account_00000019,2024-11-01,0.0,0.0,False,no_change,0.0
account_00000019,2024-12-01,0.0,0.0,False,no_change,0.0
account_00000019,2025-01-01,0.0,0.0,False,no_change,0.0
account_00000019,2025-02-01,0.0,0.0,False,no_change,0.0
account_00000019,2025-03-01,0.0,0.0,False,no_change,0.0
account_00000019,2025-04-01,0.0,0.0,False,no_change,0.0
account_00000019,2025-05-01,0.0,0.0,False,no_change,0.0
account_00000019,2025-06-01,0.0,0.0,False,no_change,0.0
account_00000019,2025-07-01,0.0,0.0,False,no_change,0.0
account_00000019,2025-08-01,0.0,0.0,False,no_change,0.0
account_00000019,2025-09-01,0.0,0.0,False,no_change,0.0
account_00000019,2025-10-01,0.0,0.0,False,no_change,0.0
account_00000019,2025-11-01,0.0,0.0,False,no_change,0.0
account_00000019,2025-12-01,0.0,0.0,False,no_change,0.0
account_00000019,2026-01-01,0.0,0.0,False,no_change,0.0
account_00000019,2026-02-01,0.0,0.0,False,no_change,0.0
account_00000019,2026-03-01,11909.81,0.0,False,new,11909.81
account_00000019,2026-04-01,11909.81,11909.81,True,no_change,0.0
account_00000019,2026-05-01,11909.81,11909.81,True,no_change,0.0
account_00000019,2026-06-01,11909.81,11909.81,True,no_change,0.0
account_00000022,2024-01-01,0.0,0.0,False,no_change,0.0
account_00000022,2024-02-01,0.0,0.0,False,no_change,0.0
account_00000022,2024-03-01,0.0,0.0,False,no_change,0.0
account_00000022,2024-04-01,0.0,0.0,False,no_change,0.0
account_00000022,2024-05-01,0.0,0.0,False,no_change,0.0
account_00000022,2024-06-01,171.0,0.0,False,new,171.0
account_00000022,2024-07-01,171.0,171.0,True,no_change,0.0
account_00000022,2024-08-01,171.0,171.0,True,no_change,0.0
account_00000022,2024-09-01,171.0,171.0,True,no_change,0.0
account_00000022,2024-10-01,171.0,171.0,True,no_change,0.0
account_00000022,2024-11-01,171.0,171.0,True,no_change,0.0
account_00000022,2024-12-01,270.0,171.0,True,expansion,99.0
account_00000022,2025-01-01,270.0,270.0,True,no_change,0.0
account_00000022,2025-02-01,270.0,270.0,True,no_change,0.0
account_00000022,2025-03-01,270.0,270.0,True,no_change,0.0
account_00000022,2025-04-01,270.0,270.0,True,no_change,0.0
account_00000022,2025-05-01,270.0,270.0,True,no_change,0.0
account_00000022,2025-06-01,270.0,270.0,True,no_change,0.0
account_00000022,2025-07-01,270.0,270.0,True,no_change,0.0
account_00000022,2025-08-01,270.0,270.0,True,no_change,0.0
account_00000022,2025-09-01,270.0,270.0,True,no_change,0.0
account_00000022,2025-10-01,270.0,270.0,True,no_change,0.0
account_00000022,2025-11-01,270.0,270.0,True,no_change,0.0
account_00000022,2025-12-01,270.0,270.0,True,no_change,0.0
account_00000022,2026-01-01,270.0,270.0,True,no_change,0.0
account_00000022,2026-02-01,270.0,270.0,True,no_change,0.0
account_00000022,2026-03-01,373.68,270.0,True,expansion,103.68
account_00000022,2026-04-01,373.68,373.68,True,no_change,0.0
account_00000022,2026-05-01,373.68,373.68,True,no_change,0.0
account_00000022,2026-06-01,373.68,373.68,True,no_change,0.0
account_00000023,2024-01-01,0.0,0.0,False,no_change,0.0
account_00000023,2024-02-01,0.0,0.0,False,no_change,0.0
account_00000023,2024-03-01,0.0,0.0,False,no_change,0.0
account_00000023,2024-04-01,0.0,0.0,False,no_change,0.0
account_00000023,2024-05-01,0.0,0.0,False,no_change,0.0
account_00000023,2024-06-01,0.0,0.0,False,no_change,0.0
account_00000023,2024-07-01,108.97,0.0,False,new,108.97
account_00000023,2024-08-01,108.97,108.97,True,no_change,0.0
account_00000023,2024-09-01,108.97,108.97,True,no_change,0.0
account_00000023,2024-10-01,108.97,108.97,True,no_change,0.0
account_00000023,2024-11-01,108.97,108.97,True,no_change,0.0
account_00000023,2024-12-01,108.97,108.97,True,no_change,0.0
account_00000023,2025-01-01,108.97,108.97,True,no_change,0.0
account_00000023,2025-02-01,108.97,108.97,True,no_change,0.0
account_00000023,2025-03-01,108.97,108.97,True,no_change,0.0
account_00000023,2025-04-01,108.97,108.97,True,no_change,0.0
account_00000023,2025-05-01,108.97,108.97,True,no_change,0.0
account_00000023,2025-06-01,101.37,108.97,True,contraction,-7.599999999999994
account_00000023,2025-07-01,101.37,101.37,True,no_change,0.0
account_00000023,2025-08-01,101.37,101.37,True,no_change,0.0
account_00000023,2025-09-01,101.37,101.37,True,no_change,0.0
account_00000023,2025-10-01,85.04,101.37,True,contraction,-16.33
account_00000023,2025-11-01,85.04,85.04,True,no_change,0.0
account_00000023,2025-12-01,85.04,85.04,True,no_change,0.0
account_00000023,2026-01-01,85.04,85.04,True,no_change,0.0
account_00000023,2026-02-01,85.04,85.04,True,no_change,0.0
account_00000023,2026-03-01,85.04,85.04,True,no_change,0.0
account_00000023,2026-04-01,85.04,85.04,True,no_change,0.0
account_00000023,2026-05-01,85.04,85.04,True,no_change,0.0
account_00000023,2026-06-01,85.04,85.04,True,no_change,0.0
account_00000024,2024-01-01,0.0,0.0,False,no_change,0.0
account_00000024,2024-02-01,0.0,0.0,False,no_change,0.0
account_00000024,2024-03-01,0.0,0.0,False,no_change,0.0
account_00000024,2024-04-01,0.0,0.0,False,no_change,0.0
account_00000024,2024-05-01,0.0,0.0,False,no_change,0.0
account_00000024,2024-06-01,0.0,0.0,False,no_change,0.0
account_00000024,2024-07-01,0.0,0.0,False,no_change,0.0
account_00000024,2024-08-01,0.0,0.0,False,no_change,0.0
account_00000024,2024-09-01,0.0,0.0,False,no_change,0.0
account_00000024,2024-10-01,0.0,0.0,False,no_change,0.0
account_00000024,2024-11-01,0.0,0.0,False,no_change,0.0
account_00000024,2024-12-01,0.0,0.0,False,no_change,0.0
account_00000024,2025-01-01,0.0,0.0,False,no_change,0.0
account_00000024,2025-02-01,0.0,0.0,False,no_change,0.0
account_00000024,2025-03-01,0.0,0.0,False,no_change,0.0
account_00000024,2025-04-01,0.0,0.0,False,no_change,0.0
account_00000024,2025-05-01,0.0,0.0,False,no_change,0.0
account_00000024,2025-06-01,0.0,0.0,False,no_change,0.0
account_00000024,2025-07-01,906.98,0.0,False,new,906.98
account_00000024,2025-08-01,906.98,906.98,True,no_change,0.0
account_00000024,2025-09-01,906.98,906.98,True,no_change,0.0
account_00000024,2025-10-01,840.5,906.98,True,contraction,-66.48000000000002
account_00000024,2025-11-01,840.5,840.5,True,no_change,0.0
account_00000024,2025-12-01,840.5,840.5,True,no_change,0.0
account_00000024,2026-01-01,906.98,840.5,True,expansion,66.48000000000002
account_00000024,2026-02-01,1128.6,906.98,True,expansion,221.6199999999999
account_00000024,2026-03-01,1128.6,1128.6,True,no_change,0.0
account_00000024,2026-04-01,1128.6,1128.6,True,no_change,0.0
account_00000024,2026-05-01,1128.6,1128.6,True,no_change,0.0
account_00000024,2026-06-01,1128.6,1128.6,True,no_change,0.0
account_00000035,2024-01-01,0.0,0.0,False,no_change,0.0
account_00000035,2024-02-01,0.0,0.0,False,no_change,0.0
account_00000035,2024-03-01,0.0,0.0,False,no_change,0.0
account_00000035,2024-04-01,0.0,0.0,False,no_change,0.0
account_00000035,2024-05-01,0.0,0.0,False,no_change,0.0
account_00000035,2024-06-01,0.0,0.0,False,no_change,0.0
account_00000035,2024-07-01,0.0,0.0,False,no_change,0.0
account_00000035,2024-08-01,0.0,0.0,False,no_change,0.0
account_00000035,2024-09-01,0.0,0.0,False,no_change,0.0
account_00000035,2024-10-01,0.0,0.0,False,no_change,0.0
account_00000035,2024-11-01,0.0,0.0,False,no_change,0.0
account_00000035,2024-12-01,251.0,0.0,False,new,251.0
account_00000035,2025-01-01,251.0,251.0,True,no_change,0.0
account_00000035,2025-02-01,251.0,251.0,True,no_change,0.0
account_00000035,2025-03-01,251.0,251.0,True,no_change,0.0
account_00000035,2025-04-01,251.0,251.0,True,no_change,0.0
account_00000035,2025-05-01,251.0,251.0,True,no_change,0.0
account_00000035,2025-06-01,251.0,251.0,True,no_change,0.0
account_00000035,2025-07-01,251.0,251.0,True,no_change,0.0
account_00000035,2025-08-01,251.0,251.0,True,no_change,0.0
account_00000035,2025-09-01,251.0,251.0,True,no_change,0.0
account_00000035,2025-10-01,251.0,251.0,True,no_change,0.0
account_00000035,2025-11-01,251.0,251.0,True,no_change,0.0
account_00000035,2025-12-01,251.0,251.0,True,no_change,0.0
account_00000035,2026-01-01,251.0,251.0,True,no_change,0.0
account_00000035,2026-02-01,251.0,251.0,True,no_change,0.0
account_00000035,2026-03-01,251.0,251.0,True,no_change,0.0
account_00000035,2026-04-01,251.0,251.0,True,no_change,0.0
account_00000035,2026-05-01,251.0,251.0,True,no_change,0.0
account_00000035,2026-06-01,251.0,251.0,True,no_change,0.0
account_00000039,2024-01-01,0.0,0.0,False,no_change,0.0
account_00000039,2024-02-01,0.0,0.0,False,no_change,0.0
account_00000039,2024-03-01,0.0,0.0,False,no_change,0.0
account_00000039,2024-04-01,0.0,0.0,False,no_change,0.0
account_00000039,2024-05-01,0.0,0.0,False,no_change,0.0
account_00000039,2024-06-01,0.0,0.0,False,no_change,0.0
account_00000039,2024-07-01,0.0,0.0,False,no_change,0.0
account_00000039,2024-08-01,0.0,0.0,False,no_change,0.0
account_00000039,2024-09-01,0.0,0.0,False,no_change,0.0
account_00000039,2024-10-01,0.0,0.0,False,no_change,0.0
account_00000039,2024-11-01,0.0,0.0,False,no_change,0.0
account_00000039,2024-12-01,0.0,0.0,False,no_change,0.0
account_00000039,2025-01-01,0.0,0.0,False,no_change,0.0
account_00000039,2025-02-01,0.0,0.0,False,no_change,0.0
account_00000039,2025-03-01,0.0,0.0,False,no_change,0.0
account_00000039,2025-04-01,0.0,0.0,False,no_change,0.0
account_00000039,2025-05-01,0.0,0.0,False,no_change,0.0
account_00000039,2025-06-01,0.0,0.0,False,no_change,0.0
account_00000039,2025-07-01,0.0,0.0,False,no_change,0.0
account_00000039,2025-08-01,0.0,0.0,False,no_change,0.0
account_00000039,2025-09-01,0.0,0.0,False,no_change,0.0
account_00000039,2025-10-01,0.0,0.0,False,no_change,0.0
account_00000039,2025-11-01,0.0,0.0,False,no_change,0.0
account_00000039,2025-12-01,0.0,0.0,False,no_change,0.0
account_00000039,2026-01-01,0.0,0.0,False,no_change,0.0
account_00000039,2026-02-01,0.0,0.0,False,no_change,0.0
account_00000039,2026-03-01,0.0,0.0,False,no_change,0.0
account_00000039,2026-04-01,0.0,0.0,False,no_change,0.0
account_00000039,2026-05-01,0.0,0.0,False,no_change,0.0
account_00000039,2026-06-01,6048.48,0.0,False,new,6048.48
account_00000040,2024-01-01,0.0,0.0,False,no_change,0.0
account_00000040,2024-02-01,0.0,0.0,False,no_change,0.0
account_00000040,2024-03-01,0.0,0.0,False,no_change,0.0
account_00000040,2024-04-01,0.0,0.0,False,no_change,0.0
account_00000040,2024-05-01,0.0,0.0,False,no_change,0.0
account_00000040,2024-06-01,0.0,0.0,False,no_change,0.0
account_00000040,2024-07-01,0.0,0.0,False,no_change,0.0
account_00000040,2024-08-01,0.0,0.0,False,no_change,0.0
account_00000040,2024-09-01,0.0,0.0,False,no_change,0.0
account_00000040,2024-10-01,0.0,0.0,False,no_change,0.0
account_00000040,2024-11-01,0.0,0.0,False,no_change,0.0
account_00000040,2024-12-01,0.0,0.0,False,no_change,0.0
account_00000040,2025-01-01,0.0,0.0,False,no_change,0.0
account_00000040,2025-02-01,0.0,0.0,False,no_change,0.0
account_00000040,2025-03-01,0.0,0.0,False,no_change,0.0
account_00000040,2025-04-01,0.0,0.0,False,no_change,0.0
account_00000040,2025-05-01,0.0,0.0,False,no_change,0.0
account_00000040,2025-06-01,0.0,0.0,False,no_change,0.0
account_00000040,2025-07-01,0.0,0.0,False,no_change,0.0
account_00000040,2025-08-01,0.0,0.0,False,no_change,0.0
account_00000040,2025-09-01,0.0,0.0,False,no_change,0.0
account_00000040,2025-10-01,0.0,0.0,False,no_change,0.0
account_00000040,2025-11-01,80.66,0.0,False,new,80.66
account_00000040,2025-12-01,80.66,80.66,True,no_change,0.0
account_00000040,2026-01-01,80.66,80.66,True,no_change,0.0
account_00000040,2026-02-01,80.66,80.66,True,no_change,0.0
account_00000040,2026-03-01,80.66,80.66,True,no_change,0.0
account_00000040,2026-04-01,80.66,80.66,True,no_change,0.0
account_00000040,2026-05-01,80.66,80.66,True,no_change,0.0
account_00000040,2026-06-01,80.66,80.66,True,no_change,0.0
account_00000043,2024-01-01,0.0,0.0,False,no_change,0.0
account_00000043,2024-02-01,0.0,0.0,False,no_change,0.0
account_00000043,2024-03-01,0.0,0.0,False,no_change,0.0
account_00000043,2024-04-01,0.0,0.0,False,no_change,0.0
account_00000043,2024-05-01,0.0,0.0,False,no_change,0.0
account_00000043,2024-06-01,0.0,0.0,False,no_change,0.0
account_00000043,2024-07-01,0.0,0.0,False,no_change,0.0
account_00000043,2024-08-01,0.0,0.0,False,no_change,0.0
account_00000043,2024-09-01,0.0,0.0,False,no_change,0.0
account_00000043,2024-10-01,0.0,0.0,False,no_change,0.0
account_00000043,2024-11-01,0.0,0.0,False,no_change,0.0
account_00000043,2024-12-01,0.0,0.0,False,no_change,0.0
account_00000043,2025-01-01,0.0,0.0,False,no_change,0.0
account_00000043,2025-02-01,0.0,0.0,False,no_change,0.0
account_00000043,2025-03-01,0.0,0.0,False,no_change,0.0
account_00000043,2025-04-01,0.0,0.0,False,no_change,0.0
account_00000043,2025-05-01,0.0,0.0,False,no_change,0.0
account_00000043,2025-06-01,0.0,0.0,False,no_change,0.0
account_00000043,2025-07-01,0.0,0.0,False,no_change,0.0
account_00000043,2025-08-01,0.0,0.0,False,no_change,0.0
account_00000043,2025-09-01,0.0,0.0,False,no_change,0.0
account_00000043,2025-10-01,0.0,0.0,False,no_change,0.0
account_00000043,2025-11-01,0.0,0.0,False,no_change,0.0
account_00000043,2025-12-01,0.0,0.0,False,no_change,0.0
account_00000043,2026-01-01,0.0,0.0,False,no_change,0.0
account_00000043,2026-02-01,0.0,0.0,False,no_change,0.0
account_00000043,2026-03-01,243.14,0.0,False,new,243.14
account_00000043,2026-04-01,243.14,243.14,True,no_change,0.0
account_00000043,2026-05-01,243.14,243.14,True,no_change,0.0
account_00000043,2026-06-01,243.14,243.14,True,no_change,0.0
account_00000044,2024-01-01,0.0,0.0,False,no_change,0.0
account_00000044,2024-02-01,0.0,0.0,False,no_change,0.0
account_00000044,2024-03-01,0.0,0.0,False,no_change,0.0
account_00000044,2024-04-01,128.39,0.0,False,new,128.39
account_00000044,2024-05-01,128.39,128.39,True,no_change,0.0
account_00000044,2024-06-01,128.39,128.39,True,no_change,0.0
account_00000044,2024-07-01,128.39,128.39,True,no_change,0.0
account_00000044,2024-08-01,128.39,128.39,True,no_change,0.0
account_00000044,2024-09-01,541.9,128.39,True,expansion,413.51
account_00000044,2024-10-01,541.9,541.9,True,no_change,0.0
account_00000044,2024-11-01,541.9,541.9,True,no_change,0.0
account_00000044,2024-12-01,541.9,541.9,True,no_change,0.0
account_00000044,2025-01-01,541.9,541.9,True,no_change,0.0
account_00000044,2025-02-01,541.9,541.9,True,no_change,0.0
account_00000044,2025-03-01,541.9,541.9,True,no_change,0.0
account_00000044,2025-04-01,541.9,541.9,True,no_change,0.0
account_00000044,2025-05-01,541.9,541.9,True,no_change,0.0
account_00000044,2025-06-01,541.9,541.9,True,no_change,0.0
account_00000044,2025-07-01,541.9,541.9,True,no_change,0.0
account_00000044,2025-08-01,541.9,541.9,True,no_change,0.0
account_00000044,2025-09-01,541.9,541.9,True,no_change,0.0
account_00000044,2025-10-01,541.9,541.9,True,no_change,0.0
account_00000044,2025-11-01,541.9,541.9,True,no_change,0.0
account_00000044,2025-12-01,541.9,541.9,True,no_change,0.0
account_00000044,2026-01-01,541.9,541.9,True,no_change,0.0
account_00000044,2026-02-01,541.9,541.9,True,no_change,0.0
account_00000044,2026-03-01,541.9,541.9,True,no_change,0.0
account_00000044,2026-04-01,541.9,541.9,True,no_change,0.0
account_00000044,2026-05-01,541.9,541.9,True,no_change,0.0
account_00000044,2026-06-01,541.9,541.9,True,no_change,0.0
account_00000047,2024-01-01,0.0,0.0,False,no_change,0.0
account_00000047,2024-02-01,0.0,0.0,False,no_change,0.0
account_00000047,2024-03-01,0.0,0.0,False,no_change,0.0
account_00000047,2024-04-01,0.0,0.0,False,no_change,0.0
account_00000047,2024-05-01,0.0,0.0,False,no_change,0.0
account_00000047,2024-06-01,0.0,0.0,False,no_change,0.0
account_00000047,2024-07-01,0.0,0.0,False,no_change,0.0
account_00000047,2024-08-01,0.0,0.0,False,no_change,0.0
account_00000047,2024-09-01,0.0,0.0,False,no_change,0.0
account_00000047,2024-10-01,0.0,0.0,False,no_change,0.0
account_00000047,2024-11-01,0.0,0.0,False,no_change,0.0
account_00000047,2024-12-01,0.0,0.0,False,no_change,0.0
account_00000047,2025-01-01,0.0,0.0,False,no_change,0.0
account_00000047,2025-02-01,0.0,0.0,False,no_change,0.0
account_00000047,2025-03-01,0.0,0.0,False,no_change,0.0
account_00000047,2025-04-01,0.0,0.0,False,no_change,0.0
account_00000047,2025-05-01,145.8,0.0,False,new,145.8
account_00000047,2025-06-01,145.8,145.8,True,no_change,0.0
account_00000047,2025-07-01,132.84,145.8,True,contraction,-12.960000000000008
account_00000047,2025-08-01,132.84,132.84,True,no_change,0.0
account_00000047,2025-09-01,145.8,132.84,True,expansion,12.960000000000008
account_00000047,2025-10-01,145.8,145.8,True,no_change,0.0
account_00000047,2025-11-01,145.8,145.8,True,no_change,0.0
account_00000047,2025-12-01,145.8,145.8,True,no_change,0.0
account_00000047,2026-01-01,145.8,145.8,True,no_change,0.0
account_00000047,2026-02-01,145.8,145.8,True,no_change,0.0
account_00000047,2026-03-01,145.8,145.8,True,no_change,0.0
account_00000047,2026-04-01,145.8,145.8,True,no_change,0.0
account_00000047,2026-05-01,145.8,145.8,True,no_change,0.0
account_00000047,2026-06-01,145.8,145.8,True,no_change,0.0
account_00000051,2024-01-01,0.0,0.0,False,no_change,0.0
account_00000051,2024-02-01,0.0,0.0,False,no_change,0.0
account_00000051,2024-03-01,0.0,0.0,False,no_change,0.0
account_00000051,2024-04-01,0.0,0.0,False,no_change,0.0
account_00000051,2024-05-01,0.0,0.0,False,no_change,0.0
account_00000051,2024-06-01,0.0,0.0,False,no_change,0.0
account_00000051,2024-07-01,0.0,0.0,False,no_change,0.0
account_00000051,2024-08-01,0.0,0.0,False,no_change,0.0
account_00000051,2024-09-01,0.0,0.0,False,no_change,0.0
account_00000051,2024-10-01,0.0,0.0,False,no_change,0.0
account_00000051,2024-11-01,0.0,0.0,False,no_change,0.0
account_00000051,2024-12-01,0.0,0.0,False,no_change,0.0
account_00000051,2025-01-01,0.0,0.0,False,no_change,0.0
account_00000051,2025-02-01,0.0,0.0,False,no_change,0.0
account_00000051,2025-03-01,0.0,0.0,False,no_change,0.0
account_00000051,2025-04-01,0.0,0.0,False,no_change,0.0
account_00000051,2025-05-01,87.67,0.0,False,new,87.67
account_00000051,2025-06-01,87.67,87.67,True,no_change,0.0
account_00000051,2025-07-01,87.67,87.67,True,no_change,0.0
account_00000051,2025-08-01,87.67,87.67,True,no_change,0.0
account_00000051,2025-09-01,87.67,87.67,True,no_change,0.0
account_00000051,2025-10-01,87.67,87.67,True,no_change,0.0
account_00000051,2025-11-01,87.67,87.67,True,no_change,0.0
account_00000051,2025-12-01,87.67,87.67,True,no_change,0.0
account_00000051,2026-01-01,87.67,87.67,True,no_change,0.0
account_00000051,2026-02-01,87.67,87.67,True,no_change,0.0
account_00000051,2026-03-01,87.67,87.67,True,no_change,0.0
account_00000051,2026-04-01,87.67,87.67,True,no_change,0.0
account_00000051,2026-05-01,87.67,87.67,True,no_change,0.0
account_00000051,2026-06-01,87.67,87.67,True,no_change,0.0
account_00000056,2024-01-01,0.0,0.0,False,no_change,0.0
account_00000056,2024-02-01,0.0,0.0,False,no_change,0.0
account_00000056,2024-03-01,0.0,0.0,False,no_change,0.0
account_00000056,2024-04-01,0.0,0.0,False,no_change,0.0
account_00000056,2024-05-01,0.0,0.0,False,no_change,0.0
account_00000056,2024-06-01,0.0,0.0,False,no_change,0.0
account_00000056,2024-07-01,0.0,0.0,False,no_change,0.0
account_00000056,2024-08-01,0.0,0.0,False,no_change,0.0
account_00000056,2024-09-01,0.0,0.0,False,no_change,0.0
account_00000056,2024-10-01,0.0,0.0,False,no_change,0.0
account_00000056,2024-11-01,0.0,0.0,False,no_change,0.0
account_00000056,2024-12-01,0.0,0.0,False,no_change,0.0
account_00000056,2025-01-01,0.0,0.0,False,no_change,0.0
account_00000056,2025-02-01,0.0,0.0,False,no_change,0.0
account_00000056,2025-03-01,0.0,0.0,False,no_change,0.0
account_00000056,2025-04-01,1500.73,0.0,False,new,1500.73
account_00000056,2025-05-01,2280.38,1500.73,True,expansion,779.6500000000001
account_00000056,2025-06-01,2280.38,2280.38,True,no_change,0.0
account_00000056,2025-07-01,2869.78,2280.38,True,expansion,589.4000000000001
account_00000056,2025-08-01,2869.78,2869.78,True,no_change,0.0
account_00000056,2025-09-01,2869.78,2869.78,True,no_change,0.0
account_00000056,2025-10-01,2931.88,2869.78,True,expansion,62.09999999999991
account_00000056,2025-11-01,3200.9800000000005,2931.88,True,expansion,269.10000000000036
account_00000056,2025-12-01,3200.9800000000005,3200.9800000000005,True,no_change,0.0
account_00000056,2026-01-01,3200.9800000000005,3200.9800000000005,True,no_change,0.0
account_00000056,2026-02-01,3200.9800000000005,3200.9800000000005,True,no_change,0.0
account_00000056,2026-03-01,3200.9800000000005,3200.9800000000005,True,no_change,0.0
account_00000056,2026-04-01,3200.9800000000005,3200.9800000000005,True,no_change,0.0
account_00000056,2026-05-01,3200.9800000000005,3200.9800000000005,True,no_change,0.0
account_00000056,2026-06-01,3200.9800000000005,3200.9800000000005,True,no_change,0.0
account_00000069,2024-01-01,0.0,0.0,False,no_change,0.0
account_00000069,2024-02-01,0.0,0.0,False,no_change,0.0
account_00000069,2024-03-01,0.0,0.0,False,no_change,0.0
account_00000069,2024-04-01,452.0,0.0,False,new,452.0
account_00000069,2024-05-01,452.0,452.0,True,no_change,0.0
account_00000069,2024-06-01,452.0,452.0,True,no_change,0.0
account_00000069,2024-07-01,452.0,452.0,True,no_change,0.0
account_00000069,2024-08-01,452.0,452.0,True,no_change,0.0
account_00000069,2024-09-01,496.1,452.0,True,expansion,44.10000000000002
account_00000069,2024-10-01,496.1,496.1,True,no_change,0.0
account_00000069,2024-11-01,496.1,496.1,True,no_change,0.0
account_00000069,2024-12-01,496.1,496.1,True,no_change,0.0
account_00000069,2025-01-01,496.1,496.1,True,no_change,0.0
account_00000069,2025-02-01,496.1,496.1,True,no_change,0.0
account_00000069,2025-03-01,496.1,496.1,True,no_change,0.0
account_00000069,2025-04-01,496.1,496.1,True,no_change,0.0
account_00000069,2025-05-01,496.1,496.1,True,no_change,0.0
account_00000069,2025-06-01,496.1,496.1,True,no_change,0.0
account_00000069,2025-07-01,496.1,496.1,True,no_change,0.0
account_00000069,2025-08-01,496.1,496.1,True,no_change,0.0
account_00000069,2025-09-01,496.1,496.1,True,no_change,0.0
account_00000069,2025-10-01,496.1,496.1,True,no_change,0.0
account_00000069,2025-11-01,496.1,496.1,True,no_change,0.0
account_00000069,2025-12-01,496.1,496.1,True,no_change,0.0
account_00000069,2026-01-01,496.1,496.1,True,no_change,0.0
account_00000069,2026-02-01,602.24,496.1,True,expansion,106.13999999999999
account_00000069,2026-03-01,602.24,602.24,True,no_change,0.0
account_00000069,2026-04-01,602.24,602.24,True,no_change,0.0
account_00000069,2026-05-01,602.24,602.24,True,no_change,0.0
account_00000069,2026-06-01,602.24,602.24,True,no_change,0.0
account_00000079,2024-01-01,0.0,0.0,False,no_change,0.0
account_00000079,2024-02-01,0.0,0.0,False,no_change,0.0
account_00000079,2024-03-01,0.0,0.0,False,no_change,0.0
account_00000079,2024-04-01,0.0,0.0,False,no_change,0.0
account_00000079,2024-05-01,0.0,0.0,False,no_change,0.0
account_00000079,2024-06-01,0.0,0.0,False,no_change,0.0
account_00000079,2024-07-01,0.0,0.0,False,no_change,0.0
account_00000079,2024-08-01,0.0,0.0,False,no_change,0.0
account_00000079,2024-09-01,0.0,0.0,False,no_change,0.0
account_00000079,2024-10-01,0.0,0.0,False,no_change,0.0
account_00000079,2024-11-01,0.0,0.0,False,no_change,0.0
account_00000079,2024-12-01,0.0,0.0,False,no_change,0.0
account_00000079,2025-01-01,0.0,0.0,False,no_change,0.0
account_00000079,2025-02-01,0.0,0.0,False,no_change,0.0
account_00000079,2025-03-01,0.0,0.0,False,no_change,0.0
account_00000079,2025-04-01,0.0,0.0,False,no_change,0.0
account_00000079,2025-05-01,0.0,0.0,False,no_change,0.0
account_00000079,2025-06-01,0.0,0.0,False,no_change,0.0
account_00000079,2025-07-01,0.0,0.0,False,no_change,0.0
account_00000079,2025-08-01,0.0,0.0,False,no_change,0.0
account_00000079,2025-09-01,0.0,0.0,False,no_change,0.0
account_00000079,2025-10-01,1400.13,0.0,False,new,1400.13
account_00000079,2025-11-01,1400.13,1400.13,True,no_change,0.0
account_00000079,2025-12-01,1400.13,1400.13,True,no_change,0.0
account_00000079,2026-01-01,1887.84,1400.13,True,expansion,487.7099999999998
account_00000079,2026-02-01,1887.84,1887.84,True,no_change,0.0
account_00000079,2026-03-01,1887.84,1887.84,True,no_change,0.0
account_00000079,2026-04-01,1887.84,1887.84,True,no_change,0.0
account_00000079,2026-05-01,2156.94,1887.84,True,expansion,269.10000000000014
account_00000079,2026-06-01,2156.94,2156.94,True,no_change,0.0
account_00000080,2024-01-01,0.0,0.0,False,no_change,0.0
account_00000080,2024-02-01,0.0,0.0,False,no_change,0.0
account_00000080,2024-03-01,0.0,0.0,False,no_change,0.0
account_00000080,2024-04-01,0.0,0.0,False,no_change,0.0
account_00000080,2024-05-01,0.0,0.0,False,no_change,0.0
account_00000080,2024-06-01,0.0,0.0,False,no_change,0.0
account_00000080,2024-07-01,0.0,0.0,False,no_change,0.0
account_00000080,2024-08-01,0.0,0.0,False,no_change,0.0
account_00000080,2024-09-01,0.0,0.0,False,no_change,0.0
account_00000080,2024-10-01,0.0,0.0,False,no_change,0.0
account_00000080,2024-11-01,0.0,0.0,False,no_change,0.0
account_00000080,2024-12-01,0.0,0.0,False,no_change,0.0
account_00000080,2025-01-01,0.0,0.0,False,no_change,0.0
account_00000080,2025-02-01,0.0,0.0,False,no_change,0.0
account_00000080,2025-03-01,0.0,0.0,False,no_change,0.0
account_00000080,2025-04-01,0.0,0.0,False,no_change,0.0
account_00000080,2025-05-01,0.0,0.0,False,no_change,0.0
account_00000080,2025-06-01,0.0,0.0,False,no_change,0.0
account_00000080,2025-07-01,0.0,0.0,False,no_change,0.0
account_00000080,2025-08-01,0.0,0.0,False,no_change,0.0
account_00000080,2025-09-01,21184.59,0.0,False,new,21184.59
account_00000080,2025-10-01,21659.79,21184.59,True,expansion,475.2000000000007
account_00000080,2025-11-01,21659.79,21659.79,True,no_change,0.0
account_00000080,2025-12-01,21659.79,21659.79,True,no_change,0.0
account_00000080,2026-01-01,21721.89,21659.79,True,expansion,62.099999999998545
account_00000080,2026-02-01,21721.89,21721.89,True,no_change,0.0
account_00000080,2026-03-01,21721.89,21721.89,True,no_change,0.0
account_00000080,2026-04-01,21721.89,21721.89,True,no_change,0.0
account_00000080,2026-05-01,21721.89,21721.89,True,no_change,0.0
account_00000080,2026-06-01,21721.89,21721.89,True,no_change,0.0
account_00000083,2024-01-01,0.0,0.0,False,no_change,0.0
account_00000083,2024-02-01,0.0,0.0,False,no_change,0.0
account_00000083,2024-03-01,0.0,0.0,False,no_change,0.0
account_00000083,2024-04-01,0.0,0.0,False,no_change,0.0
account_00000083,2024-05-01,0.0,0.0,False,no_change,0.0
account_00000083,2024-06-01,0.0,0.0,False,no_change,0.0
account_00000083,2024-07-01,0.0,0.0,False,no_change,0.0
account_00000083,2024-08-01,251.0,0.0,False,new,251.0
account_00000083,2024-09-01,251.0,251.0,True,no_change,0.0
account_00000083,2024-10-01,251.0,251.0,True,no_change,0.0
account_00000083,2024-11-01,251.0,251.0,True,no_change,0.0
account_00000083,2024-12-01,251.0,251.0,True,no_change,0.0
account_00000083,2025-01-01,251.0,251.0,True,no_change,0.0
account_00000083,2025-02-01,251.0,251.0,True,no_change,0.0
account_00000083,2025-03-01,251.0,251.0,True,no_change,0.0
account_00000083,2025-04-01,251.0,251.0,True,no_change,0.0
account_00000083,2025-05-01,251.0,251.0,True,no_change,0.0
account_00000083,2025-06-01,251.0,251.0,True,no_change,0.0
account_00000083,2025-07-01,251.0,251.0,True,no_change,0.0
account_00000083,2025-08-01,251.0,251.0,True,no_change,0.0
account_00000083,2025-09-01,251.0,251.0,True,no_change,0.0
account_00000083,2025-10-01,251.0,251.0,True,no_change,0.0
account_00000083,2025-11-01,251.0,251.0,True,no_change,0.0
account_00000083,2025-12-01,251.0,251.0,True,no_change,0.0
account_00000083,2026-01-01,251.0,251.0,True,no_change,0.0
account_00000083,2026-02-01,251.0,251.0,True,no_change,0.0
account_00000083,2026-03-01,251.0,251.0,True,no_change,0.0
account_00000083,2026-04-01,251.0,251.0,True,no_change,0.0
account_00000083,2026-05-01,251.0,251.0,True,no_change,0.0
account_00000083,2026-06-01,251.0,251.0,True,no_change,0.0
account_00000085,2024-01-01,0.0,0.0,False,no_change,0.0
account_00000085,2024-02-01,0.0,0.0,False,no_change,0.0
account_00000085,2024-03-01,53.55,0.0,False,new,53.55
account_00000085,2024-04-01,53.55,53.55,True,no_change,0.0
account_00000085,2024-05-01,63.75,53.55,True,expansion,10.200000000000003
account_00000085,2024-06-01,63.75,63.75,True,no_change,0.0
account_00000085,2024-07-01,63.75,63.75,True,no_change,0.0
account_00000085,2024-08-01,63.75,63.75,True,no_change,0.0
account_00000085,2024-09-01,63.75,63.75,True,no_change,0.0
account_00000085,2024-10-01,63.75,63.75,True,no_change,0.0
account_00000085,2024-11-01,63.75,63.75,True,no_change,0.0
account_00000085,2024-12-01,63.75,63.75,True,no_change,0.0
account_00000085,2025-01-01,63.75,63.75,True,no_change,0.0
account_00000085,2025-02-01,63.75,63.75,True,no_change,0.0
account_00000085,2025-03-01,63.75,63.75,True,no_change,0.0
account_00000085,2025-04-01,63.75,63.75,True,no_change,0.0
account_00000085,2025-05-01,0.0,63.75,True,churn,-63.75
account_00000085,2025-06-01,0.0,0.0,True,no_change,0.0
account_00000085,2025-07-01,0.0,0.0,True,no_change,0.0
account_00000085,2025-08-01,0.0,0.0,True,no_change,0.0
account_00000085,2025-09-01,0.0,0.0,True,no_change,0.0
account_00000085,2025-10-01,0.0,0.0,True,no_change,0.0
account_00000085,2025-11-01,0.0,0.0,True,no_change,0.0
account_00000085,2025-12-01,0.0,0.0,True,no_change,0.0
account_00000085,2026-01-01,0.0,0.0,True,no_change,0.0
account_00000085,2026-02-01,0.0,0.0,True,no_change,0.0
account_00000085,2026-03-01,0.0,0.0,True,no_change,0.0
account_00000085,2026-04-01,0.0,0.0,True,no_change,0.0
account_00000085,2026-05-01,0.0,0.0,True,no_change,0.0
account_00000085,2026-06-01,0.0,0.0,True,no_change,0.0
account_00000086,2024-01-01,0.0,0.0,False,no_change,0.0
account_00000086,2024-02-01,0.0,0.0,False,no_change,0.0
account_00000086,2024-03-01,0.0,0.0,False,no_change,0.0
account_00000086,2024-04-01,0.0,0.0,False,no_change,0.0
account_00000086,2024-05-01,0.0,0.0,False,no_change,0.0
account_00000086,2024-06-01,0.0,0.0,False,no_change,0.0
account_00000086,2024-07-01,0.0,0.0,False,no_change,0.0
account_00000086,2024-08-01,0.0,0.0,False,no_change,0.0
account_00000086,2024-09-01,0.0,0.0,False,no_change,0.0
account_00000086,2024-10-01,0.0,0.0,False,no_change,0.0
account_00000086,2024-11-01,0.0,0.0,False,no_change,0.0
account_00000086,2024-12-01,0.0,0.0,False,no_change,0.0
account_00000086,2025-01-01,0.0,0.0,False,no_change,0.0
account_00000086,2025-02-01,0.0,0.0,False,no_change,0.0
account_00000086,2025-03-01,0.0,0.0,False,no_change,0.0
account_00000086,2025-04-01,0.0,0.0,False,no_change,0.0
account_00000086,2025-05-01,0.0,0.0,False,no_change,0.0
account_00000086,2025-06-01,0.0,0.0,False,no_change,0.0
account_00000086,2025-07-01,0.0,0.0,False,no_change,0.0
account_00000086,2025-08-01,0.0,0.0,False,no_change,0.0
account_00000086,2025-09-01,0.0,0.0,False,no_change,0.0
account_00000086,2025-10-01,0.0,0.0,False,no_change,0.0
account_00000086,2025-11-01,0.0,0.0,False,no_change,0.0
account_00000086,2025-12-01,42.12,0.0,False,new,42.12
account_00000086,2026-01-01,42.12,42.12,True,no_change,0.0
account_00000086,2026-02-01,42.12,42.12,True,no_change,0.0
account_00000086,2026-03-01,42.12,42.12,True,no_change,0.0
account_00000086,2026-04-01,42.12,42.12,True,no_change,0.0
account_00000086,2026-05-01,42.12,42.12,True,no_change,0.0
account_00000086,2026-06-01,42.12,42.12,True,no_change,0.0
account_00000087,2024-01-01,0.0,0.0,False,no_change,0.0
account_00000087,2024-02-01,0.0,0.0,False,no_change,0.0
account_00000087,2024-03-01,0.0,0.0,False,no_change,0.0
account_00000087,2024-04-01,0.0,0.0,False,no_change,0.0
account_00000087,2024-05-01,0.0,0.0,False,no_change,0.0
account_00000087,2024-06-01,0.0,0.0,False,no_change,0.0
account_00000087,2024-07-01,0.0,0.0,False,no_change,0.0
account_00000087,2024-08-01,0.0,0.0,False,no_change,0.0
account_00000087,2024-09-01,0.0,0.0,False,no_change,0.0
account_00000087,2024-10-01,0.0,0.0,False,no_change,0.0
account_00000087,2024-11-01,0.0,0.0,False,no_change,0.0
account_00000087,2024-12-01,0.0,0.0,False,no_change,0.0
account_00000087,2025-01-01,0.0,0.0,False,no_change,0.0
account_00000087,2025-02-01,244.98,0.0,False,new,244.98
account_00000087,2025-03-01,244.98,244.98,True,no_change,0.0
account_00000087,2025-04-01,244.98,244.98,True,no_change,0.0
account_00000087,2025-05-01,244.98,244.98,True,no_change,0.0
account_00000087,2025-06-01,244.98,244.98,True,no_change,0.0
account_00000087,2025-07-01,244.98,244.98,True,no_change,0.0
account_00000087,2025-08-01,244.98,244.98,True,no_change,0.0
account_00000087,2025-09-01,244.98,244.98,True,no_change,0.0
account_00000087,2025-10-01,244.98,244.98,True,no_change,0.0
account_00000087,2025-11-01,244.98,244.98,True,no_change,0.0
account_00000087,2025-12-01,244.98,244.98,True,no_change,0.0
account_00000087,2026-01-01,313.55,244.98,True,expansion,68.57000000000002
account_00000087,2026-02-01,313.55,313.55,True,no_change,0.0
account_00000087,2026-03-01,313.55,313.55,True,no_change,0.0
account_00000087,2026-04-01,313.55,313.55,True,no_change,0.0
account_00000087,2026-05-01,313.55,313.55,True,no_change,0.0
account_00000087,2026-06-01,313.55,313.55,True,no_change,0.0
account_00000089,2024-01-01,0.0,0.0,False,no_change,0.0
account_00000089,2024-02-01,0.0,0.0,False,no_change,0.0
account_00000089,2024-03-01,0.0,0.0,False,no_change,0.0
account_00000089,2024-04-01,0.0,0.0,False,no_change,0.0
account_00000089,2024-05-01,0.0,0.0,False,no_change,0.0
account_00000089,2024-06-01,0.0,0.0,False,no_change,0.0
account_00000089,2024-07-01,0.0,0.0,False,no_change,0.0
account_00000089,2024-08-01,0.0,0.0,False,no_change,0.0
account_00000089,2024-09-01,0.0,0.0,False,no_change,0.0
account_00000089,2024-10-01,0.0,0.0,False,no_change,0.0
account_00000089,2024-11-01,0.0,0.0,False,no_change,0.0
account_00000089,2024-12-01,112.34,0.0,False,new,112.34
account_00000089,2025-01-01,112.34,112.34,True,no_change,0.0
account_00000089,2025-02-01,112.34,112.34,True,no_change,0.0
account_00000089,2025-03-01,112.34,112.34,True,no_change,0.0
account_00000089,2025-04-01,112.34,112.34,True,no_change,0.0
account_00000089,2025-05-01,112.34,112.34,True,no_change,0.0
account_00000089,2025-06-01,112.34,112.34,True,no_change,0.0
account_00000089,2025-07-01,112.34,112.34,True,no_change,0.0
account_00000089,2025-08-01,112.34,112.34,True,no_change,0.0
account_00000089,2025-09-01,112.34,112.34,True,no_change,0.0
account_00000089,2025-10-01,112.34,112.34,True,no_change,0.0
account_00000089,2025-11-01,112.34,112.34,True,no_change,0.0
account_00000089,2025-12-01,112.34,112.34,True,no_change,0.0
account_00000089,2026-01-01,104.5,112.34,True,contraction,-7.840000000000003
account_00000089,2026-02-01,104.5,104.5,True,no_change,0.0
account_00000089,2026-03-01,138.15,104.5,True,expansion,33.650000000000006
account_00000089,2026-04-01,138.15,138.15,True,no_change,0.0
account_00000089,2026-05-01,138.15,138.15,True,no_change,0.0
account_00000089,2026-06-01,138.15,138.15,True,no_change,0.0
account_00000092,2024-01-01,0.0,0.0,False,no_change,0.0
account_00000092,2024-02-01,0.0,0.0,False,no_change,0.0
account_00000092,2024-03-01,0.0,0.0,False,no_change,0.0
account_00000092,2024-04-01,0.0,0.0,False,no_change,0.0
account_00000092,2024-05-01,0.0,0.0,False,no_change,0.0
account_00000092,2024-06-01,0.0,0.0,False,no_change,0.0
account_00000092,2024-07-01,0.0,0.0,False,no_change,0.0
account_00000092,2024-08-01,0.0,0.0,False,no_change,0.0
account_00000092,2024-09-01,0.0,0.0,False,no_change,0.0
account_00000092,2024-10-01,0.0,0.0,False,no_change,0.0
account_00000092,2024-11-01,0.0,0.0,False,no_change,0.0
account_00000092,2024-12-01,0.0,0.0,False,no_change,0.0
account_00000092,2025-01-01,0.0,0.0,False,no_change,0.0
account_00000092,2025-02-01,0.0,0.0,False,no_change,0.0
account_00000092,2025-03-01,0.0,0.0,False,no_change,0.0
account_00000092,2025-04-01,0.0,0.0,False,no_change,0.0
account_00000092,2025-05-01,0.0,0.0,False,no_change,0.0
account_00000092,2025-06-01,0.0,0.0,False,no_change,0.0
account_00000092,2025-07-01,0.0,0.0,False,no_change,0.0
account_00000092,2025-08-01,0.0,0.0,False,no_change,0.0
account_00000092,2025-09-01,0.0,0.0,False,no_change,0.0
account_00000092,2025-10-01,0.0,0.0,False,no_change,0.0
account_00000092,2025-11-01,0.0,0.0,False,no_change,0.0
account_00000092,2025-12-01,0.0,0.0,False,no_change,0.0
account_00000092,2026-01-01,0.0,0.0,False,no_change,0.0
account_00000092,2026-02-01,35.8,0.0,False,new,35.8
account_00000092,2026-03-01,35.8,35.8,True,no_change,0.0
account_00000092,2026-04-01,35.8,35.8,True,no_change,0.0
account_00000092,2026-05-01,35.8,35.8,True,no_change,0.0
account_00000092,2026-06-01,35.8,35.8,True,no_change,0.0
account_00000093,2024-01-01,0.0,0.0,False,no_change,0.0
account_00000093,2024-02-01,0.0,0.0,False,no_change,0.0
account_00000093,2024-03-01,0.0,0.0,False,no_change,0.0
account_00000093,2024-04-01,0.0,0.0,False,no_change,0.0
account_00000093,2024-05-01,0.0,0.0,False,no_change,0.0
account_00000093,2024-06-01,0.0,0.0,False,no_change,0.0
account_00000093,2024-07-01,0.0,0.0,False,no_change,0.0
account_00000093,2024-08-01,0.0,0.0,False,no_change,0.0
account_00000093,2024-09-01,0.0,0.0,False,no_change,0.0
account_00000093,2024-10-01,0.0,0.0,False,no_change,0.0
account_00000093,2024-11-01,50.87,0.0,False,new,50.87
account_00000093,2024-12-01,50.87,50.87,True,no_change,0.0
account_00000093,2025-01-01,50.87,50.87,True,no_change,0.0
account_00000093,2025-02-01,50.87,50.87,True,no_change,0.0
account_00000093,2025-03-01,50.87,50.87,True,no_change,0.0
account_00000093,2025-04-01,50.87,50.87,True,no_change,0.0
account_00000093,2025-05-01,50.87,50.87,True,no_change,0.0
account_00000093,2025-06-01,50.87,50.87,True,no_change,0.0
account_00000093,2025-07-01,50.87,50.87,True,no_change,0.0
account_00000093,2025-08-01,50.87,50.87,True,no_change,0.0
account_00000093,2025-09-01,50.87,50.87,True,no_change,0.0
account_00000093,2025-10-01,50.87,50.87,True,no_change,0.0
account_00000093,2025-11-01,50.87,50.87,True,no_change,0.0
account_00000093,2025-12-01,50.87,50.87,True,no_change,0.0
account_00000093,2026-01-01,50.87,50.87,True,no_change,0.0
account_00000093,2026-02-01,50.87,50.87,True,no_change,0.0
account_00000093,2026-03-01,65.41,50.87,True,expansion,14.54
account_00000093,2026-04-01,65.41,65.41,True,no_change,0.0
account_00000093,2026-05-01,65.41,65.41,True,no_change,0.0
account_00000093,2026-06-01,65.41,65.41,True,no_change,0.0
account_00000094,2024-01-01,0.0,0.0,False,no_change,0.0
account_00000094,2024-02-01,0.0,0.0,False,no_change,0.0
account_00000094,2024-03-01,0.0,0.0,False,no_change,0.0
account_00000094,2024-04-01,0.0,0.0,False,no_change,0.0
account_00000094,2024-05-01,0.0,0.0,False,no_change,0.0
account_00000094,2024-06-01,0.0,0.0,False,no_change,0.0
account_00000094,2024-07-01,0.0,0.0,False,no_change,0.0
account_00000094,2024-08-01,0.0,0.0,False,no_change,0.0
account_00000094,2024-09-01,0.0,0.0,False,no_change,0.0
account_00000094,2024-10-01,0.0,0.0,False,no_change,0.0
account_00000094,2024-11-01,0.0,0.0,False,no_change,0.0
account_00000094,2024-12-01,0.0,0.0,False,no_change,0.0
account_00000094,2025-01-01,0.0,0.0,False,no_change,0.0
account_00000094,2025-02-01,0.0,0.0,False,no_change,0.0
account_00000094,2025-03-01,0.0,0.0,False,no_change,0.0
account_00000094,2025-04-01,0.0,0.0,False,no_change,0.0
account_00000094,2025-05-01,0.0,0.0,False,no_change,0.0
account_00000094,2025-06-01,0.0,0.0,False,no_change,0.0
account_00000094,2025-07-01,0.0,0.0,False,no_change,0.0
account_00000094,2025-08-01,0.0,0.0,False,no_change,0.0
account_00000094,2025-09-01,0.0,0.0,False,no_change,0.0
account_00000094,2025-10-01,0.0,0.0,False,no_change,0.0
account_00000094,2025-11-01,0.0,0.0,False,no_change,0.0
account_00000094,2025-12-01,0.0,0.0,False,no_change,0.0
account_00000094,2026-01-01,0.0,0.0,False,no_change,0.0
account_00000094,2026-02-01,312.12,0.0,False,new,312.12
account_00000094,2026-03-01,312.12,312.12,True,no_change,0.0
account_00000094,2026-04-01,611.12,312.12,True,expansion,299.0
account_00000094,2026-05-01,1079.12,611.12,True,expansion,467.9999999999999
account_00000094,2026-06-01,1079.12,1079.12,True,no_change,0.0
account_00000095,2024-01-01,0.0,0.0,False,no_change,0.0
account_00000095,2024-02-01,0.0,0.0,False,no_change,0.0
account_00000095,2024-03-01,0.0,0.0,False,no_change,0.0
account_00000095,2024-04-01,0.0,0.0,False,no_change,0.0
account_00000095,2024-05-01,0.0,0.0,False,no_change,0.0
account_00000095,2024-06-01,0.0,0.0,False,no_change,0.0
account_00000095,2024-07-01,0.0,0.0,False,no_change,0.0
account_00000095,2024-08-01,0.0,0.0,False,no_change,0.0
account_00000095,2024-09-01,0.0,0.0,False,no_change,0.0
account_00000095,2024-10-01,0.0,0.0,False,no_change,0.0
account_00000095,2024-11-01,0.0,0.0,False,no_change,0.0
account_00000095,2024-12-01,0.0,0.0,False,no_change,0.0
account_00000095,2025-01-01,0.0,0.0,False,no_change,0.0
account_00000095,2025-02-01,0.0,0.0,False,no_change,0.0
account_00000095,2025-03-01,0.0,0.0,False,no_change,0.0
account_00000095,2025-04-01,0.0,0.0,False,no_change,0.0
account_00000095,2025-05-01,4500.58,0.0,False,new,4500.58
account_00000095,2025-06-01,4500.58,4500.58,True,no_change,0.0
account_00000095,2025-07-01,4500.58,4500.58,True,no_change,0.0
account_00000095,2025-08-01,4500.58,4500.58,True,no_change,0.0
account_00000095,2025-09-01,5277.74,4500.58,True,expansion,777.1599999999999
account_00000095,2025-10-01,5277.74,5277.74,True,no_change,0.0
account_00000095,2025-11-01,5277.74,5277.74,True,no_change,0.0
account_00000095,2025-12-01,5277.74,5277.74,True,no_change,0.0
account_00000095,2026-01-01,5277.74,5277.74,True,no_change,0.0
account_00000095,2026-02-01,5277.74,5277.74,True,no_change,0.0
account_00000095,2026-03-01,5277.74,5277.74,True,no_change,0.0
account_00000095,2026-04-01,6031.24,5277.74,True,expansion,753.5
account_00000095,2026-05-01,6031.24,6031.24,True,no_change,0.0
account_00000095,2026-06-01,0.0,6031.24,True,churn,-6031.24
account_00000100,2024-01-01,0.0,0.0,False,no_change,0.0
account_00000100,2024-02-01,0.0,0.0,False,no_change,0.0
account_00000100,2024-03-01,0.0,0.0,False,no_change,0.0
account_00000100,2024-04-01,0.0,0.0,False,no_change,0.0
account_00000100,2024-05-01,0.0,0.0,False,no_change,0.0
account_00000100,2024-06-01,0.0,0.0,False,no_change,0.0
account_00000100,2024-07-01,0.0,0.0,False,no_change,0.0
account_00000100,2024-08-01,0.0,0.0,False,no_change,0.0
account_00000100,2024-09-01,0.0,0.0,False,no_change,0.0
account_00000100,2024-10-01,0.0,0.0,False,no_change,0.0
account_00000100,2024-11-01,0.0,0.0,False,no_change,0.0
account_00000100,2024-12-01,0.0,0.0,False,no_change,0.0
account_00000100,2025-01-01,0.0,0.0,False,no_change,0.0
account_00000100,2025-02-01,0.0,0.0,False,no_change,0.0
account_00000100,2025-03-01,0.0,0.0,False,no_change,0.0
account_00000100,2025-04-01,0.0,0.0,False,no_change,0.0
account_00000100,2025-05-01,0.0,0.0,False,no_change,0.0
account_00000100,2025-06-01,0.0,0.0,False,no_change,0.0
account_00000100,2025-07-01,0.0,0.0,False,no_change,0.0
account_00000100,2025-08-01,0.0,0.0,False,no_change,0.0
account_00000100,2025-09-01,0.0,0.0,False,no_change,0.0
account_00000100,2025-10-01,0.0,0.0,False,no_change,0.0
account_00000100,2025-11-01,0.0,0.0,False,no_change,0.0
account_00000100,2025-12-01,0.0,0.0,False,no_change,0.0
account_00000100,2026-01-01,0.0,0.0,False,no_change,0.0
account_00000100,2026-02-01,0.0,0.0,False,no_change,0.0
account_00000100,2026-03-01,0.0,0.0,False,no_change,0.0
account_00000100,2026-04-01,0.0,0.0,False,no_change,0.0
account_00000100,2026-05-01,106.92,0.0,False,new,106.92
account_00000100,2026-06-01,106.92,106.92,True,no_change,0.0
account_00000101,2024-01-01,0.0,0.0,False,no_change,0.0
account_00000101,2024-02-01,0.0,0.0,False,no_change,0.0
account_00000101,2024-03-01,0.0,0.0,False,no_change,0.0
account_00000101,2024-04-01,0.0,0.0,False,no_change,0.0
account_00000101,2024-05-01,0.0,0.0,False,no_change,0.0
account_00000101,2024-06-01,0.0,0.0,False,no_change,0.0
account_00000101,2024-07-01,0.0,0.0,False,no_change,0.0
account_00000101,2024-08-01,0.0,0.0,False,no_change,0.0
account_00000101,2024-09-01,0.0,0.0,False,no_change,0.0
account_00000101,2024-10-01,0.0,0.0,False,no_change,0.0
account_00000101,2024-11-01,0.0,0.0,False,no_change,0.0
account_00000101,2024-12-01,0.0,0.0,False,no_change,0.0
account_00000101,2025-01-01,0.0,0.0,False,no_change,0.0
account_00000101,2025-02-01,0.0,0.0,False,no_change,0.0
account_00000101,2025-03-01,0.0,0.0,False,no_change,0.0
account_00000101,2025-04-01,0.0,0.0,False,no_change,0.0
account_00000101,2025-05-01,0.0,0.0,False,no_change,0.0
account_00000101,2025-06-01,0.0,0.0,False,no_change,0.0
account_00000101,2025-07-01,0.0,0.0,False,no_change,0.0
account_00000101,2025-08-01,0.0,0.0,False,no_change,0.0
account_00000101,2025-09-01,0.0,0.0,False,no_change,0.0
account_00000101,2025-10-01,0.0,0.0,False,no_change,0.0
account_00000101,2025-11-01,0.0,0.0,False,no_change,0.0
account_00000101,2025-12-01,0.0,0.0,False,no_change,0.0
account_00000101,2026-01-01,0.0,0.0,False,no_change,0.0
account_00000101,2026-02-01,0.0,0.0,False,no_change,0.0
account_00000101,2026-03-01,0.0,0.0,False,no_change,0.0
account_00000101,2026-04-01,0.0,0.0,False,no_change,0.0
account_00000101,2026-05-01,87.67,0.0,False,new,87.67
account_00000101,2026-06-01,87.67,87.67,True,no_change,0.0
account_00000104,2024-01-01,0.0,0.0,False,no_change,0.0
account_00000104,2024-02-01,0.0,0.0,False,no_change,0.0
account_00000104,2024-03-01,0.0,0.0,False,no_change,0.0
account_00000104,2024-04-01,0.0,0.0,False,no_change,0.0
account_00000104,2024-05-01,0.0,0.0,False,no_change,0.0
account_00000104,2024-06-01,0.0,0.0,False,no_change,0.0
account_00000104,2024-07-01,0.0,0.0,False,no_change,0.0
account_00000104,2024-08-01,43.35,0.0,False,new,43.35
account_00000104,2024-09-01,43.35,43.35,True,no_change,0.0
account_00000104,2024-10-01,159.45,43.35,True,expansion,116.1
account_00000104,2024-11-01,159.45,159.45,True,no_change,0.0
account_00000104,2024-12-01,159.45,159.45,True,no_change,0.0
account_00000104,2025-01-01,159.45,159.45,True,no_change,0.0
account_00000104,2025-02-01,159.45,159.45,True,no_change,0.0
account_00000104,2025-03-01,159.45,159.45,True,no_change,0.0
account_00000104,2025-04-01,159.45,159.45,True,no_change,0.0
account_00000104,2025-05-01,159.45,159.45,True,no_change,0.0
account_00000104,2025-06-01,159.45,159.45,True,no_change,0.0
account_00000104,2025-07-01,159.45,159.45,True,no_change,0.0
account_00000104,2025-08-01,159.45,159.45,True,no_change,0.0
account_00000104,2025-09-01,159.45,159.45,True,no_change,0.0
account_00000104,2025-10-01,159.45,159.45,True,no_change,0.0
account_00000104,2025-11-01,159.45,159.45,True,no_change,0.0
account_00000104,2025-12-01,159.45,159.45,True,no_change,0.0
account_00000104,2026-01-01,159.45,159.45,True,no_change,0.0
account_00000104,2026-02-01,159.45,159.45,True,no_change,0.0
account_00000104,2026-03-01,159.45,159.45,True,no_change,0.0
account_00000104,2026-04-01,159.45,159.45,True,no_change,0.0
account_00000104,2026-05-01,159.45,159.45,True,no_change,0.0
account_00000104,2026-06-01,159.45,159.45,True,no_change,0.0
account_00000105,2024-01-01,0.0,0.0,False,no_change,0.0
account_00000105,2024-02-01,0.0,0.0,False,no_change,0.0
account_00000105,2024-03-01,0.0,0.0,False,no_change,0.0
account_00000105,2024-04-01,0.0,0.0,False,no_change,0.0
account_00000105,2024-05-01,0.0,0.0,False,no_change,0.0
account_00000105,2024-06-01,0.0,0.0,False,no_change,0.0
account_00000105,2024-07-01,0.0,0.0,False,no_change,0.0
account_00000105,2024-08-01,0.0,0.0,False,no_change,0.0
account_00000105,2024-09-01,0.0,0.0,False,no_change,0.0
account_00000105,2024-10-01,0.0,0.0,False,no_change,0.0
account_00000105,2024-11-01,0.0,0.0,False,no_change,0.0
account_00000105,2024-12-01,0.0,0.0,False,no_change,0.0
account_00000105,2025-01-01,0.0,0.0,False,no_change,0.0
account_00000105,2025-02-01,0.0,0.0,False,no_change,0.0
account_00000105,2025-03-01,0.0,0.0,False,no_change,0.0
account_00000105,2025-04-01,0.0,0.0,False,no_change,0.0
account_00000105,2025-05-01,0.0,0.0,False,no_change,0.0
account_00000105,2025-06-01,0.0,0.0,False,no_change,0.0
account_00000105,2025-07-01,0.0,0.0,False,no_change,0.0
account_00000105,2025-08-01,0.0,0.0,False,no_change,0.0
account_00000105,2025-09-01,0.0,0.0,False,no_change,0.0
account_00000105,2025-10-01,0.0,0.0,False,no_change,0.0
account_00000105,2025-11-01,0.0,0.0,False,no_change,0.0
account_00000105,2025-12-01,0.0,0.0,False,no_change,0.0
account_00000105,2026-01-01,0.0,0.0,False,no_change,0.0
account_00000105,2026-02-01,0.0,0.0,False,no_change,0.0
account_00000105,2026-03-01,0.0,0.0,False,no_change,0.0
account_00000105,2026-04-01,0.0,0.0,False,no_change,0.0
account_00000105,2026-05-01,212.06,0.0,False,new,212.06
account_00000105,2026-06-01,212.06,212.06,True,no_change,0.0
account_00000106,2024-01-01,0.0,0.0,False,no_change,0.0
account_00000106,2024-02-01,0.0,0.0,False,no_change,0.0
account_00000106,2024-03-01,0.0,0.0,False,no_change,0.0
account_00000106,2024-04-01,0.0,0.0,False,no_change,0.0
account_00000106,2024-05-01,160.69,0.0,False,new,160.69
account_00000106,2024-06-01,160.69,160.69,True,no_change,0.0
account_00000106,2024-07-01,160.69,160.69,True,no_change,0.0
account_00000106,2024-08-01,160.69,160.69,True,no_change,0.0
account_00000106,2024-09-01,160.69,160.69,True,no_change,0.0
account_00000106,2024-10-01,160.69,160.69,True,no_change,0.0
account_00000106,2024-11-01,160.69,160.69,True,no_change,0.0
account_00000106,2024-12-01,160.69,160.69,True,no_change,0.0
account_00000106,2025-01-01,160.69,160.69,True,no_change,0.0
account_00000106,2025-02-01,160.69,160.69,True,no_change,0.0
account_00000106,2025-03-01,160.69,160.69,True,no_change,0.0
account_00000106,2025-04-01,160.69,160.69,True,no_change,0.0
account_00000106,2025-05-01,160.69,160.69,True,no_change,0.0
account_00000106,2025-06-01,160.69,160.69,True,no_change,0.0
account_00000106,2025-07-01,204.5,160.69,True,expansion,43.81
account_00000106,2025-08-01,204.5,204.5,True,no_change,0.0
account_00000106,2025-09-01,204.5,204.5,True,no_change,0.0
account_00000106,2025-10-01,204.5,204.5,True,no_change,0.0
account_00000106,2025-11-01,204.5,204.5,True,no_change,0.0
account_00000106,2025-12-01,204.5,204.5,True,no_change,0.0
account_00000106,2026-01-01,173.54,204.5,True,contraction,-30.960000000000008
account_00000106,2026-02-01,173.54,173.54,True,no_change,0.0
account_00000106,2026-03-01,173.54,173.54,True,no_change,0.0
account_00000106,2026-04-01,173.54,173.54,True,no_change,0.0
account_00000106,2026-05-01,173.54,173.54,True,no_change,0.0
account_00000106,2026-06-01,173.54,173.54,True,no_change,0.0
account_00000108,2024-01-01,0.0,0.0,False,no_change,0.0
account_00000108,2024-02-01,0.0,0.0,False,no_change,0.0
account_00000108,2024-03-01,0.0,0.0,False,no_change,0.0
account_00000108,2024-04-01,0.0,0.0,False,no_change,0.0
account_00000108,2024-05-01,0.0,0.0,False,no_change,0.0
account_00000108,2024-06-01,0.0,0.0,False,no_change,0.0
account_00000108,2024-07-01,0.0,0.0,False,no_change,0.0
account_00000108,2024-08-01,0.0,0.0,False,no_change,0.0
account_00000108,2024-09-01,0.0,0.0,False,no_change,0.0
account_00000108,2024-10-01,0.0,0.0,False,no_change,0.0
account_00000108,2024-11-01,0.0,0.0,False,no_change,0.0
account_00000108,2024-12-01,0.0,0.0,False,no_change,0.0
account_00000108,2025-01-01,0.0,0.0,False,no_change,0.0
account_00000108,2025-02-01,0.0,0.0,False,no_change,0.0
account_00000108,2025-03-01,0.0,0.0,False,no_change,0.0
account_00000108,2025-04-01,0.0,0.0,False,no_change,0.0
account_00000108,2025-05-01,26961.64,0.0,False,new,26961.64
account_00000108,2025-06-01,26961.64,26961.64,True,no_change,0.0
account_00000108,2025-07-01,26961.64,26961.64,True,no_change,0.0
account_00000108,2025-08-01,27005.739999999998,26961.64,True,expansion,44.099999999998545
account_00000108,2025-09-01,27005.739999999998,27005.739999999998,True,no_change,0.0
account_00000108,2025-10-01,27005.739999999998,27005.739999999998,True,no_change,0.0
account_00000108,2025-11-01,27005.739999999998,27005.739999999998,True,no_change,0.0
account_00000108,2025-12-01,27274.84,27005.739999999998,True,expansion,269.1000000000022
account_00000108,2026-01-01,27274.84,27274.84,True,no_change,0.0
account_00000108,2026-02-01,27274.84,27274.84,True,no_change,0.0
account_00000108,2026-03-01,27274.84,27274.84,True,no_change,0.0
account_00000108,2026-04-01,27274.84,27274.84,True,no_change,0.0
account_00000108,2026-05-01,27274.84,27274.84,True,no_change,0.0
account_00000108,2026-06-01,27274.84,27274.84,True,no_change,0.0
account_00000110,2024-01-01,0.0,0.0,False,no_change,0.0
account_00000110,2024-02-01,0.0,0.0,False,no_change,0.0
account_00000110,2024-03-01,0.0,0.0,False,no_change,0.0
account_00000110,2024-04-01,0.0,0.0,False,no_change,0.0
account_00000110,2024-05-01,0.0,0.0,False,no_change,0.0
account_00000110,2024-06-01,0.0,0.0,False,no_change,0.0
account_00000110,2024-07-01,872.9,0.0,False,new,872.9
account_00000110,2024-08-01,1071.62,872.9,True,expansion,198.7199999999999
account_00000110,2024-09-01,1071.62,1071.62,True,no_change,0.0
account_00000110,2024-10-01,1071.62,1071.62,True,no_change,0.0
account_00000110,2024-11-01,1071.62,1071.62,True,no_change,0.0
account_00000110,2024-12-01,1071.62,1071.62,True,no_change,0.0
account_00000110,2025-01-01,1071.62,1071.62,True,no_change,0.0
account_00000110,2025-02-01,1071.62,1071.62,True,no_change,0.0
account_00000110,2025-03-01,1071.62,1071.62,True,no_change,0.0
account_00000110,2025-04-01,1071.62,1071.62,True,no_change,0.0
account_00000110,2025-05-01,1071.62,1071.62,True,no_change,0.0
account_00000110,2025-06-01,1071.62,1071.62,True,no_change,0.0
account_00000110,2025-07-01,1071.62,1071.62,True,no_change,0.0
account_00000110,2025-08-01,1071.62,1071.62,True,no_change,0.0
account_00000110,2025-09-01,1071.62,1071.62,True,no_change,0.0
account_00000110,2025-10-01,1071.62,1071.62,True,no_change,0.0
account_00000110,2025-11-01,1071.62,1071.62,True,no_change,0.0
account_00000110,2025-12-01,1071.62,1071.62,True,no_change,0.0
account_00000110,2026-01-01,1071.62,1071.62,True,no_change,0.0
account_00000110,2026-02-01,1071.62,1071.62,True,no_change,0.0
account_00000110,2026-03-01,1071.62,1071.62,True,no_change,0.0
account_00000110,2026-04-01,1071.62,1071.62,True,no_change,0.0
account_00000110,2026-05-01,1071.62,1071.62,True,no_change,0.0
account_00000110,2026-06-01,1071.62,1071.62,True,no_change,0.0
account_00000111,2024-01-01,0.0,0.0,False,no_change,0.0
account_00000111,2024-02-01,0.0,0.0,False,no_change,0.0
account_00000111,2024-03-01,0.0,0.0,False,no_change,0.0
account_00000111,2024-04-01,0.0,0.0,False,no_change,0.0
account_00000111,2024-05-01,0.0,0.0,False,no_change,0.0
account_00000111,2024-06-01,0.0,0.0,False,no_change,0.0
account_00000111,2024-07-01,0.0,0.0,False,no_change,0.0
account_00000111,2024-08-01,0.0,0.0,False,no_change,0.0
account_00000111,2024-09-01,0.0,0.0,False,no_change,0.0
account_00000111,2024-10-01,0.0,0.0,False,no_change,0.0
account_00000111,2024-11-01,0.0,0.0,False,no_change,0.0
account_00000111,2024-12-01,0.0,0.0,False,no_change,0.0
account_00000111,2025-01-01,156.0,0.0,False,new,156.0
account_00000111,2025-02-01,156.0,156.0,True,no_change,0.0
account_00000111,2025-03-01,405.0,156.0,True,expansion,249.0
account_00000111,2025-04-01,454.0,405.0,True,expansion,49.0
account_00000111,2025-05-01,454.0,454.0,True,no_change,0.0
account_00000111,2025-06-01,454.0,454.0,True,no_change,0.0
account_00000111,2025-07-01,454.0,454.0,True,no_change,0.0
account_00000111,2025-08-01,454.0,454.0,True,no_change,0.0
account_00000111,2025-09-01,487.0,454.0,True,expansion,33.0
account_00000111,2025-10-01,487.0,487.0,True,no_change,0.0
account_00000111,2025-11-01,487.0,487.0,True,no_change,0.0
account_00000111,2025-12-01,487.0,487.0,True,no_change,0.0
account_00000111,2026-01-01,487.0,487.0,True,no_change,0.0
account_00000111,2026-02-01,487.0,487.0,True,no_change,0.0
account_00000111,2026-03-01,487.0,487.0,True,no_change,0.0
account_00000111,2026-04-01,487.0,487.0,True,no_change,0.0
account_00000111,2026-05-01,487.0,487.0,True,no_change,0.0
account_00000111,2026-06-01,487.0,487.0,True,no_change,0.0
account_00000113,2024-01-01,0.0,0.0,False,no_change,0.0
account_00000113,2024-02-01,0.0,0.0,False,no_change,0.0
account_00000113,2024-03-01,0.0,0.0,False,no_change,0.0
account_00000113,2024-04-01,0.0,0.0,False,no_change,0.0
account_00000113,2024-05-01,0.0,0.0,False,no_change,0.0
account_00000113,2024-06-01,0.0,0.0,False,no_change,0.0
account_00000113,2024-07-01,0.0,0.0,False,no_change,0.0
account_00000113,2024-08-01,1213.0,0.0,False,new,1213.0
account_00000113,2024-09-01,1213.0,1213.0,True,no_change,0.0
account_00000113,2024-10-01,1213.0,1213.0,True,no_change,0.0
account_00000113,2024-11-01,1537.0,1213.0,True,expansion,324.0
account_00000113,2024-12-01,1537.0,1537.0,True,no_change,0.0
account_00000113,2025-01-01,1537.0,1537.0,True,no_change,0.0
account_00000113,2025-02-01,2029.0,1537.0,True,expansion,492.0
account_00000113,2025-03-01,2029.0,2029.0,True,no_change,0.0
account_00000113,2025-04-01,2029.0,2029.0,True,no_change,0.0
account_00000113,2025-05-01,2029.0,2029.0,True,no_change,0.0
account_00000113,2025-06-01,2029.0,2029.0,True,no_change,0.0
account_00000113,2025-07-01,2029.0,2029.0,True,no_change,0.0
account_00000113,2025-08-01,2029.0,2029.0,True,no_change,0.0
account_00000113,2025-09-01,2029.0,2029.0,True,no_change,0.0
account_00000113,2025-10-01,2029.0,2029.0,True,no_change,0.0
account_00000113,2025-11-01,2029.0,2029.0,True,no_change,0.0
account_00000113,2025-12-01,2029.0,2029.0,True,no_change,0.0
account_00000113,2026-01-01,2029.0,2029.0,True,no_change,0.0
account_00000113,2026-02-01,2029.0,2029.0,True,no_change,0.0
account_00000113,2026-03-01,2029.0,2029.0,True,no_change,0.0
account_00000113,2026-04-01,2375.52,2029.0,True,expansion,346.52
account_00000113,2026-05-01,2375.52,2375.52,True,no_change,0.0
account_00000113,2026-06-01,2787.0,2375.52,True,expansion,411.48
account_00000116,2024-01-01,0.0,0.0,False,no_change,0.0
account_00000116,2024-02-01,0.0,0.0,False,no_change,0.0
account_00000116,2024-03-01,0.0,0.0,False,no_change,0.0
account_00000116,2024-04-01,0.0,0.0,False,no_change,0.0
account_00000116,2024-05-01,0.0,0.0,False,no_change,0.0
account_00000116,2024-06-01,0.0,0.0,False,no_change,0.0
account_00000116,2024-07-01,0.0,0.0,False,no_change,0.0
account_00000116,2024-08-01,0.0,0.0,False,no_change,0.0
account_00000116,2024-09-01,0.0,0.0,False,no_change,0.0
account_00000116,2024-10-01,0.0,0.0,False,no_change,0.0
account_00000116,2024-11-01,0.0,0.0,False,no_change,0.0
account_00000116,2024-12-01,0.0,0.0,False,no_change,0.0
account_00000116,2025-01-01,0.0,0.0,False,no_change,0.0
account_00000116,2025-02-01,0.0,0.0,False,no_change,0.0
account_00000116,2025-03-01,0.0,0.0,False,no_change,0.0
account_00000116,2025-04-01,0.0,0.0,False,no_change,0.0
account_00000116,2025-05-01,0.0,0.0,False,no_change,0.0
account_00000116,2025-06-01,0.0,0.0,False,no_change,0.0
account_00000116,2025-07-01,0.0,0.0,False,no_change,0.0
account_00000116,2025-08-01,93.96,0.0,False,new,93.96
account_00000116,2025-09-01,93.96,93.96,True,no_change,0.0
account_00000116,2025-10-01,93.96,93.96,True,no_change,0.0
account_00000116,2025-11-01,93.96,93.96,True,no_change,0.0
account_00000116,2025-12-01,93.96,93.96,True,no_change,0.0
account_00000116,2026-01-01,182.95999999999998,93.96,True,expansion,88.99999999999999
account_00000116,2026-02-01,481.96,182.95999999999998,True,expansion,299.0
account_00000116,2026-03-01,610.96,481.96,True,expansion,129.00000000000006
account_00000116,2026-04-01,610.96,610.96,True,no_change,0.0
account_00000116,2026-05-01,610.96,610.96,True,no_change,0.0
account_00000116,2026-06-01,610.96,610.96,True,no_change,0.0
account_00000122,2024-01-01,0.0,0.0,False,no_change,0.0
account_00000122,2024-02-01,0.0,0.0,False,no_change,0.0
account_00000122,2024-03-01,0.0,0.0,False,no_change,0.0
account_00000122,2024-04-01,0.0,0.0,False,no_change,0.0
account_00000122,2024-05-01,0.0,0.0,False,no_change,0.0
account_00000122,2024-06-01,0.0,0.0,False,no_change,0.0
account_00000122,2024-07-01,0.0,0.0,False,no_change,0.0
account_00000122,2024-08-01,0.0,0.0,False,no_change,0.0
account_00000122,2024-09-01,0.0,0.0,False,no_change,0.0
account_00000122,2024-10-01,0.0,0.0,False,no_change,0.0
account_00000122,2024-11-01,0.0,0.0,False,no_change,0.0
account_00000122,2024-12-01,0.0,0.0,False,no_change,0.0
account_00000122,2025-01-01,0.0,0.0,False,no_change,0.0
account_00000122,2025-02-01,0.0,0.0,False,no_change,0.0
account_00000122,2025-03-01,0.0,0.0,False,no_change,0.0
account_00000122,2025-04-01,0.0,0.0,False,no_change,0.0
account_00000122,2025-05-01,0.0,0.0,False,no_change,0.0
account_00000122,2025-06-01,0.0,0.0,False,no_change,0.0
account_00000122,2025-07-01,0.0,0.0,False,no_change,0.0
account_00000122,2025-08-01,0.0,0.0,False,no_change,0.0
account_00000122,2025-09-01,0.0,0.0,False,no_change,0.0
account_00000122,2025-10-01,40.01,0.0,False,new,40.01
account_00000122,2025-11-01,40.01,40.01,True,no_change,0.0
account_00000122,2025-12-01,40.01,40.01,True,no_change,0.0
account_00000122,2026-01-01,40.01,40.01,True,no_change,0.0
account_00000122,2026-02-01,40.01,40.01,True,no_change,0.0
account_00000122,2026-03-01,40.01,40.01,True,no_change,0.0
account_00000122,2026-04-01,40.01,40.01,True,no_change,0.0
account_00000122,2026-05-01,358.01,40.01,True,expansion,318.0
account_00000122,2026-06-01,358.01,358.01,True,no_change,0.0
account_00000123,2024-01-01,0.0,0.0,False,no_change,0.0
account_00000123,2024-02-01,0.0,0.0,False,no_change,0.0
account_00000123,2024-03-01,0.0,0.0,False,no_change,0.0
account_00000123,2024-04-01,0.0,0.0,False,no_change,0.0
account_00000123,2024-05-01,0.0,0.0,False,no_change,0.0
account_00000123,2024-06-01,0.0,0.0,False,no_change,0.0
account_00000123,2024-07-01,0.0,0.0,False,no_change,0.0
account_00000123,2024-08-01,0.0,0.0,False,no_change,0.0
account_00000123,2024-09-01,0.0,0.0,False,no_change,0.0
account_00000123,2024-10-01,46.92,0.0,False,new,46.92
account_00000123,2024-11-01,46.92,46.92,True,no_change,0.0
account_00000123,2024-12-01,46.92,46.92,True,no_change,0.0
account_00000123,2025-01-01,46.92,46.92,True,no_change,0.0
account_00000123,2025-02-01,46.92,46.92,True,no_change,0.0
account_00000123,2025-03-01,46.92,46.92,True,no_change,0.0
account_00000123,2025-04-01,46.92,46.92,True,no_change,0.0
account_00000123,2025-05-01,62.6,46.92,True,expansion,15.68
account_00000123,2025-06-01,62.6,62.6,True,no_change,0.0
account_00000123,2025-07-01,62.6,62.6,True,no_change,0.0
account_00000123,2025-08-01,62.6,62.6,True,no_change,0.0
account_00000123,2025-09-01,62.6,62.6,True,no_change,0.0
account_00000123,2025-10-01,62.6,62.6,True,no_change,0.0
account_00000123,2025-11-01,62.6,62.6,True,no_change,0.0
account_00000123,2025-12-01,62.6,62.6,True,no_change,0.0
account_00000123,2026-01-01,62.6,62.6,True,no_change,0.0
account_00000123,2026-02-01,62.6,62.6,True,no_change,0.0
account_00000123,2026-03-01,62.6,62.6,True,no_change,0.0
account_00000123,2026-04-01,62.6,62.6,True,no_change,0.0
account_00000123,2026-05-01,62.6,62.6,True,no_change,0.0
account_00000123,2026-06-01,62.6,62.6,True,no_change,0.0
account_00000124,2024-01-01,0.0,0.0,False,no_change,0.0
account_00000124,2024-02-01,0.0,0.0,False,no_change,0.0
account_00000124,2024-03-01,0.0,0.0,False,no_change,0.0
account_00000124,2024-04-01,0.0,0.0,False,no_change,0.0
account_00000124,2024-05-01,0.0,0.0,False,no_change,0.0
account_00000124,2024-06-01,0.0,0.0,False,no_change,0.0
account_00000124,2024-07-01,0.0,0.0,False,no_change,0.0
account_00000124,2024-08-01,99.0,0.0,False,new,99.0
account_00000124,2024-09-01,99.0,99.0,True,no_change,0.0
account_00000124,2024-10-01,99.0,99.0,True,no_change,0.0
account_00000124,2024-11-01,99.0,99.0,True,no_change,0.0
account_00000124,2024-12-01,99.0,99.0,True,no_change,0.0
account_00000124,2025-01-01,99.0,99.0,True,no_change,0.0
account_00000124,2025-02-01,99.0,99.0,True,no_change,0.0
account_00000124,2025-03-01,99.0,99.0,True,no_change,0.0
account_00000124,2025-04-01,99.0,99.0,True,no_change,0.0
account_00000124,2025-05-01,99.0,99.0,True,no_change,0.0
account_00000124,2025-06-01,106.92,99.0,True,expansion,7.920000000000002
account_00000124,2025-07-01,106.92,106.92,True,no_change,0.0
account_00000124,2025-08-01,106.92,106.92,True,no_change,0.0
account_00000124,2025-09-01,106.92,106.92,True,no_change,0.0
account_00000124,2025-10-01,106.92,106.92,True,no_change,0.0
account_00000124,2025-11-01,106.92,106.92,True,no_change,0.0
account_00000124,2025-12-01,106.92,106.92,True,no_change,0.0
account_00000124,2026-01-01,106.92,106.92,True,no_change,0.0
account_00000124,2026-02-01,106.92,106.92,True,no_change,0.0
account_00000124,2026-03-01,106.92,106.92,True,no_change,0.0
account_00000124,2026-04-01,106.92,106.92,True,no_change,0.0
account_00000124,2026-05-01,106.92,106.92,True,no_change,0.0
account_00000124,2026-06-01,106.92,106.92,True,no_change,0.0
account_00000126,2024-01-01,0.0,0.0,False,no_change,0.0
account_00000126,2024-02-01,0.0,0.0,False,no_change,0.0
account_00000126,2024-03-01,0.0,0.0,False,no_change,0.0
account_00000126,2024-04-01,0.0,0.0,False,no_change,0.0
account_00000126,2024-05-01,0.0,0.0,False,no_change,0.0
account_00000126,2024-06-01,0.0,0.0,False,no_change,0.0
account_00000126,2024-07-01,0.0,0.0,False,no_change,0.0
account_00000126,2024-08-01,0.0,0.0,False,no_change,0.0
account_00000126,2024-09-01,0.0,0.0,False,no_change,0.0
account_00000126,2024-10-01,0.0,0.0,False,no_change,0.0
account_00000126,2024-11-01,0.0,0.0,False,no_change,0.0
account_00000126,2024-12-01,0.0,0.0,False,no_change,0.0
account_00000126,2025-01-01,0.0,0.0,False,no_change,0.0
account_00000126,2025-02-01,0.0,0.0,False,no_change,0.0
account_00000126,2025-03-01,0.0,0.0,False,no_change,0.0
account_00000126,2025-04-01,0.0,0.0,False,no_change,0.0
account_00000126,2025-05-01,0.0,0.0,False,no_change,0.0
account_00000126,2025-06-01,0.0,0.0,False,no_change,0.0
account_00000126,2025-07-01,0.0,0.0,False,no_change,0.0
account_00000126,2025-08-01,0.0,0.0,False,no_change,0.0
account_00000126,2025-09-01,0.0,0.0,False,no_change,0.0
account_00000126,2025-10-01,0.0,0.0,False,no_change,0.0
account_00000126,2025-11-01,0.0,0.0,False,no_change,0.0
account_00000126,2025-12-01,0.0,0.0,False,no_change,0.0
account_00000126,2026-01-01,0.0,0.0,False,no_change,0.0
account_00000126,2026-02-01,0.0,0.0,False,no_change,0.0
account_00000126,2026-03-01,35.8,0.0,False,new,35.8
account_00000126,2026-04-01,35.8,35.8,True,no_change,0.0
account_00000126,2026-05-01,35.8,35.8,True,no_change,0.0
account_00000126,2026-06-01,35.8,35.8,True,no_change,0.0
account_00000127,2024-01-01,0.0,0.0,False,no_change,0.0
account_00000127,2024-02-01,0.0,0.0,False,no_change,0.0
account_00000127,2024-03-01,0.0,0.0,False,no_change,0.0
account_00000127,2024-04-01,0.0,0.0,False,no_change,0.0
account_00000127,2024-05-01,0.0,0.0,False,no_change,0.0
account_00000127,2024-06-01,0.0,0.0,False,no_change,0.0
account_00000127,2024-07-01,0.0,0.0,False,no_change,0.0
account_00000127,2024-08-01,0.0,0.0,False,no_change,0.0
account_00000127,2024-09-01,0.0,0.0,False,no_change,0.0
account_00000127,2024-10-01,0.0,0.0,False,no_change,0.0
account_00000127,2024-11-01,0.0,0.0,False,no_change,0.0
account_00000127,2024-12-01,0.0,0.0,False,no_change,0.0
account_00000127,2025-01-01,0.0,0.0,False,no_change,0.0
account_00000127,2025-02-01,127.92,0.0,False,new,127.92
account_00000127,2025-03-01,127.92,127.92,True,no_change,0.0
account_00000127,2025-04-01,127.92,127.92,True,no_change,0.0
account_00000127,2025-05-01,127.92,127.92,True,no_change,0.0
account_00000127,2025-06-01,127.92,127.92,True,no_change,0.0
account_00000127,2025-07-01,127.92,127.92,True,no_change,0.0
account_00000127,2025-08-01,127.92,127.92,True,no_change,0.0
account_00000127,2025-09-01,127.92,127.92,True,no_change,0.0
account_00000127,2025-10-01,127.92,127.92,True,no_change,0.0
account_00000127,2025-11-01,127.92,127.92,True,no_change,0.0
account_00000127,2025-12-01,127.92,127.92,True,no_change,0.0
account_00000127,2026-01-01,127.92,127.92,True,no_change,0.0
account_00000127,2026-02-01,127.92,127.92,True,no_change,0.0
account_00000127,2026-03-01,127.92,127.92,True,no_change,0.0
account_00000127,2026-04-01,127.92,127.92,True,no_change,0.0
account_00000127,2026-05-01,127.92,127.92,True,no_change,0.0
account_00000127,2026-06-01,127.92,127.92,True,no_change,0.0
account_00000128,2024-01-01,0.0,0.0,False,no_change,0.0
account_00000128,2024-02-01,0.0,0.0,False,no_change,0.0
account_00000128,2024-03-01,0.0,0.0,False,no_change,0.0
account_00000128,2024-04-01,0.0,0.0,False,no_change,0.0
account_00000128,2024-05-01,0.0,0.0,False,no_change,0.0
account_00000128,2024-06-01,0.0,0.0,False,no_change,0.0
account_00000128,2024-07-01,0.0,0.0,False,no_change,0.0
account_00000128,2024-08-01,1334.0,0.0,False,new,1334.0
account_00000128,2024-09-01,1334.0,1334.0,True,no_change,0.0
account_00000128,2024-10-01,1334.0,1334.0,True,no_change,0.0
account_00000128,2024-11-01,1334.0,1334.0,True,no_change,0.0
account_00000128,2024-12-01,1883.0,1334.0,True,expansion,549.0
account_00000128,2025-01-01,1883.0,1883.0,True,no_change,0.0
account_00000128,2025-02-01,1883.0,1883.0,True,no_change,0.0
account_00000128,2025-03-01,1883.0,1883.0,True,no_change,0.0
account_00000128,2025-04-01,1883.0,1883.0,True,no_change,0.0
account_00000128,2025-05-01,1883.0,1883.0,True,no_change,0.0
account_00000128,2025-06-01,1883.0,1883.0,True,no_change,0.0
account_00000128,2025-07-01,1883.0,1883.0,True,no_change,0.0
account_00000128,2025-08-01,2403.4,1883.0,True,expansion,520.4000000000001
account_00000128,2025-09-01,2109.64,2403.4,True,contraction,-293.7600000000002
account_00000128,2025-10-01,2587.0,2109.64,True,expansion,477.3600000000001
account_00000128,2025-11-01,2072.92,2587.0,True,contraction,-514.0799999999999
account_00000128,2025-12-01,2072.92,2072.92,True,no_change,0.0
account_00000128,2026-01-01,2072.92,2072.92,True,no_change,0.0
account_00000128,2026-02-01,2072.92,2072.92,True,no_change,0.0
account_00000128,2026-03-01,2072.92,2072.92,True,no_change,0.0
account_00000128,2026-04-01,2072.92,2072.92,True,no_change,0.0
account_00000128,2026-05-01,2072.92,2072.92,True,no_change,0.0
account_00000128,2026-06-01,2072.92,2072.92,True,no_change,0.0
account_00000129,2024-01-01,0.0,0.0,False,no_change,0.0
account_00000129,2024-02-01,0.0,0.0,False,no_change,0.0
account_00000129,2024-03-01,0.0,0.0,False,no_change,0.0
account_00000129,2024-04-01,0.0,0.0,False,no_change,0.0
account_00000129,2024-05-01,0.0,0.0,False,no_change,0.0
account_00000129,2024-06-01,0.0,0.0,False,no_change,0.0
account_00000129,2024-07-01,0.0,0.0,False,no_change,0.0
account_00000129,2024-08-01,0.0,0.0,False,no_change,0.0
account_00000129,2024-09-01,0.0,0.0,False,no_change,0.0
account_00000129,2024-10-01,0.0,0.0,False,no_change,0.0
account_00000129,2024-11-01,0.0,0.0,False,no_change,0.0
account_00000129,2024-12-01,0.0,0.0,False,no_change,0.0
account_00000129,2025-01-01,0.0,0.0,False,no_change,0.0
account_00000129,2025-02-01,0.0,0.0,False,no_change,0.0
account_00000129,2025-03-01,0.0,0.0,False,no_change,0.0
account_00000129,2025-04-01,0.0,0.0,False,no_change,0.0
account_00000129,2025-05-01,0.0,0.0,False,no_change,0.0
account_00000129,2025-06-01,42.12,0.0,False,new,42.12
account_00000129,2025-07-01,55.08,42.12,True,expansion,12.96
account_00000129,2025-08-01,55.08,55.08,True,no_change,0.0
account_00000129,2025-09-01,55.08,55.08,True,no_change,0.0
account_00000129,2025-10-01,55.08,55.08,True,no_change,0.0
account_00000129,2025-11-01,55.08,55.08,True,no_change,0.0
account_00000129,2025-12-01,55.08,55.08,True,no_change,0.0
account_00000129,2026-01-01,55.08,55.08,True,no_change,0.0
account_00000129,2026-02-01,55.08,55.08,True,no_change,0.0
account_00000129,2026-03-01,55.08,55.08,True,no_change,0.0
account_00000129,2026-04-01,68.04,55.08,True,expansion,12.960000000000008
account_00000129,2026-05-01,68.04,68.04,True,no_change,0.0
account_00000129,2026-06-01,68.04,68.04,True,no_change,0.0
account_00000130,2024-01-01,0.0,0.0,False,no_change,0.0
account_00000130,2024-02-01,0.0,0.0,False,no_change,0.0
account_00000130,2024-03-01,0.0,0.0,False,no_change,0.0
account_00000130,2024-04-01,0.0,0.0,False,no_change,0.0
account_00000130,2024-05-01,0.0,0.0,False,no_change,0.0
account_00000130,2024-06-01,0.0,0.0,False,no_change,0.0
account_00000130,2024-07-01,0.0,0.0,False,no_change,0.0
account_00000130,2024-08-01,0.0,0.0,False,no_change,0.0
account_00000130,2024-09-01,0.0,0.0,False,no_change,0.0
account_00000130,2024-10-01,0.0,0.0,False,no_change,0.0
account_00000130,2024-11-01,0.0,0.0,False,no_change,0.0
account_00000130,2024-12-01,0.0,0.0,False,no_change,0.0
account_00000130,2025-01-01,0.0,0.0,False,no_change,0.0
account_00000130,2025-02-01,0.0,0.0,False,no_change,0.0
account_00000130,2025-03-01,0.0,0.0,False,no_change,0.0
account_00000130,2025-04-01,0.0,0.0,False,no_change,0.0
account_00000130,2025-05-01,0.0,0.0,False,no_change,0.0
account_00000130,2025-06-01,0.0,0.0,False,no_change,0.0
account_00000130,2025-07-01,0.0,0.0,False,no_change,0.0
account_00000130,2025-08-01,0.0,0.0,False,no_change,0.0
account_00000130,2025-09-01,0.0,0.0,False,no_change,0.0
account_00000130,2025-10-01,35.8,0.0,False,new,35.8
account_00000130,2025-11-01,35.8,35.8,True,no_change,0.0
account_00000130,2025-12-01,35.8,35.8,True,no_change,0.0
account_00000130,2026-01-01,35.8,35.8,True,no_change,0.0
account_00000130,2026-02-01,0.0,35.8,True,churn,-35.8
account_00000130,2026-03-01,0.0,0.0,True,no_change,0.0
account_00000130,2026-04-01,0.0,0.0,True,no_change,0.0
account_00000130,2026-05-01,0.0,0.0,True,no_change,0.0
account_00000130,2026-06-01,0.0,0.0,True,no_change,0.0
account_00000131,2024-01-01,0.0,0.0,False,no_change,0.0
account_00000131,2024-02-01,0.0,0.0,False,no_change,0.0
account_00000131,2024-03-01,0.0,0.0,False,no_change,0.0
account_00000131,2024-04-01,0.0,0.0,False,no_change,0.0
account_00000131,2024-05-01,0.0,0.0,False,no_change,0.0
account_00000131,2024-06-01,0.0,0.0,False,no_change,0.0
account_00000131,2024-07-01,0.0,0.0,False,no_change,0.0
account_00000131,2024-08-01,0.0,0.0,False,no_change,0.0
account_00000131,2024-09-01,0.0,0.0,False,no_change,0.0
account_00000131,2024-10-01,0.0,0.0,False,no_change,0.0
account_00000131,2024-11-01,0.0,0.0,False,no_change,0.0
account_00000131,2024-12-01,0.0,0.0,False,no_change,0.0
account_00000131,2025-01-01,0.0,0.0,False,no_change,0.0
account_00000131,2025-02-01,0.0,0.0,False,no_change,0.0
account_00000131,2025-03-01,0.0,0.0,False,no_change,0.0
account_00000131,2025-04-01,0.0,0.0,False,no_change,0.0
account_00000131,2025-05-01,39113.19,0.0,False,new,39113.19
account_00000131,2025-06-01,39113.19,39113.19,True,no_change,0.0
account_00000131,2025-07-01,36798.0,39113.19,True,contraction,-2315.1900000000023
account_00000131,2025-08-01,36798.0,36798.0,True,no_change,0.0
account_00000131,2025-09-01,30208.59,36798.0,True,contraction,-6589.41
account_00000131,2025-10-01,30208.59,30208.59,True,no_change,0.0
account_00000131,2025-11-01,30457.59,30208.59,True,expansion,249.0
account_00000131,2025-12-01,30457.59,30457.59,True,no_change,0.0
account_00000131,2026-01-01,30457.59,30457.59,True,no_change,0.0
account_00000131,2026-02-01,34945.51,30457.59,True,expansion,4487.920000000002
account_00000131,2026-03-01,34945.51,34945.51,True,no_change,0.0
account_00000131,2026-04-01,34945.51,34945.51,True,no_change,0.0
account_00000131,2026-05-01,34945.51,34945.51,True,no_change,0.0
account_00000131,2026-06-01,34945.51,34945.51,True,no_change,0.0
account_00000134,2024-01-01,0.0,0.0,False,no_change,0.0
account_00000134,2024-02-01,0.0,0.0,False,no_change,0.0
account_00000134,2024-03-01,0.0,0.0,False,no_change,0.0
account_00000134,2024-04-01,0.0,0.0,False,no_change,0.0
account_00000134,2024-05-01,0.0,0.0,False,no_change,0.0
account_00000134,2024-06-01,3350.77,0.0,False,new,3350.77
account_00000134,2024-07-01,3412.87,3350.77,True,expansion,62.09999999999991
account_00000134,2024-08-01,3412.87,3412.87,True,no_change,0.0
account_00000134,2024-09-01,3412.87,3412.87,True,no_change,0.0
account_00000134,2024-10-01,3412.87,3412.87,True,no_change,0.0
account_00000134,2024-11-01,3412.87,3412.87,True,no_change,0.0
account_00000134,2024-12-01,3412.87,3412.87,True,no_change,0.0
account_00000134,2025-01-01,3528.97,3412.87,True,expansion,116.09999999999991
account_00000134,2025-02-01,3528.97,3528.97,True,no_change,0.0
account_00000134,2025-03-01,3528.97,3528.97,True,no_change,0.0
account_00000134,2025-04-01,4535.01,3528.97,True,expansion,1006.0400000000004
account_00000134,2025-05-01,4535.01,4535.01,True,no_change,0.0
account_00000134,2025-06-01,4535.01,4535.01,True,no_change,0.0
account_00000134,2025-07-01,4535.01,4535.01,True,no_change,0.0
account_00000134,2025-08-01,4535.01,4535.01,True,no_change,0.0
account_00000134,2025-09-01,4535.01,4535.01,True,no_change,0.0
account_00000134,2025-10-01,4535.01,4535.01,True,no_change,0.0
account_00000134,2025-11-01,4535.01,4535.01,True,no_change,0.0
account_00000134,2025-12-01,4535.01,4535.01,True,no_change,0.0
account_00000134,2026-01-01,4535.01,4535.01,True,no_change,0.0
account_00000134,2026-02-01,3753.6,4535.01,True,contraction,-781.4100000000003
account_00000134,2026-03-01,3753.6,3753.6,True,no_change,0.0
account_00000134,2026-04-01,3753.6,3753.6,True,no_change,0.0
account_00000134,2026-05-01,3753.6,3753.6,True,no_change,0.0
account_00000134,2026-06-01,3753.6,3753.6,True,no_change,0.0
account_00000135,2024-01-01,0.0,0.0,False,no_change,0.0
account_00000135,2024-02-01,0.0,0.0,False,no_change,0.0
account_00000135,2024-03-01,0.0,0.0,False,no_change,0.0
account_00000135,2024-04-01,0.0,0.0,False,no_change,0.0
account_00000135,2024-05-01,0.0,0.0,False,no_change,0.0
account_00000135,2024-06-01,0.0,0.0,False,no_change,0.0
account_00000135,2024-07-01,0.0,0.0,False,no_change,0.0
account_00000135,2024-08-01,0.0,0.0,False,no_change,0.0
account_00000135,2024-09-01,0.0,0.0,False,no_change,0.0
account_00000135,2024-10-01,0.0,0.0,False,no_change,0.0
account_00000135,2024-11-01,0.0,0.0,False,no_change,0.0
account_00000135,2024-12-01,0.0,0.0,False,no_change,0.0
account_00000135,2025-01-01,0.0,0.0,False,no_change,0.0
account_00000135,2025-02-01,0.0,0.0,False,no_change,0.0
account_00000135,2025-03-01,0.0,0.0,False,no_change,0.0
account_00000135,2025-04-01,0.0,0.0,False,no_change,0.0
account_00000135,2025-05-01,0.0,0.0,False,no_change,0.0
account_00000135,2025-06-01,0.0,0.0,False,no_change,0.0
account_00000135,2025-07-01,0.0,0.0,False,no_change,0.0
account_00000135,2025-08-01,38.75,0.0,False,new,38.75
account_00000135,2025-09-01,38.75,38.75,True,no_change,0.0
account_00000135,2025-10-01,38.75,38.75,True,no_change,0.0
account_00000135,2025-11-01,38.75,38.75,True,no_change,0.0
account_00000135,2025-12-01,38.75,38.75,True,no_change,0.0
account_00000135,2026-01-01,38.75,38.75,True,no_change,0.0
account_00000135,2026-02-01,38.75,38.75,True,no_change,0.0
account_00000135,2026-03-01,38.75,38.75,True,no_change,0.0
account_00000135,2026-04-01,38.75,38.75,True,no_change,0.0
account_00000135,2026-05-01,38.75,38.75,True,no_change,0.0
account_00000135,2026-06-01,38.75,38.75,True,no_change,0.0
account_00000136,2024-01-01,0.0,0.0,False,no_change,0.0
account_00000136,2024-02-01,0.0,0.0,False,no_change,0.0
account_00000136,2024-03-01,0.0,0.0,False,no_change,0.0
account_00000136,2024-04-01,0.0,0.0,False,no_change,0.0
account_00000136,2024-05-01,0.0,0.0,False,no_change,0.0
account_00000136,2024-06-01,0.0,0.0,False,no_change,0.0
account_00000136,2024-07-01,0.0,0.0,False,no_change,0.0
account_00000136,2024-08-01,0.0,0.0,False,no_change,0.0
account_00000136,2024-09-01,1464.7,0.0,False,new,1464.7
account_00000136,2024-10-01,1464.7,1464.7,True,no_change,0.0
account_00000136,2024-11-01,1464.7,1464.7,True,no_change,0.0
account_00000136,2024-12-01,1464.7,1464.7,True,no_change,0.0
account_00000136,2025-01-01,1464.7,1464.7,True,no_change,0.0
account_00000136,2025-02-01,1464.7,1464.7,True,no_change,0.0
account_00000136,2025-03-01,1464.7,1464.7,True,no_change,0.0
account_00000136,2025-04-01,1464.7,1464.7,True,no_change,0.0
account_00000136,2025-05-01,1464.7,1464.7,True,no_change,0.0
account_00000136,2025-06-01,1464.7,1464.7,True,no_change,0.0
account_00000136,2025-07-01,1464.7,1464.7,True,no_change,0.0
account_00000136,2025-08-01,1383.88,1464.7,True,contraction,-80.81999999999994
account_00000136,2025-09-01,1383.88,1383.88,True,no_change,0.0
account_00000136,2025-10-01,1638.45,1383.88,True,expansion,254.56999999999994
account_00000136,2025-11-01,1638.45,1638.45,True,no_change,0.0
account_00000136,2025-12-01,1638.45,1638.45,True,no_change,0.0
account_00000136,2026-01-01,1638.45,1638.45,True,no_change,0.0
account_00000136,2026-02-01,1893.01,1638.45,True,expansion,254.55999999999995
account_00000136,2026-03-01,2402.15,1893.01,True,expansion,509.1400000000001
account_00000136,2026-04-01,2402.15,2402.15,True,no_change,0.0
account_00000136,2026-05-01,2402.15,2402.15,True,no_change,0.0
account_00000136,2026-06-01,3672.89,2402.15,True,expansion,1270.7399999999998
account_00000137,2024-01-01,0.0,0.0,False,no_change,0.0
account_00000137,2024-02-01,0.0,0.0,False,no_change,0.0
account_00000137,2024-03-01,0.0,0.0,False,no_change,0.0
account_00000137,2024-04-01,0.0,0.0,False,no_change,0.0
account_00000137,2024-05-01,0.0,0.0,False,no_change,0.0
account_00000137,2024-06-01,0.0,0.0,False,no_change,0.0
account_00000137,2024-07-01,0.0,0.0,False,no_change,0.0
account_00000137,2024-08-01,0.0,0.0,False,no_change,0.0
account_00000137,2024-09-01,0.0,0.0,False,no_change,0.0
account_00000137,2024-10-01,0.0,0.0,False,no_change,0.0
account_00000137,2024-11-01,0.0,0.0,False,no_change,0.0
account_00000137,2024-12-01,0.0,0.0,False,no_change,0.0
account_00000137,2025-01-01,0.0,0.0,False,no_change,0.0
account_00000137,2025-02-01,0.0,0.0,False,no_change,0.0
account_00000137,2025-03-01,0.0,0.0,False,no_change,0.0
account_00000137,2025-04-01,0.0,0.0,False,no_change,0.0
account_00000137,2025-05-01,0.0,0.0,False,no_change,0.0
account_00000137,2025-06-01,0.0,0.0,False,no_change,0.0
account_00000137,2025-07-01,0.0,0.0,False,no_change,0.0
account_00000137,2025-08-01,0.0,0.0,False,no_change,0.0
account_00000137,2025-09-01,0.0,0.0,False,no_change,0.0
account_00000137,2025-10-01,0.0,0.0,False,no_change,0.0
account_00000137,2025-11-01,168.48,0.0,False,new,168.48
account_00000137,2025-12-01,168.48,168.48,True,no_change,0.0
account_00000137,2026-01-01,467.48,168.48,True,expansion,299.0
account_00000137,2026-02-01,467.48,467.48,True,no_change,0.0
account_00000137,2026-03-01,467.48,467.48,True,no_change,0.0
account_00000137,2026-04-01,596.48,467.48,True,expansion,129.0
account_00000137,2026-05-01,596.48,596.48,True,no_change,0.0
account_00000137,2026-06-01,596.48,596.48,True,no_change,0.0
account_00000138,2024-01-01,0.0,0.0,False,no_change,0.0
account_00000138,2024-02-01,0.0,0.0,False,no_change,0.0
account_00000138,2024-03-01,0.0,0.0,False,no_change,0.0
account_00000138,2024-04-01,0.0,0.0,False,no_change,0.0
account_00000138,2024-05-01,0.0,0.0,False,no_change,0.0
account_00000138,2024-06-01,0.0,0.0,False,no_change,0.0
account_00000138,2024-07-01,0.0,0.0,False,no_change,0.0
account_00000138,2024-08-01,0.0,0.0,False,no_change,0.0
account_00000138,2024-09-01,0.0,0.0,False,no_change,0.0
account_00000138,2024-10-01,0.0,0.0,False,no_change,0.0
account_00000138,2024-11-01,183.0,0.0,False,new,183.0
account_00000138,2024-12-01,183.0,183.0,True,no_change,0.0
account_00000138,2025-01-01,183.0,183.0,True,no_change,0.0
account_00000138,2025-02-01,183.0,183.0,True,no_change,0.0
account_00000138,2025-03-01,289.0,183.0,True,expansion,106.0
account_00000138,2025-04-01,289.0,289.0,True,no_change,0.0
account_00000138,2025-05-01,289.0,289.0,True,no_change,0.0
account_00000138,2025-06-01,289.0,289.0,True,no_change,0.0
account_00000138,2025-07-01,289.0,289.0,True,no_change,0.0
account_00000138,2025-08-01,289.0,289.0,True,no_change,0.0
account_00000138,2025-09-01,289.0,289.0,True,no_change,0.0
account_00000138,2025-10-01,289.0,289.0,True,no_change,0.0
account_00000138,2025-11-01,289.0,289.0,True,no_change,0.0
account_00000138,2025-12-01,289.0,289.0,True,no_change,0.0
account_00000138,2026-01-01,289.0,289.0,True,no_change,0.0
account_00000138,2026-02-01,289.0,289.0,True,no_change,0.0
account_00000138,2026-03-01,289.0,289.0,True,no_change,0.0
account_00000138,2026-04-01,289.0,289.0,True,no_change,0.0
account_00000138,2026-05-01,289.0,289.0,True,no_change,0.0
account_00000138,2026-06-01,289.0,289.0,True,no_change,0.0
account_00000141,2024-01-01,0.0,0.0,False,no_change,0.0
account_00000141,2024-02-01,0.0,0.0,False,no_change,0.0
account_00000141,2024-03-01,0.0,0.0,False,no_change,0.0
account_00000141,2024-04-01,0.0,0.0,False,no_change,0.0
account_00000141,2024-05-01,0.0,0.0,False,no_change,0.0
account_00000141,2024-06-01,0.0,0.0,False,no_change,0.0
account_00000141,2024-07-01,0.0,0.0,False,no_change,0.0
account_00000141,2024-08-01,0.0,0.0,False,no_change,0.0
account_00000141,2024-09-01,0.0,0.0,False,no_change,0.0
account_00000141,2024-10-01,0.0,0.0,False,no_change,0.0
account_00000141,2024-11-01,0.0,0.0,False,no_change,0.0
account_00000141,2024-12-01,0.0,0.0,False,no_change,0.0
account_00000141,2025-01-01,0.0,0.0,False,no_change,0.0
account_00000141,2025-02-01,0.0,0.0,False,no_change,0.0
account_00000141,2025-03-01,0.0,0.0,False,no_change,0.0
account_00000141,2025-04-01,197.64,0.0,False,new,197.64
account_00000141,2025-05-01,197.64,197.64,True,no_change,0.0
account_00000141,2025-06-01,197.64,197.64,True,no_change,0.0
account_00000141,2025-07-01,197.64,197.64,True,no_change,0.0
account_00000141,2025-08-01,197.64,197.64,True,no_change,0.0
account_00000141,2025-09-01,312.12,197.64,True,expansion,114.48000000000002
account_00000141,2025-10-01,312.12,312.12,True,no_change,0.0
account_00000141,2025-11-01,312.12,312.12,True,no_change,0.0
account_00000141,2025-12-01,312.12,312.12,True,no_change,0.0
account_00000141,2026-01-01,312.12,312.12,True,no_change,0.0
account_00000141,2026-02-01,312.12,312.12,True,no_change,0.0
account_00000141,2026-03-01,353.16,312.12,True,expansion,41.04000000000002
account_00000141,2026-04-01,353.16,353.16,True,no_change,0.0
account_00000141,2026-05-01,353.16,353.16,True,no_change,0.0
account_00000141,2026-06-01,353.16,353.16,True,no_change,0.0
account_00000152,2024-01-01,0.0,0.0,False,no_change,0.0
account_00000152,2024-02-01,0.0,0.0,False,no_change,0.0
account_00000152,2024-03-01,0.0,0.0,False,no_change,0.0
account_00000152,2024-04-01,0.0,0.0,False,no_change,0.0
account_00000152,2024-05-01,0.0,0.0,False,no_change,0.0
account_00000152,2024-06-01,0.0,0.0,False,no_change,0.0
account_00000152,2024-07-01,7038.32,0.0,False,new,7038.32
account_00000152,2024-08-01,7397.42,7038.32,True,expansion,359.10000000000036
account_00000152,2024-09-01,7397.42,7397.42,True,no_change,0.0
account_00000152,2024-10-01,7397.42,7397.42,True,no_change,0.0
account_00000152,2024-11-01,7397.42,7397.42,True,no_change,0.0
account_00000152,2024-12-01,8941.02,7397.42,True,expansion,1543.6000000000004
account_00000152,2025-01-01,8941.02,8941.02,True,no_change,0.0
account_00000152,2025-02-01,8941.02,8941.02,True,no_change,0.0
account_00000152,2025-03-01,8941.02,8941.02,True,no_change,0.0
account_00000152,2025-04-01,8941.02,8941.02,True,no_change,0.0
account_00000152,2025-05-01,8941.02,8941.02,True,no_change,0.0
account_00000152,2025-06-01,8941.02,8941.02,True,no_change,0.0
account_00000152,2025-07-01,8941.02,8941.02,True,no_change,0.0
account_00000152,2025-08-01,8941.02,8941.02,True,no_change,0.0
account_00000152,2025-09-01,11832.24,8941.02,True,expansion,2891.2199999999993
account_00000152,2025-10-01,11832.24,11832.24,True,no_change,0.0
account_00000152,2025-11-01,11832.24,11832.24,True,no_change,0.0
account_00000152,2025-12-01,11832.24,11832.24,True,no_change,0.0
account_00000152,2026-01-01,11832.24,11832.24,True,no_change,0.0
account_00000152,2026-02-01,11832.24,11832.24,True,no_change,0.0
account_00000152,2026-03-01,11832.24,11832.24,True,no_change,0.0
account_00000152,2026-04-01,11832.24,11832.24,True,no_change,0.0
account_00000152,2026-05-01,11832.24,11832.24,True,no_change,0.0
account_00000152,2026-06-01,11832.24,11832.24,True,no_change,0.0
account_00000155,2024-01-01,0.0,0.0,False,no_change,0.0
account_00000155,2024-02-01,0.0,0.0,False,no_change,0.0
account_00000155,2024-03-01,0.0,0.0,False,no_change,0.0
account_00000155,2024-04-01,0.0,0.0,False,no_change,0.0
account_00000155,2024-05-01,0.0,0.0,False,no_change,0.0
account_00000155,2024-06-01,0.0,0.0,False,no_change,0.0
account_00000155,2024-07-01,0.0,0.0,False,no_change,0.0
account_00000155,2024-08-01,0.0,0.0,False,no_change,0.0
account_00000155,2024-09-01,0.0,0.0,False,no_change,0.0
account_00000155,2024-10-01,0.0,0.0,False,no_change,0.0
account_00000155,2024-11-01,0.0,0.0,False,no_change,0.0
account_00000155,2024-12-01,43.35,0.0,False,new,43.35
account_00000155,2025-01-01,43.35,43.35,True,no_change,0.0
account_00000155,2025-02-01,43.35,43.35,True,no_change,0.0
account_00000155,2025-03-01,43.35,43.35,True,no_change,0.0
account_00000155,2025-04-01,43.35,43.35,True,no_change,0.0
account_00000155,2025-05-01,43.35,43.35,True,no_change,0.0
account_00000155,2025-06-01,43.35,43.35,True,no_change,0.0
account_00000155,2025-07-01,43.35,43.35,True,no_change,0.0
account_00000155,2025-08-01,43.35,43.35,True,no_change,0.0
account_00000155,2025-09-01,43.35,43.35,True,no_change,0.0
account_00000155,2025-10-01,43.35,43.35,True,no_change,0.0
account_00000155,2025-11-01,43.35,43.35,True,no_change,0.0
account_00000155,2025-12-01,43.35,43.35,True,no_change,0.0
account_00000155,2026-01-01,43.35,43.35,True,no_change,0.0
account_00000155,2026-02-01,43.35,43.35,True,no_change,0.0
account_00000155,2026-03-01,43.35,43.35,True,no_change,0.0
account_00000155,2026-04-01,43.35,43.35,True,no_change,0.0
account_00000155,2026-05-01,43.35,43.35,True,no_change,0.0
account_00000155,2026-06-01,43.35,43.35,True,no_change,0.0
account_00000157,2024-01-01,0.0,0.0,False,no_change,0.0
account_00000157,2024-02-01,0.0,0.0,False,no_change,0.0
account_00000157,2024-03-01,0.0,0.0,False,no_change,0.0
account_00000157,2024-04-01,0.0,0.0,False,no_change,0.0
account_00000157,2024-05-01,96.03,0.0,False,new,96.03
account_00000157,2024-06-01,96.03,96.03,True,no_change,0.0
account_00000157,2024-07-01,96.03,96.03,True,no_change,0.0
account_00000157,2024-08-01,96.03,96.03,True,no_change,0.0
account_00000157,2024-09-01,96.03,96.03,True,no_change,0.0
account_00000157,2024-10-01,96.03,96.03,True,no_change,0.0
account_00000157,2024-11-01,96.03,96.03,True,no_change,0.0
account_00000157,2024-12-01,96.03,96.03,True,no_change,0.0
account_00000157,2025-01-01,96.03,96.03,True,no_change,0.0
account_00000157,2025-02-01,96.03,96.03,True,no_change,0.0
account_00000157,2025-03-01,96.03,96.03,True,no_change,0.0
account_00000157,2025-04-01,96.03,96.03,True,no_change,0.0
account_00000157,2025-05-01,96.03,96.03,True,no_change,0.0
account_00000157,2025-06-01,96.03,96.03,True,no_change,0.0
account_00000157,2025-07-01,96.03,96.03,True,no_change,0.0
account_00000157,2025-08-01,96.03,96.03,True,no_change,0.0
account_00000157,2025-09-01,96.03,96.03,True,no_change,0.0
account_00000157,2025-10-01,96.03,96.03,True,no_change,0.0
account_00000157,2025-11-01,96.03,96.03,True,no_change,0.0
account_00000157,2025-12-01,96.03,96.03,True,no_change,0.0
account_00000157,2026-01-01,96.03,96.03,True,no_change,0.0
account_00000157,2026-02-01,96.03,96.03,True,no_change,0.0
account_00000157,2026-03-01,96.03,96.03,True,no_change,0.0
account_00000157,2026-04-01,96.03,96.03,True,no_change,0.0
account_00000157,2026-05-01,96.03,96.03,True,no_change,0.0
account_00000157,2026-06-01,96.03,96.03,True,no_change,0.0
account_00000159,2024-01-01,0.0,0.0,False,no_change,0.0
account_00000159,2024-02-01,0.0,0.0,False,no_change,0.0
account_00000159,2024-03-01,0.0,0.0,False,no_change,0.0
account_00000159,2024-04-01,0.0,0.0,False,no_change,0.0
account_00000159,2024-05-01,0.0,0.0,False,no_change,0.0
account_00000159,2024-06-01,0.0,0.0,False,no_change,0.0
account_00000159,2024-07-01,0.0,0.0,False,no_change,0.0
account_00000159,2024-08-01,0.0,0.0,False,no_change,0.0
account_00000159,2024-09-01,0.0,0.0,False,no_change,0.0
account_00000159,2024-10-01,0.0,0.0,False,no_change,0.0
account_00000159,2024-11-01,0.0,0.0,False,no_change,0.0
account_00000159,2024-12-01,0.0,0.0,False,no_change,0.0
account_00000159,2025-01-01,0.0,0.0,False,no_change,0.0
account_00000159,2025-02-01,0.0,0.0,False,no_change,0.0
account_00000159,2025-03-01,0.0,0.0,False,no_change,0.0
account_00000159,2025-04-01,0.0,0.0,False,no_change,0.0
account_00000159,2025-05-01,0.0,0.0,False,no_change,0.0
account_00000159,2025-06-01,0.0,0.0,False,no_change,0.0
account_00000159,2025-07-01,0.0,0.0,False,no_change,0.0
account_00000159,2025-08-01,0.0,0.0,False,no_change,0.0
account_00000159,2025-09-01,0.0,0.0,False,no_change,0.0
account_00000159,2025-10-01,0.0,0.0,False,no_change,0.0
account_00000159,2025-11-01,0.0,0.0,False,no_change,0.0
account_00000159,2025-12-01,0.0,0.0,False,no_change,0.0
account_00000159,2026-01-01,0.0,0.0,False,no_change,0.0
account_00000159,2026-02-01,0.0,0.0,False,no_change,0.0
account_00000159,2026-03-01,0.0,0.0,False,no_change,0.0
account_00000159,2026-04-01,335.5,0.0,False,new,335.5
account_00000159,2026-05-01,413.48,335.5,True,expansion,77.98000000000002
account_00000159,2026-06-01,413.48,413.48,True,no_change,0.0
account_00000161,2024-01-01,0.0,0.0,False,no_change,0.0
account_00000161,2024-02-01,0.0,0.0,False,no_change,0.0
account_00000161,2024-03-01,0.0,0.0,False,no_change,0.0
account_00000161,2024-04-01,0.0,0.0,False,no_change,0.0
account_00000161,2024-05-01,0.0,0.0,False,no_change,0.0
account_00000161,2024-06-01,0.0,0.0,False,no_change,0.0
account_00000161,2024-07-01,0.0,0.0,False,no_change,0.0
account_00000161,2024-08-01,0.0,0.0,False,no_change,0.0
account_00000161,2024-09-01,0.0,0.0,False,no_change,0.0
account_00000161,2024-10-01,0.0,0.0,False,no_change,0.0
account_00000161,2024-11-01,0.0,0.0,False,no_change,0.0
account_00000161,2024-12-01,0.0,0.0,False,no_change,0.0
account_00000161,2025-01-01,0.0,0.0,False,no_change,0.0
account_00000161,2025-02-01,0.0,0.0,False,no_change,0.0
account_00000161,2025-03-01,0.0,0.0,False,no_change,0.0
account_00000161,2025-04-01,814.75,0.0,False,new,814.75
account_00000161,2025-05-01,814.75,814.75,True,no_change,0.0
account_00000161,2025-06-01,814.75,814.75,True,no_change,0.0
account_00000161,2025-07-01,814.75,814.75,True,no_change,0.0
account_00000161,2025-08-01,814.75,814.75,True,no_change,0.0
account_00000161,2025-09-01,814.75,814.75,True,no_change,0.0
account_00000161,2025-10-01,814.75,814.75,True,no_change,0.0
account_00000161,2025-11-01,814.75,814.75,True,no_change,0.0
account_00000161,2025-12-01,814.75,814.75,True,no_change,0.0
account_00000161,2026-01-01,814.75,814.75,True,no_change,0.0
account_00000161,2026-02-01,814.75,814.75,True,no_change,0.0
account_00000161,2026-03-01,814.75,814.75,True,no_change,0.0
account_00000161,2026-04-01,698.11,814.75,True,contraction,-116.63999999999999
account_00000161,2026-05-01,698.11,698.11,True,no_change,0.0
account_00000161,2026-06-01,698.11,698.11,True,no_change,0.0
account_00000166,2024-01-01,0.0,0.0,False,no_change,0.0
account_00000166,2024-02-01,0.0,0.0,False,no_change,0.0
account_00000166,2024-03-01,0.0,0.0,False,no_change,0.0
account_00000166,2024-04-01,0.0,0.0,False,no_change,0.0
account_00000166,2024-05-01,0.0,0.0,False,no_change,0.0
account_00000166,2024-06-01,0.0,0.0,False,no_change,0.0
account_00000166,2024-07-01,0.0,0.0,False,no_change,0.0
account_00000166,2024-08-01,0.0,0.0,False,no_change,0.0
account_00000166,2024-09-01,0.0,0.0,False,no_change,0.0
account_00000166,2024-10-01,0.0,0.0,False,no_change,0.0
account_00000166,2024-11-01,0.0,0.0,False,no_change,0.0
account_00000166,2024-12-01,0.0,0.0,False,no_change,0.0
account_00000166,2025-01-01,39.0,0.0,False,new,39.0
account_00000166,2025-02-01,39.0,39.0,True,no_change,0.0
account_00000166,2025-03-01,39.0,39.0,True,no_change,0.0
account_00000166,2025-04-01,39.0,39.0,True,no_change,0.0
account_00000166,2025-05-01,39.0,39.0,True,no_change,0.0
account_00000166,2025-06-01,39.0,39.0,True,no_change,0.0
account_00000166,2025-07-01,55.08,39.0,True,expansion,16.08
account_00000166,2025-08-01,55.08,55.08,True,no_change,0.0
account_00000166,2025-09-01,55.08,55.08,True,no_change,0.0
account_00000166,2025-10-01,55.08,55.08,True,no_change,0.0
account_00000166,2025-11-01,55.08,55.08,True,no_change,0.0
account_00000166,2025-12-01,55.08,55.08,True,no_change,0.0
account_00000166,2026-01-01,55.08,55.08,True,no_change,0.0
account_00000166,2026-02-01,55.08,55.08,True,no_change,0.0
account_00000166,2026-03-01,55.08,55.08,True,no_change,0.0
account_00000166,2026-04-01,55.08,55.08,True,no_change,0.0
account_00000166,2026-05-01,55.08,55.08,True,no_change,0.0
account_00000166,2026-06-01,55.08,55.08,True,no_change,0.0
account_00000169,2024-01-01,0.0,0.0,False,no_change,0.0
account_00000169,2024-02-01,0.0,0.0,False,no_change,0.0
account_00000169,2024-03-01,0.0,0.0,False,no_change,0.0
account_00000169,2024-04-01,0.0,0.0,False,no_change,0.0
account_00000169,2024-05-01,0.0,0.0,False,no_change,0.0
account_00000169,2024-06-01,0.0,0.0,False,no_change,0.0
account_00000169,2024-07-01,0.0,0.0,False,no_change,0.0
account_00000169,2024-08-01,0.0,0.0,False,no_change,0.0
account_00000169,2024-09-01,0.0,0.0,False,no_change,0.0
account_00000169,2024-10-01,0.0,0.0,False,no_change,0.0
account_00000169,2024-11-01,0.0,0.0,False,no_change,0.0
account_00000169,2024-12-01,0.0,0.0,False,no_change,0.0
account_00000169,2025-01-01,0.0,0.0,False,no_change,0.0
account_00000169,2025-02-01,0.0,0.0,False,no_change,0.0
account_00000169,2025-03-01,0.0,0.0,False,no_change,0.0
account_00000169,2025-04-01,0.0,0.0,False,no_change,0.0
account_00000169,2025-05-01,0.0,0.0,False,no_change,0.0
account_00000169,2025-06-01,0.0,0.0,False,no_change,0.0
account_00000169,2025-07-01,0.0,0.0,False,no_change,0.0
account_00000169,2025-08-01,0.0,0.0,False,no_change,0.0
account_00000169,2025-09-01,0.0,0.0,False,no_change,0.0
account_00000169,2025-10-01,0.0,0.0,False,no_change,0.0
account_00000169,2025-11-01,0.0,0.0,False,no_change,0.0
account_00000169,2025-12-01,0.0,0.0,False,no_change,0.0
account_00000169,2026-01-01,0.0,0.0,False,no_change,0.0
account_00000169,2026-02-01,0.0,0.0,False,no_change,0.0
account_00000169,2026-03-01,0.0,0.0,False,no_change,0.0
account_00000169,2026-04-01,0.0,0.0,False,no_change,0.0
account_00000169,2026-05-01,0.0,0.0,False,no_change,0.0
account_00000169,2026-06-01,271.08,0.0,False,new,271.08
account_00000173,2024-01-01,0.0,0.0,False,no_change,0.0
account_00000173,2024-02-01,0.0,0.0,False,no_change,0.0
account_00000173,2024-03-01,0.0,0.0,False,no_change,0.0
account_00000173,2024-04-01,118.0,0.0,False,new,118.0
account_00000173,2024-05-01,118.0,118.0,True,no_change,0.0
account_00000173,2024-06-01,118.0,118.0,True,no_change,0.0
account_00000173,2024-07-01,118.0,118.0,True,no_change,0.0
account_00000173,2024-08-01,118.0,118.0,True,no_change,0.0
account_00000173,2024-09-01,118.0,118.0,True,no_change,0.0
account_00000173,2024-10-01,118.0,118.0,True,no_change,0.0
account_00000173,2024-11-01,118.0,118.0,True,no_change,0.0
account_00000173,2024-12-01,118.0,118.0,True,no_change,0.0
account_00000173,2025-01-01,118.0,118.0,True,no_change,0.0
account_00000173,2025-02-01,118.0,118.0,True,no_change,0.0
account_00000173,2025-03-01,118.0,118.0,True,no_change,0.0
account_00000173,2025-04-01,118.0,118.0,True,no_change,0.0
account_00000173,2025-05-01,118.0,118.0,True,no_change,0.0
account_00000173,2025-06-01,118.0,118.0,True,no_change,0.0
account_00000173,2025-07-01,106.92,118.0,True,contraction,-11.079999999999998
account_00000173,2025-08-01,106.92,106.92,True,no_change,0.0
account_00000173,2025-09-01,106.92,106.92,True,no_change,0.0
account_00000173,2025-10-01,106.92,106.92,True,no_change,0.0
account_00000173,2025-11-01,106.92,106.92,True,no_change,0.0
account_00000173,2025-12-01,106.92,106.92,True,no_change,0.0
account_00000173,2026-01-01,106.92,106.92,True,no_change,0.0
account_00000173,2026-02-01,106.92,106.92,True,no_change,0.0
account_00000173,2026-03-01,106.92,106.92,True,no_change,0.0
account_00000173,2026-04-01,106.92,106.92,True,no_change,0.0
account_00000173,2026-05-01,106.92,106.92,True,no_change,0.0
account_00000173,2026-06-01,106.92,106.92,True,no_change,0.0
account_00000177,2024-01-01,0.0,0.0,False,no_change,0.0
account_00000177,2024-02-01,0.0,0.0,False,no_change,0.0
account_00000177,2024-03-01,0.0,0.0,False,no_change,0.0
account_00000177,2024-04-01,0.0,0.0,False,no_change,0.0
account_00000177,2024-05-01,0.0,0.0,False,no_change,0.0
account_00000177,2024-06-01,0.0,0.0,False,no_change,0.0
account_00000177,2024-07-01,0.0,0.0,False,no_change,0.0
account_00000177,2024-08-01,0.0,0.0,False,no_change,0.0
account_00000177,2024-09-01,0.0,0.0,False,no_change,0.0
account_00000177,2024-10-01,0.0,0.0,False,no_change,0.0
account_00000177,2024-11-01,0.0,0.0,False,no_change,0.0
account_00000177,2024-12-01,0.0,0.0,False,no_change,0.0
account_00000177,2025-01-01,0.0,0.0,False,no_change,0.0
account_00000177,2025-02-01,0.0,0.0,False,no_change,0.0
account_00000177,2025-03-01,0.0,0.0,False,no_change,0.0
account_00000177,2025-04-01,0.0,0.0,False,no_change,0.0
account_00000177,2025-05-01,0.0,0.0,False,no_change,0.0
account_00000177,2025-06-01,0.0,0.0,False,no_change,0.0
account_00000177,2025-07-01,0.0,0.0,False,no_change,0.0
account_00000177,2025-08-01,2191.1,0.0,False,new,2191.1
account_00000177,2025-09-01,2750.98,2191.1,True,expansion,559.8800000000001
account_00000177,2025-10-01,3184.7,2750.98,True,expansion,433.7199999999998
account_00000177,2025-11-01,3264.7999999999997,3184.7,True,expansion,80.09999999999991
account_00000177,2025-12-01,3264.7999999999997,3264.7999999999997,True,no_change,0.0
account_00000177,2026-01-01,3425.8999999999996,3264.7999999999997,True,expansion,161.0999999999999
account_00000177,2026-02-01,3425.8999999999996,3425.8999999999996,True,no_change,0.0
account_00000177,2026-03-01,3785.0,3425.8999999999996,True,expansion,359.10000000000036
account_00000177,2026-04-01,3785.0,3785.0,True,no_change,0.0
account_00000177,2026-05-01,3785.0,3785.0,True,no_change,0.0
account_00000177,2026-06-01,3785.0,3785.0,True,no_change,0.0
account_00000183,2024-01-01,0.0,0.0,False,no_change,0.0
account_00000183,2024-02-01,0.0,0.0,False,no_change,0.0
account_00000183,2024-03-01,33.15,0.0,False,new,33.15
account_00000183,2024-04-01,33.15,33.15,True,no_change,0.0
account_00000183,2024-05-01,33.15,33.15,True,no_change,0.0
account_00000183,2024-06-01,33.15,33.15,True,no_change,0.0
account_00000183,2024-07-01,33.15,33.15,True,no_change,0.0
account_00000183,2024-08-01,33.15,33.15,True,no_change,0.0
account_00000183,2024-09-01,33.15,33.15,True,no_change,0.0
account_00000183,2024-10-01,33.15,33.15,True,no_change,0.0
account_00000183,2024-11-01,33.15,33.15,True,no_change,0.0
account_00000183,2024-12-01,33.15,33.15,True,no_change,0.0
account_00000183,2025-01-01,33.15,33.15,True,no_change,0.0
account_00000183,2025-02-01,33.15,33.15,True,no_change,0.0
account_00000183,2025-03-01,33.15,33.15,True,no_change,0.0
account_00000183,2025-04-01,33.15,33.15,True,no_change,0.0
account_00000183,2025-05-01,33.15,33.15,True,no_change,0.0
account_00000183,2025-06-01,35.8,33.15,True,expansion,2.6499999999999986
account_00000183,2025-07-01,35.8,35.8,True,no_change,0.0
account_00000183,2025-08-01,35.8,35.8,True,no_change,0.0
account_00000183,2025-09-01,35.8,35.8,True,no_change,0.0
account_00000183,2025-10-01,35.8,35.8,True,no_change,0.0
account_00000183,2025-11-01,35.8,35.8,True,no_change,0.0
account_00000183,2025-12-01,35.8,35.8,True,no_change,0.0
account_00000183,2026-01-01,35.8,35.8,True,no_change,0.0
account_00000183,2026-02-01,35.8,35.8,True,no_change,0.0
account_00000183,2026-03-01,35.8,35.8,True,no_change,0.0
account_00000183,2026-04-01,35.8,35.8,True,no_change,0.0
account_00000183,2026-05-01,35.8,35.8,True,no_change,0.0
account_00000183,2026-06-01,35.8,35.8,True,no_change,0.0
account_00000184,2024-01-01,0.0,0.0,False,no_change,0.0
account_00000184,2024-02-01,0.0,0.0,False,no_change,0.0
account_00000184,2024-03-01,0.0,0.0,False,no_change,0.0
account_00000184,2024-04-01,0.0,0.0,False,no_change,0.0
account_00000184,2024-05-01,0.0,0.0,False,no_change,0.0
account_00000184,2024-06-01,0.0,0.0,False,no_change,0.0
account_00000184,2024-07-01,0.0,0.0,False,no_change,0.0
account_00000184,2024-08-01,0.0,0.0,False,no_change,0.0
account_00000184,2024-09-01,0.0,0.0,False,no_change,0.0
account_00000184,2024-10-01,0.0,0.0,False,no_change,0.0
account_00000184,2024-11-01,0.0,0.0,False,no_change,0.0
account_00000184,2024-12-01,0.0,0.0,False,no_change,0.0
account_00000184,2025-01-01,0.0,0.0,False,no_change,0.0
account_00000184,2025-02-01,0.0,0.0,False,no_change,0.0
account_00000184,2025-03-01,0.0,0.0,False,no_change,0.0
account_00000184,2025-04-01,0.0,0.0,False,no_change,0.0
account_00000184,2025-05-01,0.0,0.0,False,no_change,0.0
account_00000184,2025-06-01,0.0,0.0,False,no_change,0.0
account_00000184,2025-07-01,914.51,0.0,False,new,914.51
account_00000184,2025-08-01,914.51,914.51,True,no_change,0.0
account_00000184,2025-09-01,1242.87,914.51,True,expansion,328.3599999999999
account_00000184,2025-10-01,1242.87,1242.87,True,no_change,0.0
account_00000184,2025-11-01,1242.87,1242.87,True,no_change,0.0
account_00000184,2025-12-01,1511.9699999999998,1242.87,True,expansion,269.0999999999999
account_00000184,2026-01-01,1511.9699999999998,1511.9699999999998,True,no_change,0.0
account_00000184,2026-02-01,1592.07,1511.9699999999998,True,expansion,80.10000000000014
account_00000184,2026-03-01,1592.07,1592.07,True,no_change,0.0
account_00000184,2026-04-01,1592.07,1592.07,True,no_change,0.0
account_00000184,2026-05-01,1592.07,1592.07,True,no_change,0.0
account_00000184,2026-06-01,1592.07,1592.07,True,no_change,0.0
account_00000192,2024-01-01,0.0,0.0,False,no_change,0.0
account_00000192,2024-02-01,0.0,0.0,False,no_change,0.0
account_00000192,2024-03-01,0.0,0.0,False,no_change,0.0
account_00000192,2024-04-01,0.0,0.0,False,no_change,0.0
account_00000192,2024-05-01,0.0,0.0,False,no_change,0.0
account_00000192,2024-06-01,0.0,0.0,False,no_change,0.0
account_00000192,2024-07-01,0.0,0.0,False,no_change,0.0
account_00000192,2024-08-01,0.0,0.0,False,no_change,0.0
account_00000192,2024-09-01,0.0,0.0,False,no_change,0.0
account_00000192,2024-10-01,0.0,0.0,False,no_change,0.0
account_00000192,2024-11-01,0.0,0.0,False,no_change,0.0
account_00000192,2024-12-01,0.0,0.0,False,no_change,0.0
account_00000192,2025-01-01,0.0,0.0,False,no_change,0.0
account_00000192,2025-02-01,236.98,0.0,False,new,236.98
account_00000192,2025-03-01,236.98,236.98,True,no_change,0.0
account_00000192,2025-04-01,236.98,236.98,True,no_change,0.0
account_00000192,2025-05-01,236.98,236.98,True,no_change,0.0
account_00000192,2025-06-01,236.98,236.98,True,no_change,0.0
account_00000192,2025-07-01,236.98,236.98,True,no_change,0.0
account_00000192,2025-08-01,236.98,236.98,True,no_change,0.0
account_00000192,2025-09-01,236.98,236.98,True,no_change,0.0
account_00000192,2025-10-01,236.98,236.98,True,no_change,0.0
account_00000192,2025-11-01,236.98,236.98,True,no_change,0.0
account_00000192,2025-12-01,236.98,236.98,True,no_change,0.0
account_00000192,2026-01-01,236.98,236.98,True,no_change,0.0
account_00000192,2026-02-01,236.98,236.98,True,no_change,0.0
account_00000192,2026-03-01,236.98,236.98,True,no_change,0.0
account_00000192,2026-04-01,236.98,236.98,True,no_change,0.0
account_00000192,2026-05-01,236.98,236.98,True,no_change,0.0
account_00000192,2026-06-01,236.98,236.98,True,no_change,0.0
account_00000197,2024-01-01,0.0,0.0,False,no_change,0.0
account_00000197,2024-02-01,0.0,0.0,False,no_change,0.0
account_00000197,2024-03-01,0.0,0.0,False,no_change,0.0
account_00000197,2024-04-01,0.0,0.0,False,no_change,0.0
account_00000197,2024-05-01,0.0,0.0,False,no_change,0.0
account_00000197,2024-06-01,0.0,0.0,False,no_change,0.0
account_00000197,2024-07-01,0.0,0.0,False,no_change,0.0
account_00000197,2024-08-01,0.0,0.0,False,no_change,0.0
account_00000197,2024-09-01,0.0,0.0,False,no_change,0.0
account_00000197,2024-10-01,0.0,0.0,False,no_change,0.0
account_00000197,2024-11-01,0.0,0.0,False,no_change,0.0
account_00000197,2024-12-01,0.0,0.0,False,no_change,0.0
account_00000197,2025-01-01,0.0,0.0,False,no_change,0.0
account_00000197,2025-02-01,0.0,0.0,False,no_change,0.0
account_00000197,2025-03-01,0.0,0.0,False,no_change,0.0
account_00000197,2025-04-01,0.0,0.0,False,no_change,0.0
account_00000197,2025-05-01,0.0,0.0,False,no_change,0.0
account_00000197,2025-06-01,0.0,0.0,False,no_change,0.0
account_00000197,2025-07-01,0.0,0.0,False,no_change,0.0
account_00000197,2025-08-01,0.0,0.0,False,no_change,0.0
account_00000197,2025-09-01,0.0,0.0,False,no_change,0.0
account_00000197,2025-10-01,0.0,0.0,False,no_change,0.0
account_00000197,2025-11-01,0.0,0.0,False,no_change,0.0
account_00000197,2025-12-01,0.0,0.0,False,no_change,0.0
account_00000197,2026-01-01,0.0,0.0,False,no_change,0.0
account_00000197,2026-02-01,0.0,0.0,False,no_change,0.0
account_00000197,2026-03-01,0.0,0.0,False,no_change,0.0
account_00000197,2026-04-01,0.0,0.0,False,no_change,0.0
account_00000197,2026-05-01,0.0,0.0,False,no_change,0.0
account_00000197,2026-06-01,35.8,0.0,False,new,35.8
account_00000204,2024-01-01,0.0,0.0,False,no_change,0.0
account_00000204,2024-02-01,0.0,0.0,False,no_change,0.0
account_00000204,2024-03-01,0.0,0.0,False,no_change,0.0
account_00000204,2024-04-01,0.0,0.0,False,no_change,0.0
account_00000204,2024-05-01,0.0,0.0,False,no_change,0.0
account_00000204,2024-06-01,0.0,0.0,False,no_change,0.0
account_00000204,2024-07-01,0.0,0.0,False,no_change,0.0
account_00000204,2024-08-01,0.0,0.0,False,no_change,0.0
account_00000204,2024-09-01,0.0,0.0,False,no_change,0.0
account_00000204,2024-10-01,0.0,0.0,False,no_change,0.0
account_00000204,2024-11-01,0.0,0.0,False,no_change,0.0
account_00000204,2024-12-01,0.0,0.0,False,no_change,0.0
account_00000204,2025-01-01,0.0,0.0,False,no_change,0.0
account_00000204,2025-02-01,0.0,0.0,False,no_change,0.0
account_00000204,2025-03-01,0.0,0.0,False,no_change,0.0
account_00000204,2025-04-01,0.0,0.0,False,no_change,0.0
account_00000204,2025-05-01,0.0,0.0,False,no_change,0.0
account_00000204,2025-06-01,0.0,0.0,False,no_change,0.0
account_00000204,2025-07-01,0.0,0.0,False,no_change,0.0
account_00000204,2025-08-01,0.0,0.0,False,no_change,0.0
account_00000204,2025-09-01,0.0,0.0,False,no_change,0.0
account_00000204,2025-10-01,13213.17,0.0,False,new,13213.17
account_00000204,2025-11-01,13213.17,13213.17,True,no_change,0.0
account_00000204,2025-12-01,13213.17,13213.17,True,no_change,0.0
account_00000204,2026-01-01,13213.17,13213.17,True,no_change,0.0
account_00000204,2026-02-01,13482.27,13213.17,True,expansion,269.10000000000036
account_00000204,2026-03-01,15903.48,13482.27,True,expansion,2421.209999999999
account_00000204,2026-04-01,15903.48,15903.48,True,no_change,0.0
account_00000204,2026-05-01,19365.59,15903.48,True,expansion,3462.1100000000006
account_00000204,2026-06-01,19365.59,19365.59,True,no_change,0.0
account_00000205,2024-01-01,0.0,0.0,False,no_change,0.0
account_00000205,2024-02-01,0.0,0.0,False,no_change,0.0
account_00000205,2024-03-01,0.0,0.0,False,no_change,0.0
account_00000205,2024-04-01,0.0,0.0,False,no_change,0.0
account_00000205,2024-05-01,0.0,0.0,False,no_change,0.0
account_00000205,2024-06-01,0.0,0.0,False,no_change,0.0
account_00000205,2024-07-01,0.0,0.0,False,no_change,0.0
account_00000205,2024-08-01,0.0,0.0,False,no_change,0.0
account_00000205,2024-09-01,0.0,0.0,False,no_change,0.0
account_00000205,2024-10-01,0.0,0.0,False,no_change,0.0
account_00000205,2024-11-01,0.0,0.0,False,no_change,0.0
account_00000205,2024-12-01,0.0,0.0,False,no_change,0.0
account_00000205,2025-01-01,0.0,0.0,False,no_change,0.0
account_00000205,2025-02-01,0.0,0.0,False,no_change,0.0
account_00000205,2025-03-01,0.0,0.0,False,no_change,0.0
account_00000205,2025-04-01,0.0,0.0,False,no_change,0.0
account_00000205,2025-05-01,0.0,0.0,False,no_change,0.0
account_00000205,2025-06-01,0.0,0.0,False,no_change,0.0
account_00000205,2025-07-01,0.0,0.0,False,no_change,0.0
account_00000205,2025-08-01,0.0,0.0,False,no_change,0.0
account_00000205,2025-09-01,0.0,0.0,False,no_change,0.0
account_00000205,2025-10-01,0.0,0.0,False,no_change,0.0
account_00000205,2025-11-01,0.0,0.0,False,no_change,0.0
account_00000205,2025-12-01,0.0,0.0,False,no_change,0.0
account_00000205,2026-01-01,0.0,0.0,False,no_change,0.0
account_00000205,2026-02-01,0.0,0.0,False,no_change,0.0
account_00000205,2026-03-01,0.0,0.0,False,no_change,0.0
account_00000205,2026-04-01,0.0,0.0,False,no_change,0.0
account_00000205,2026-05-01,40.86,0.0,False,new,40.86
account_00000205,2026-06-01,40.86,40.86,True,no_change,0.0
account_00000206,2024-01-01,0.0,0.0,False,no_change,0.0
account_00000206,2024-02-01,0.0,0.0,False,no_change,0.0
account_00000206,2024-03-01,0.0,0.0,False,no_change,0.0
account_00000206,2024-04-01,0.0,0.0,False,no_change,0.0
account_00000206,2024-05-01,0.0,0.0,False,no_change,0.0
account_00000206,2024-06-01,0.0,0.0,False,no_change,0.0
account_00000206,2024-07-01,0.0,0.0,False,no_change,0.0
account_00000206,2024-08-01,0.0,0.0,False,no_change,0.0
account_00000206,2024-09-01,0.0,0.0,False,no_change,0.0
account_00000206,2024-10-01,0.0,0.0,False,no_change,0.0
account_00000206,2024-11-01,0.0,0.0,False,no_change,0.0
account_00000206,2024-12-01,0.0,0.0,False,no_change,0.0
account_00000206,2025-01-01,0.0,0.0,False,no_change,0.0
account_00000206,2025-02-01,0.0,0.0,False,no_change,0.0
account_00000206,2025-03-01,0.0,0.0,False,no_change,0.0
account_00000206,2025-04-01,0.0,0.0,False,no_change,0.0
account_00000206,2025-05-01,0.0,0.0,False,no_change,0.0
account_00000206,2025-06-01,0.0,0.0,False,no_change,0.0
account_00000206,2025-07-01,0.0,0.0,False,no_change,0.0
account_00000206,2025-08-01,0.0,0.0,False,no_change,0.0
account_00000206,2025-09-01,0.0,0.0,False,no_change,0.0
account_00000206,2025-10-01,0.0,0.0,False,no_change,0.0
account_00000206,2025-11-01,0.0,0.0,False,no_change,0.0
account_00000206,2025-12-01,0.0,0.0,False,no_change,0.0
account_00000206,2026-01-01,0.0,0.0,False,no_change,0.0
account_00000206,2026-02-01,619.92,0.0,False,new,619.92
account_00000206,2026-03-01,619.92,619.92,True,no_change,0.0
account_00000206,2026-04-01,619.92,619.92,True,no_change,0.0
account_00000206,2026-05-01,619.92,619.92,True,no_change,0.0
account_00000206,2026-06-01,619.92,619.92,True,no_change,0.0
account_00000207,2024-01-01,0.0,0.0,False,no_change,0.0
account_00000207,2024-02-01,0.0,0.0,False,no_change,0.0
account_00000207,2024-03-01,0.0,0.0,False,no_change,0.0
account_00000207,2024-04-01,0.0,0.0,False,no_change,0.0
account_00000207,2024-05-01,0.0,0.0,False,no_change,0.0
account_00000207,2024-06-01,0.0,0.0,False,no_change,0.0
account_00000207,2024-07-01,0.0,0.0,False,no_change,0.0
account_00000207,2024-08-01,0.0,0.0,False,no_change,0.0
account_00000207,2024-09-01,0.0,0.0,False,no_change,0.0
account_00000207,2024-10-01,0.0,0.0,False,no_change,0.0
account_00000207,2024-11-01,0.0,0.0,False,no_change,0.0
account_00000207,2024-12-01,0.0,0.0,False,no_change,0.0
account_00000207,2025-01-01,0.0,0.0,False,no_change,0.0
account_00000207,2025-02-01,0.0,0.0,False,no_change,0.0
account_00000207,2025-03-01,0.0,0.0,False,no_change,0.0
account_00000207,2025-04-01,0.0,0.0,False,no_change,0.0
account_00000207,2025-05-01,1841.18,0.0,False,new,1841.18
account_00000207,2025-06-01,1841.18,1841.18,True,no_change,0.0
account_00000207,2025-07-01,1841.18,1841.18,True,no_change,0.0
account_00000207,2025-08-01,1841.18,1841.18,True,no_change,0.0
account_00000207,2025-09-01,1841.18,1841.18,True,no_change,0.0
account_00000207,2025-10-01,1841.18,1841.18,True,no_change,0.0
account_00000207,2025-11-01,2096.32,1841.18,True,expansion,255.1400000000001
account_00000207,2025-12-01,2096.32,2096.32,True,no_change,0.0
account_00000207,2026-01-01,2096.32,2096.32,True,no_change,0.0
account_00000207,2026-02-01,2096.32,2096.32,True,no_change,0.0
account_00000207,2026-03-01,2096.32,2096.32,True,no_change,0.0
account_00000207,2026-04-01,2096.32,2096.32,True,no_change,0.0
account_00000207,2026-05-01,2096.32,2096.32,True,no_change,0.0
account_00000207,2026-06-01,2096.32,2096.32,True,no_change,0.0
account_00000208,2024-01-01,0.0,0.0,False,no_change,0.0
account_00000208,2024-02-01,0.0,0.0,False,no_change,0.0
account_00000208,2024-03-01,0.0,0.0,False,no_change,0.0
account_00000208,2024-04-01,0.0,0.0,False,no_change,0.0
account_00000208,2024-05-01,0.0,0.0,False,no_change,0.0
account_00000208,2024-06-01,0.0,0.0,False,no_change,0.0
account_00000208,2024-07-01,0.0,0.0,False,no_change,0.0
account_00000208,2024-08-01,0.0,0.0,False,no_change,0.0
account_00000208,2024-09-01,0.0,0.0,False,no_change,0.0
account_00000208,2024-10-01,0.0,0.0,False,no_change,0.0
account_00000208,2024-11-01,0.0,0.0,False,no_change,0.0
account_00000208,2024-12-01,0.0,0.0,False,no_change,0.0
account_00000208,2025-01-01,0.0,0.0,False,no_change,0.0
account_00000208,2025-02-01,0.0,0.0,False,no_change,0.0
account_00000208,2025-03-01,0.0,0.0,False,no_change,0.0
account_00000208,2025-04-01,143.52,0.0,False,new,143.52
account_00000208,2025-05-01,143.52,143.52,True,no_change,0.0
account_00000208,2025-06-01,143.52,143.52,True,no_change,0.0
account_00000208,2025-07-01,143.52,143.52,True,no_change,0.0
account_00000208,2025-08-01,143.52,143.52,True,no_change,0.0
account_00000208,2025-09-01,143.52,143.52,True,no_change,0.0
account_00000208,2025-10-01,143.52,143.52,True,no_change,0.0
account_00000208,2025-11-01,143.52,143.52,True,no_change,0.0
account_00000208,2025-12-01,143.52,143.52,True,no_change,0.0
account_00000208,2026-01-01,143.52,143.52,True,no_change,0.0
account_00000208,2026-02-01,143.52,143.52,True,no_change,0.0
account_00000208,2026-03-01,143.52,143.52,True,no_change,0.0
account_00000208,2026-04-01,143.52,143.52,True,no_change,0.0
account_00000208,2026-05-01,143.52,143.52,True,no_change,0.0
account_00000208,2026-06-01,143.52,143.52,True,no_change,0.0
account_00000213,2024-01-01,0.0,0.0,False,no_change,0.0
account_00000213,2024-02-01,0.0,0.0,False,no_change,0.0
account_00000213,2024-03-01,0.0,0.0,False,no_change,0.0
account_00000213,2024-04-01,0.0,0.0,False,no_change,0.0
account_00000213,2024-05-01,0.0,0.0,False,no_change,0.0
account_00000213,2024-06-01,0.0,0.0,False,no_change,0.0
account_00000213,2024-07-01,0.0,0.0,False,no_change,0.0
account_00000213,2024-08-01,0.0,0.0,False,no_change,0.0
account_00000213,2024-09-01,0.0,0.0,False,no_change,0.0
account_00000213,2024-10-01,0.0,0.0,False,no_change,0.0
account_00000213,2024-11-01,0.0,0.0,False,no_change,0.0
account_00000213,2024-12-01,0.0,0.0,False,no_change,0.0
account_00000213,2025-01-01,0.0,0.0,False,no_change,0.0
account_00000213,2025-02-01,0.0,0.0,False,no_change,0.0
account_00000213,2025-03-01,0.0,0.0,False,no_change,0.0
account_00000213,2025-04-01,0.0,0.0,False,no_change,0.0
account_00000213,2025-05-01,0.0,0.0,False,no_change,0.0
account_00000213,2025-06-01,0.0,0.0,False,no_change,0.0
account_00000213,2025-07-01,0.0,0.0,False,no_change,0.0
account_00000213,2025-08-01,0.0,0.0,False,no_change,0.0
account_00000213,2025-09-01,0.0,0.0,False,no_change,0.0
account_00000213,2025-10-01,0.0,0.0,False,no_change,0.0
account_00000213,2025-11-01,0.0,0.0,False,no_change,0.0
account_00000213,2025-12-01,0.0,0.0,False,no_change,0.0
account_00000213,2026-01-01,0.0,0.0,False,no_change,0.0
account_00000213,2026-02-01,0.0,0.0,False,no_change,0.0
account_00000213,2026-03-01,0.0,0.0,False,no_change,0.0
account_00000213,2026-04-01,0.0,0.0,False,no_change,0.0
account_00000213,2026-05-01,0.0,0.0,False,no_change,0.0
account_00000213,2026-06-01,1517.92,0.0,False,new,1517.92
account_00000221,2024-01-01,0.0,0.0,False,no_change,0.0
account_00000221,2024-02-01,0.0,0.0,False,no_change,0.0
account_00000221,2024-03-01,0.0,0.0,False,no_change,0.0
account_00000221,2024-04-01,0.0,0.0,False,no_change,0.0
account_00000221,2024-05-01,0.0,0.0,False,no_change,0.0
account_00000221,2024-06-01,0.0,0.0,False,no_change,0.0
account_00000221,2024-07-01,0.0,0.0,False,no_change,0.0
account_00000221,2024-08-01,0.0,0.0,False,no_change,0.0
account_00000221,2024-09-01,0.0,0.0,False,no_change,0.0
account_00000221,2024-10-01,0.0,0.0,False,no_change,0.0
account_00000221,2024-11-01,0.0,0.0,False,no_change,0.0
account_00000221,2024-12-01,0.0,0.0,False,no_change,0.0
account_00000221,2025-01-01,0.0,0.0,False,no_change,0.0
account_00000221,2025-02-01,0.0,0.0,False,no_change,0.0
account_00000221,2025-03-01,0.0,0.0,False,no_change,0.0
account_00000221,2025-04-01,0.0,0.0,False,no_change,0.0
account_00000221,2025-05-01,0.0,0.0,False,no_change,0.0
account_00000221,2025-06-01,0.0,0.0,False,no_change,0.0
account_00000221,2025-07-01,0.0,0.0,False,no_change,0.0
account_00000221,2025-08-01,0.0,0.0,False,no_change,0.0
account_00000221,2025-09-01,0.0,0.0,False,no_change,0.0
account_00000221,2025-10-01,323.24,0.0,False,new,323.24
account_00000221,2025-11-01,323.24,323.24,True,no_change,0.0
account_00000221,2025-12-01,323.24,323.24,True,no_change,0.0
account_00000221,2026-01-01,323.24,323.24,True,no_change,0.0
account_00000221,2026-02-01,323.24,323.24,True,no_change,0.0
account_00000221,2026-03-01,323.24,323.24,True,no_change,0.0
account_00000221,2026-04-01,323.24,323.24,True,no_change,0.0
account_00000221,2026-05-01,289.59,323.24,True,contraction,-33.650000000000034
account_00000221,2026-06-01,289.59,289.59,True,no_change,0.0
account_00000222,2024-01-01,0.0,0.0,False,no_change,0.0
account_00000222,2024-02-01,0.0,0.0,False,no_change,0.0
account_00000222,2024-03-01,0.0,0.0,False,no_change,0.0
account_00000222,2024-04-01,0.0,0.0,False,no_change,0.0
account_00000222,2024-05-01,0.0,0.0,False,no_change,0.0
account_00000222,2024-06-01,0.0,0.0,False,no_change,0.0
account_00000222,2024-07-01,0.0,0.0,False,no_change,0.0
account_00000222,2024-08-01,0.0,0.0,False,no_change,0.0
account_00000222,2024-09-01,0.0,0.0,False,no_change,0.0
account_00000222,2024-10-01,0.0,0.0,False,no_change,0.0
account_00000222,2024-11-01,0.0,0.0,False,no_change,0.0
account_00000222,2024-12-01,0.0,0.0,False,no_change,0.0
account_00000222,2025-01-01,0.0,0.0,False,no_change,0.0
account_00000222,2025-02-01,1051.0,0.0,False,new,1051.0
account_00000222,2025-03-01,1051.0,1051.0,True,no_change,0.0
account_00000222,2025-04-01,1222.56,1051.0,True,expansion,171.55999999999995
account_00000222,2025-05-01,1222.56,1222.56,True,no_change,0.0
account_00000222,2025-06-01,1222.56,1222.56,True,no_change,0.0
account_00000222,2025-07-01,1420.56,1222.56,True,expansion,198.0
account_00000222,2025-08-01,1819.56,1420.56,True,expansion,399.0
account_00000222,2025-09-01,1819.56,1819.56,True,no_change,0.0
account_00000222,2025-10-01,1819.56,1819.56,True,no_change,0.0
account_00000222,2025-11-01,1819.56,1819.56,True,no_change,0.0
account_00000222,2025-12-01,1819.56,1819.56,True,no_change,0.0
account_00000222,2026-01-01,1819.56,1819.56,True,no_change,0.0
account_00000222,2026-02-01,1819.56,1819.56,True,no_change,0.0
account_00000222,2026-03-01,1819.56,1819.56,True,no_change,0.0
account_00000222,2026-04-01,1819.56,1819.56,True,no_change,0.0
account_00000222,2026-05-01,1819.56,1819.56,True,no_change,0.0
account_00000222,2026-06-01,1819.56,1819.56,True,no_change,0.0
account_00000228,2024-01-01,0.0,0.0,False,no_change,0.0
account_00000228,2024-02-01,0.0,0.0,False,no_change,0.0
account_00000228,2024-03-01,0.0,0.0,False,no_change,0.0
account_00000228,2024-04-01,0.0,0.0,False,no_change,0.0
account_00000228,2024-05-01,0.0,0.0,False,no_change,0.0
account_00000228,2024-06-01,0.0,0.0,False,no_change,0.0
account_00000228,2024-07-01,0.0,0.0,False,no_change,0.0
account_00000228,2024-08-01,0.0,0.0,False,no_change,0.0
account_00000228,2024-09-01,0.0,0.0,False,no_change,0.0
account_00000228,2024-10-01,0.0,0.0,False,no_change,0.0
account_00000228,2024-11-01,0.0,0.0,False,no_change,0.0
account_00000228,2024-12-01,0.0,0.0,False,no_change,0.0
account_00000228,2025-01-01,0.0,0.0,False,no_change,0.0
account_00000228,2025-02-01,0.0,0.0,False,no_change,0.0
account_00000228,2025-03-01,0.0,0.0,False,no_change,0.0
account_00000228,2025-04-01,106.92,0.0,False,new,106.92
account_00000228,2025-05-01,106.92,106.92,True,no_change,0.0
account_00000228,2025-06-01,106.92,106.92,True,no_change,0.0
account_00000228,2025-07-01,106.92,106.92,True,no_change,0.0
account_00000228,2025-08-01,106.92,106.92,True,no_change,0.0
account_00000228,2025-09-01,106.92,106.92,True,no_change,0.0
account_00000228,2025-10-01,106.92,106.92,True,no_change,0.0
account_00000228,2025-11-01,106.92,106.92,True,no_change,0.0
account_00000228,2025-12-01,106.92,106.92,True,no_change,0.0
account_00000228,2026-01-01,106.92,106.92,True,no_change,0.0
account_00000228,2026-02-01,106.92,106.92,True,no_change,0.0
account_00000228,2026-03-01,106.92,106.92,True,no_change,0.0
account_00000228,2026-04-01,106.92,106.92,True,no_change,0.0
account_00000228,2026-05-01,106.92,106.92,True,no_change,0.0
account_00000228,2026-06-01,106.92,106.92,True,no_change,0.0
account_00000229,2024-01-01,0.0,0.0,False,no_change,0.0
account_00000229,2024-02-01,0.0,0.0,False,no_change,0.0
account_00000229,2024-03-01,0.0,0.0,False,no_change,0.0
account_00000229,2024-04-01,0.0,0.0,False,no_change,0.0
account_00000229,2024-05-01,53.55,0.0,False,new,53.55
account_00000229,2024-06-01,53.55,53.55,True,no_change,0.0
account_00000229,2024-07-01,53.55,53.55,True,no_change,0.0
account_00000229,2024-08-01,53.55,53.55,True,no_change,0.0
account_00000229,2024-09-01,53.55,53.55,True,no_change,0.0
account_00000229,2024-10-01,53.55,53.55,True,no_change,0.0
account_00000229,2024-11-01,53.55,53.55,True,no_change,0.0
account_00000229,2024-12-01,53.55,53.55,True,no_change,0.0
account_00000229,2025-01-01,53.55,53.55,True,no_change,0.0
account_00000229,2025-02-01,53.55,53.55,True,no_change,0.0
account_00000229,2025-03-01,53.55,53.55,True,no_change,0.0
account_00000229,2025-04-01,46.82,53.55,True,contraction,-6.729999999999997
account_00000229,2025-05-01,46.82,46.82,True,no_change,0.0
account_00000229,2025-06-01,46.82,46.82,True,no_change,0.0
account_00000229,2025-07-01,46.82,46.82,True,no_change,0.0
account_00000229,2025-08-01,46.82,46.82,True,no_change,0.0
account_00000229,2025-09-01,46.82,46.82,True,no_change,0.0
account_00000229,2025-10-01,46.82,46.82,True,no_change,0.0
account_00000229,2025-11-01,46.82,46.82,True,no_change,0.0
account_00000229,2025-12-01,46.82,46.82,True,no_change,0.0
account_00000229,2026-01-01,46.82,46.82,True,no_change,0.0
account_00000229,2026-02-01,46.82,46.82,True,no_change,0.0
account_00000229,2026-03-01,46.82,46.82,True,no_change,0.0
account_00000229,2026-04-01,46.82,46.82,True,no_change,0.0
account_00000229,2026-05-01,46.82,46.82,True,no_change,0.0
account_00000229,2026-06-01,46.82,46.82,True,no_change,0.0
account_00000230,2024-01-01,0.0,0.0,False,no_change,0.0
account_00000230,2024-02-01,0.0,0.0,False,no_change,0.0
account_00000230,2024-03-01,0.0,0.0,False,no_change,0.0
account_00000230,2024-04-01,0.0,0.0,False,no_change,0.0
account_00000230,2024-05-01,0.0,0.0,False,no_change,0.0
account_00000230,2024-06-01,0.0,0.0,False,no_change,0.0
account_00000230,2024-07-01,0.0,0.0,False,no_change,0.0
account_00000230,2024-08-01,0.0,0.0,False,no_change,0.0
account_00000230,2024-09-01,0.0,0.0,False,no_change,0.0
account_00000230,2024-10-01,0.0,0.0,False,no_change,0.0
account_00000230,2024-11-01,0.0,0.0,False,no_change,0.0
account_00000230,2024-12-01,0.0,0.0,False,no_change,0.0
account_00000230,2025-01-01,0.0,0.0,False,no_change,0.0
account_00000230,2025-02-01,0.0,0.0,False,no_change,0.0
account_00000230,2025-03-01,0.0,0.0,False,no_change,0.0
account_00000230,2025-04-01,0.0,0.0,False,no_change,0.0
account_00000230,2025-05-01,0.0,0.0,False,no_change,0.0
account_00000230,2025-06-01,0.0,0.0,False,no_change,0.0
account_00000230,2025-07-01,0.0,0.0,False,no_change,0.0
account_00000230,2025-08-01,0.0,0.0,False,no_change,0.0
account_00000230,2025-09-01,0.0,0.0,False,no_change,0.0
account_00000230,2025-10-01,0.0,0.0,False,no_change,0.0
account_00000230,2025-11-01,0.0,0.0,False,no_change,0.0
account_00000230,2025-12-01,0.0,0.0,False,no_change,0.0
account_00000230,2026-01-01,0.0,0.0,False,no_change,0.0
account_00000230,2026-02-01,0.0,0.0,False,no_change,0.0
account_00000230,2026-03-01,0.0,0.0,False,no_change,0.0
account_00000230,2026-04-01,35.8,0.0,False,new,35.8
account_00000230,2026-05-01,35.8,35.8,True,no_change,0.0
account_00000230,2026-06-01,35.8,35.8,True,no_change,0.0
account_00000234,2024-01-01,0.0,0.0,False,no_change,0.0
account_00000234,2024-02-01,0.0,0.0,False,no_change,0.0
account_00000234,2024-03-01,0.0,0.0,False,no_change,0.0
account_00000234,2024-04-01,0.0,0.0,False,no_change,0.0
account_00000234,2024-05-01,0.0,0.0,False,no_change,0.0
account_00000234,2024-06-01,0.0,0.0,False,no_change,0.0
account_00000234,2024-07-01,0.0,0.0,False,no_change,0.0
account_00000234,2024-08-01,0.0,0.0,False,no_change,0.0
account_00000234,2024-09-01,1003.96,0.0,False,new,1003.96
account_00000234,2024-10-01,1003.96,1003.96,True,no_change,0.0
account_00000234,2024-11-01,1003.96,1003.96,True,no_change,0.0
account_00000234,2024-12-01,1003.96,1003.96,True,no_change,0.0
account_00000234,2025-01-01,1003.96,1003.96,True,no_change,0.0
account_00000234,2025-02-01,819.28,1003.96,True,contraction,-184.68000000000006
account_00000234,2025-03-01,819.28,819.28,True,no_change,0.0
account_00000234,2025-04-01,819.28,819.28,True,no_change,0.0
account_00000234,2025-05-01,819.28,819.28,True,no_change,0.0
account_00000234,2025-06-01,819.28,819.28,True,no_change,0.0
account_00000234,2025-07-01,819.28,819.28,True,no_change,0.0
account_00000234,2025-08-01,819.28,819.28,True,no_change,0.0
account_00000234,2025-09-01,819.28,819.28,True,no_change,0.0
account_00000234,2025-10-01,707.53,819.28,True,contraction,-111.75
account_00000234,2025-11-01,707.53,707.53,True,no_change,0.0
account_00000234,2025-12-01,707.53,707.53,True,no_change,0.0
account_00000234,2026-01-01,707.53,707.53,True,no_change,0.0
account_00000234,2026-02-01,707.53,707.53,True,no_change,0.0
account_00000234,2026-03-01,707.53,707.53,True,no_change,0.0
account_00000234,2026-04-01,707.53,707.53,True,no_change,0.0
account_00000234,2026-05-01,707.53,707.53,True,no_change,0.0
account_00000234,2026-06-01,707.53,707.53,True,no_change,0.0
account_00000244,2024-01-01,0.0,0.0,False,no_change,0.0
account_00000244,2024-02-01,0.0,0.0,False,no_change,0.0
account_00000244,2024-03-01,0.0,0.0,False,no_change,0.0
account_00000244,2024-04-01,0.0,0.0,False,no_change,0.0
account_00000244,2024-05-01,0.0,0.0,False,no_change,0.0
account_00000244,2024-06-01,0.0,0.0,False,no_change,0.0
account_00000244,2024-07-01,0.0,0.0,False,no_change,0.0
account_00000244,2024-08-01,0.0,0.0,False,no_change,0.0
account_00000244,2024-09-01,210.33,0.0,False,new,210.33
account_00000244,2024-10-01,210.33,210.33,True,no_change,0.0
account_00000244,2024-11-01,210.33,210.33,True,no_change,0.0
account_00000244,2024-12-01,210.33,210.33,True,no_change,0.0
account_00000244,2025-01-01,210.33,210.33,True,no_change,0.0
account_00000244,2025-02-01,210.33,210.33,True,no_change,0.0
account_00000244,2025-03-01,210.33,210.33,True,no_change,0.0
account_00000244,2025-04-01,210.33,210.33,True,no_change,0.0
account_00000244,2025-05-01,210.33,210.33,True,no_change,0.0
account_00000244,2025-06-01,210.33,210.33,True,no_change,0.0
account_00000244,2025-07-01,210.33,210.33,True,no_change,0.0
account_00000244,2025-08-01,210.33,210.33,True,no_change,0.0
account_00000244,2025-09-01,210.33,210.33,True,no_change,0.0
account_00000244,2025-10-01,210.33,210.33,True,no_change,0.0
account_00000244,2025-11-01,210.33,210.33,True,no_change,0.0
account_00000244,2025-12-01,210.33,210.33,True,no_change,0.0
account_00000244,2026-01-01,210.33,210.33,True,no_change,0.0
account_00000244,2026-02-01,210.33,210.33,True,no_change,0.0
account_00000244,2026-03-01,259.13,210.33,True,expansion,48.79999999999998
account_00000244,2026-04-01,259.13,259.13,True,no_change,0.0
account_00000244,2026-05-01,259.13,259.13,True,no_change,0.0
account_00000244,2026-06-01,259.13,259.13,True,no_change,0.0
account_00000245,2024-01-01,0.0,0.0,False,no_change,0.0
account_00000245,2024-02-01,0.0,0.0,False,no_change,0.0
account_00000245,2024-03-01,0.0,0.0,False,no_change,0.0
account_00000245,2024-04-01,0.0,0.0,False,no_change,0.0
account_00000245,2024-05-01,0.0,0.0,False,no_change,0.0
account_00000245,2024-06-01,0.0,0.0,False,no_change,0.0
account_00000245,2024-07-01,0.0,0.0,False,no_change,0.0
account_00000245,2024-08-01,0.0,0.0,False,no_change,0.0
account_00000245,2024-09-01,0.0,0.0,False,no_change,0.0
account_00000245,2024-10-01,0.0,0.0,False,no_change,0.0
account_00000245,2024-11-01,0.0,0.0,False,no_change,0.0
account_00000245,2024-12-01,0.0,0.0,False,no_change,0.0
account_00000245,2025-01-01,0.0,0.0,False,no_change,0.0
account_00000245,2025-02-01,0.0,0.0,False,no_change,0.0
account_00000245,2025-03-01,0.0,0.0,False,no_change,0.0
account_00000245,2025-04-01,0.0,0.0,False,no_change,0.0
account_00000245,2025-05-01,0.0,0.0,False,no_change,0.0
account_00000245,2025-06-01,0.0,0.0,False,no_change,0.0
account_00000245,2025-07-01,0.0,0.0,False,no_change,0.0
account_00000245,2025-08-01,0.0,0.0,False,no_change,0.0
account_00000245,2025-09-01,0.0,0.0,False,no_change,0.0
account_00000245,2025-10-01,0.0,0.0,False,no_change,0.0
account_00000245,2025-11-01,0.0,0.0,False,no_change,0.0
account_00000245,2025-12-01,0.0,0.0,False,no_change,0.0
account_00000245,2026-01-01,0.0,0.0,False,no_change,0.0
account_00000245,2026-02-01,0.0,0.0,False,no_change,0.0
account_00000245,2026-03-01,0.0,0.0,False,no_change,0.0
account_00000245,2026-04-01,0.0,0.0,False,no_change,0.0
account_00000245,2026-05-01,166.65,0.0,False,new,166.65
account_00000245,2026-06-01,150.33,166.65,True,contraction,-16.319999999999993
account_00000247,2024-01-01,0.0,0.0,False,no_change,0.0
account_00000247,2024-02-01,0.0,0.0,False,no_change,0.0
account_00000247,2024-03-01,0.0,0.0,False,no_change,0.0
account_00000247,2024-04-01,0.0,0.0,False,no_change,0.0
account_00000247,2024-05-01,0.0,0.0,False,no_change,0.0
account_00000247,2024-06-01,0.0,0.0,False,no_change,0.0
account_00000247,2024-07-01,0.0,0.0,False,no_change,0.0
account_00000247,2024-08-01,0.0,0.0,False,no_change,0.0
account_00000247,2024-09-01,0.0,0.0,False,no_change,0.0
account_00000247,2024-10-01,0.0,0.0,False,no_change,0.0
account_00000247,2024-11-01,0.0,0.0,False,no_change,0.0
account_00000247,2024-12-01,0.0,0.0,False,no_change,0.0
account_00000247,2025-01-01,0.0,0.0,False,no_change,0.0
account_00000247,2025-02-01,0.0,0.0,False,no_change,0.0
account_00000247,2025-03-01,0.0,0.0,False,no_change,0.0
account_00000247,2025-04-01,0.0,0.0,False,no_change,0.0
account_00000247,2025-05-01,0.0,0.0,False,no_change,0.0
account_00000247,2025-06-01,0.0,0.0,False,no_change,0.0
account_00000247,2025-07-01,0.0,0.0,False,no_change,0.0
account_00000247,2025-08-01,0.0,0.0,False,no_change,0.0
account_00000247,2025-09-01,0.0,0.0,False,no_change,0.0
account_00000247,2025-10-01,0.0,0.0,False,no_change,0.0
account_00000247,2025-11-01,0.0,0.0,False,no_change,0.0
account_00000247,2025-12-01,0.0,0.0,False,no_change,0.0
account_00000247,2026-01-01,0.0,0.0,False,no_change,0.0
account_00000247,2026-02-01,0.0,0.0,False,no_change,0.0
account_00000247,2026-03-01,0.0,0.0,False,no_change,0.0
account_00000247,2026-04-01,104.5,0.0,False,new,104.5
account_00000247,2026-05-01,463.6,104.5,True,expansion,359.1
account_00000247,2026-06-01,687.7,463.6,True,expansion,224.10000000000002
