month,subscription_id,mrr_eur,recurring_items,account_id,country_code,region_id,segment,sales_motion,acquisition_channel
2024-03-01,subscription_00000023,53.55,1,account_00000085,DE,dach,micro,self_service,organic_search
2024-03-01,subscription_00000065,33.15,1,account_00000183,IE,western_europe,micro,self_service,events
2024-04-01,subscription_00000015,128.39,1,account_00000044,NL,benelux,small,sales_assisted,paid_search
2024-04-01,subscription_00000019,452.0,1,account_00000069,AT,dach,medium,self_service,referral
2024-04-01,subscription_00000023,53.55,1,account_00000085,DE,dach,micro,self_service,organic_search
2024-04-01,subscription_00000063,118.0,1,account_00000173,SE,nordics,small,self_service,referral
2024-04-01,subscription_00000065,33.15,1,account_00000183,IE,western_europe,micro,self_service,events
2024-05-01,subscription_00000003,143.5,1,account_00000004,NO,nordics,small,sales_assisted,referral
2024-05-01,subscription_00000015,128.39,1,account_00000044,NL,benelux,small,sales_assisted,paid_search
2024-05-01,subscription_00000019,452.0,1,account_00000069,AT,dach,medium,self_service,referral
2024-05-01,subscription_00000023,63.75,1,account_00000085,DE,dach,micro,self_service,organic_search
2024-05-01,subscription_00000035,160.69,1,account_00000106,NO,nordics,small,partner_led,organic_search
2024-05-01,subscription_00000058,96.03,1,account_00000157,NL,benelux,micro,partner_led,organic_search
2024-05-01,subscription_00000063,118.0,1,account_00000173,SE,nordics,small,self_service,referral
2024-05-01,subscription_00000065,33.15,1,account_00000183,IE,western_europe,micro,self_service,events
2024-05-01,subscription_00000078,53.55,1,account_00000229,GB,western_europe,micro,sales_assisted,outbound_sales
2024-06-01,subscription_00000003,143.5,1,account_00000004,NO,nordics,small,sales_assisted,referral
2024-06-01,subscription_00000008,171.0,1,account_00000022,SE,nordics,small,self_service,referral
2024-06-01,subscription_00000015,128.39,1,account_00000044,NL,benelux,small,sales_assisted,paid_search
2024-06-01,subscription_00000019,452.0,1,account_00000069,AT,dach,medium,self_service,referral
2024-06-01,subscription_00000023,63.75,1,account_00000085,DE,dach,micro,self_service,organic_search
2024-06-01,subscription_00000035,160.69,1,account_00000106,NO,nordics,small,partner_led,organic_search
2024-06-01,subscription_00000050,3350.77,1,account_00000134,BE,benelux,mid_market,partner_led,outbound_sales
2024-06-01,subscription_00000058,96.03,1,account_00000157,NL,benelux,micro,partner_led,organic_search
2024-06-01,subscription_00000063,118.0,1,account_00000173,SE,nordics,small,self_service,referral
2024-06-01,subscription_00000065,33.15,1,account_00000183,IE,western_europe,micro,self_service,events
2024-06-01,subscription_00000078,53.55,1,account_00000229,GB,western_europe,micro,sales_assisted,outbound_sales
2024-07-01,subscription_00000003,187.6,2,account_00000004,NO,nordics,small,sales_assisted,referral
2024-07-01,subscription_00000006,853.95,1,account_00000013,NL,benelux,medium,partner_led,outbound_sales
2024-07-01,subscription_00000008,171.0,1,account_00000022,SE,nordics,small,self_service,referral
2024-07-01,subscription_00000009,108.97,1,account_00000023,DE,dach,small,partner_led,partner
2024-07-01,subscription_00000015,128.39,1,account_00000044,NL,benelux,small,sales_assisted,paid_search
2024-07-01,subscription_00000019,452.0,1,account_00000069,AT,dach,medium,self_service,referral
2024-07-01,subscription_00000023,63.75,1,account_00000085,DE,dach,micro,self_service,organic_search
2024-07-01,subscription_00000035,160.69,1,account_00000106,NO,nordics,small,partner_led,organic_search
2024-07-01,subscription_00000037,872.9,1,account_00000110,PL,central_europe,medium,partner_led,organic_search
2024-07-01,subscription_00000050,3412.87,2,account_00000134,BE,benelux,mid_market,partner_led,outbound_sales
2024-07-01,subscription_00000056,7038.32,1,account_00000152,IE,western_europe,mid_market,partner_led,paid_search
2024-07-01,subscription_00000058,96.03,1,account_00000157,NL,benelux,micro,partner_led,organic_search
2024-07-01,subscription_00000063,118.0,1,account_00000173,SE,nordics,small,self_service,referral
2024-07-01,subscription_00000065,33.15,1,account_00000183,IE,western_europe,micro,self_service,events
2024-07-01,subscription_00000078,53.55,1,account_00000229,GB,western_europe,micro,sales_assisted,outbound_sales
2024-08-01,subscription_00000003,187.6,2,account_00000004,NO,nordics,small,sales_assisted,referral
2024-08-01,subscription_00000006,898.0500000000001,2,account_00000013,NL,benelux,medium,partner_led,outbound_sales
2024-08-01,subscription_00000008,171.0,1,account_00000022,SE,nordics,small,self_service,referral
2024-08-01,subscription_00000009,108.97,1,account_00000023,DE,dach,small,partner_led,partner
2024-08-01,subscription_00000015,128.39,1,account_00000044,NL,benelux,small,sales_assisted,paid_search
2024-08-01,subscription_00000019,452.0,1,account_00000069,AT,dach,medium,self_service,referral
2024-08-01,subscription_00000022,251.0,1,account_00000083,GB,western_europe,small,self_service,paid_social
2024-08-01,subscription_00000023,63.75,1,account_00000085,DE,dach,micro,self_service,organic_search
2024-08-01,subscription_00000033,43.35,1,account_00000104,NO,nordics,micro,sales_assisted,direct
2024-08-01,subscription_00000035,160.69,1,account_00000106,NO,nordics,small,partner_led,organic_search
2024-08-01,subscription_00000037,1071.62,1,account_00000110,PL,central_europe,medium,partner_led,organic_search
2024-08-01,subscription_00000039,1213.0,1,account_00000113,BE,benelux,medium,self_service,organic_search
2024-08-01,subscription_00000043,99.0,1,account_00000124,DE,dach,micro,self_service,paid_search
2024-08-01,subscription_00000046,1334.0,1,account_00000128,AT,dach,medium,sales_assisted,outbound_sales
2024-08-01,subscription_00000050,3412.87,2,account_00000134,BE,benelux,mid_market,partner_led,outbound_sales
2024-08-01,subscription_00000056,7397.42,2,account_00000152,IE,western_europe,mid_market,partner_led,paid_search
2024-08-01,subscription_00000058,96.03,1,account_00000157,NL,benelux,micro,partner_led,organic_search
2024-08-01,subscription_00000063,118.0,1,account_00000173,SE,nordics,small,self_service,referral
2024-08-01,subscription_00000065,33.15,1,account_00000183,IE,western_europe,micro,self_service,events
2024-08-01,subscription_00000078,53.55,1,account_00000229,GB,western_europe,micro,sales_assisted,outbound_sales
2024-09-01,subscription_00000003,187.6,2,account_00000004,NO,nordics,small,sales_assisted,referral
2024-09-01,subscription_00000006,898.0500000000001,2,account_00000013,NL,benelux,medium,partner_led,outbound_sales
2024-09-01,subscription_00000008,171.0,1,account_00000022,SE,nordics,small,self_service,referral
2024-09-01,subscription_00000009,108.97,1,account_00000023,DE,dach,small,partner_led,partner
2024-09-01,subscription_00000015,541.9,3,account_00000044,NL,benelux,small,sales_assisted,paid_search
2024-09-01,subscription_00000019,496.1,2,account_00000069,AT,dach,medium,self_service,referral
2024-09-01,subscription_00000022,251.0,1,account_00000083,GB,western_europe,small,self_service,paid_social
2024-09-01,subscription_00000023,63.75,1,account_00000085,DE,dach,micro,self_service,organic_search
2024-09-01,subscription_00000033,43.35,1,account_00000104,NO,nordics,micro,sales_assisted,direct
2024-09-01,subscription_00000035,160.69,1,account_00000106,NO,nordics,small,partner_led,organic_search
2024-09-01,subscription_00000037,1071.62,1,account_00000110,PL,central_europe,medium,partner_led,organic_search
2024-09-01,subscription_00000039,1213.0,1,account_00000113,BE,benelux,medium,self_service,organic_search
2024-09-01,subscription_00000043,99.0,1,account_00000124,DE,dach,micro,self_service,paid_search
2024-09-01,subscription_00000046,1334.0,1,account_00000128,AT,dach,medium,sales_assisted,outbound_sales
2024-09-01,subscription_00000050,3412.87,2,account_00000134,BE,benelux,mid_market,partner_led,outbound_sales
2024-09-01,subscription_00000052,1464.7,1,account_00000136,AT,dach,medium,sales_assisted,organic_search
2024-09-01,subscription_00000056,7397.42,2,account_00000152,IE,western_europe,mid_market,partner_led,paid_search
2024-09-01,subscription_00000058,96.03,1,account_00000157,NL,benelux,micro,partner_led,organic_search
2024-09-01,subscription_00000063,118.0,1,account_00000173,SE,nordics,small,self_service,referral
2024-09-01,subscription_00000065,33.15,1,account_00000183,IE,western_europe,micro,self_service,events
2024-09-01,subscription_00000078,53.55,1,account_00000229,GB,western_europe,micro,sales_assisted,outbound_sales
2024-09-01,subscription_00000080,1003.96,1,account_00000234,IT,southern_europe,medium,sales_assisted,organic_search
2024-09-01,subscription_00000081,210.33,1,account_00000244,ES,southern_europe,small,sales_assisted,outbound_sales
2024-10-01,subscription_00000003,187.6,2,account_00000004,NO,nordics,small,sales_assisted,referral
2024-10-01,subscription_00000006,898.0500000000001,2,account_00000013,NL,benelux,medium,partner_led,outbound_sales
2024-10-01,subscription_00000008,171.0,1,account_00000022,SE,nordics,small,self_service,referral
2024-10-01,subscription_00000009,108.97,1,account_00000023,DE,dach,small,partner_led,partner
2024-10-01,subscription_00000015,541.9,3,account_00000044,NL,benelux,small,sales_assisted,paid_search
2024-10-01,subscription_00000019,496.1,2,account_00000069,AT,dach,medium,self_service,referral
2024-10-01,subscription_00000022,251.0,1,account_00000083,GB,western_europe,small,self_service,paid_social
2024-10-01,subscription_00000023,63.75,1,account_00000085,DE,dach,micro,self_service,organic_search
2024-10-01,subscription_00000033,159.45,2,account_00000104,NO,nordics,micro,sales_assisted,direct
2024-10-01,subscription_00000035,160.69,1,account_00000106,NO,nordics,small,partner_led,organic_search
2024-10-01,subscription_00000037,1071.62,1,account_00000110,PL,central_europe,medium,partner_led,organic_search
2024-10-01,subscription_00000039,1213.0,1,account_00000113,BE,benelux,medium,self_service,organic_search
2024-10-01,subscription_00000042,46.92,1,account_00000123,FR,western_europe,micro,partner_led,partner
2024-10-01,subscription_00000043,99.0,1,account_00000124,DE,dach,micro,self_service,paid_search
2024-10-01,subscription_00000046,1334.0,1,account_00000128,AT,dach,medium,sales_assisted,outbound_sales
2024-10-01,subscription_00000050,3412.87,2,account_00000134,BE,benelux,mid_market,partner_led,outbound_sales
2024-10-01,subscription_00000052,1464.7,1,account_00000136,AT,dach,medium,sales_assisted,organic_search
2024-10-01,subscription_00000056,7397.42,2,account_00000152,IE,western_europe,mid_market,partner_led,paid_search
2024-10-01,subscription_00000058,96.03,1,account_00000157,NL,benelux,micro,partner_led,organic_search
2024-10-01,subscription_00000063,118.0,1,account_00000173,SE,nordics,small,self_service,referral
2024-10-01,subscription_00000065,33.15,1,account_00000183,IE,western_europe,micro,self_service,events
2024-10-01,subscription_00000078,53.55,1,account_00000229,GB,western_europe,micro,sales_assisted,outbound_sales
2024-10-01,subscription_00000080,1003.96,1,account_00000234,IT,southern_europe,medium,sales_assisted,organic_search
2024-10-01,subscription_00000081,210.33,1,account_00000244,ES,southern_europe,small,sales_assisted,outbound_sales
2024-11-01,subscription_00000003,187.6,2,account_00000004,NO,nordics,small,sales_assisted,referral
2024-11-01,subscription_00000006,898.0500000000001,2,account_00000013,NL,benelux,medium,partner_led,outbound_sales
2024-11-01,subscription_00000008,171.0,1,account_00000022,SE,nordics,small,self_service,referral
2024-11-01,subscription_00000009,108.97,1,account_00000023,DE,dach,small,partner_led,partner
2024-11-01,subscription_00000015,541.9,3,account_00000044,NL,benelux,small,sales_assisted,paid_search
2024-11-01,subscription_00000019,496.1,2,account_00000069,AT,dach,medium,self_service,referral
2024-11-01,subscription_00000022,251.0,1,account_00000083,GB,western_europe,small,self_service,paid_social
2024-11-01,subscription_00000023,63.75,1,account_00000085,DE,dach,micro,self_service,organic_search
2024-11-01,subscription_00000028,50.87,1,account_00000093,ES,southern_europe,micro,sales_assisted,outbound_sales
2024-11-01,subscription_00000033,159.45,2,account_00000104,NO,nordics,micro,sales_assisted,direct
2024-11-01,subscription_00000035,160.69,1,account_00000106,NO,nordics,small,partner_led,organic_search
2024-11-01,subscription_00000037,1071.62,1,account_00000110,PL,central_europe,medium,partner_led,organic_search
2024-11-01,subscription_00000039,1537.0,1,account_00000113,BE,benelux,medium,self_service,organic_search
2024-11-01,subscription_00000042,46.92,1,account_00000123,FR,western_europe,micro,partner_led,partner
2024-11-01,subscription_00000043,99.0,1,account_00000124,DE,dach,micro,self_service,paid_search
2024-11-01,subscription_00000046,1334.0,1,account_00000128,AT,dach,medium,sales_assisted,outbound_sales
2024-11-01,subscription_00000050,3412.87,2,account_00000134,BE,benelux,mid_market,partner_led,outbound_sales
2024-11-01,subscription_00000052,1464.7,1,account_00000136,AT,dach,medium,sales_assisted,organic_search
2024-11-01,subscription_00000054,183.0,1,account_00000138,DE,dach,small,self_service,referral
2024-11-01,subscription_00000056,7397.42,2,account_00000152,IE,western_europe,mid_market,partner_led,paid_search
2024-11-01,subscription_00000058,96.03,1,account_00000157,NL,benelux,micro,partner_led,organic_search
2024-11-01,subscription_00000063,118.0,1,account_00000173,SE,nordics,small,self_service,referral
2024-11-01,subscription_00000065,33.15,1,account_00000183,IE,western_europe,micro,self_service,events
2024-11-01,subscription_00000078,53.55,1,account_00000229,GB,western_europe,micro,sales_assisted,outbound_sales
2024-11-01,subscription_00000080,1003.96,1,account_00000234,IT,southern_europe,medium,sales_assisted,organic_search
2024-11-01,subscription_00000081,210.33,1,account_00000244,ES,southern_europe,small,sales_assisted,outbound_sales
2024-12-01,subscription_00000003,187.6,2,account_00000004,NO,nordics,small,sales_assisted,referral
2024-12-01,subscription_00000006,898.0500000000001,2,account_00000013,NL,benelux,medium,partner_led,outbound_sales
2024-12-01,subscription_00000008,270.0,1,account_00000022,SE,nordics,small,self_service,referral
2024-12-01,subscription_00000009,108.97,1,account_00000023,DE,dach,small,partner_led,partner
2024-12-01,subscription_00000011,251.0,1,account_00000035,CH,dach,small,self_service,organic_search
2024-12-01,subscription_00000015,541.9,3,account_00000044,NL,benelux,small,sales_assisted,paid_search
2024-12-01,subscription_00000019,496.1,2,account_00000069,AT,dach,medium,self_service,referral
2024-12-01,subscription_00000022,251.0,1,account_00000083,GB,western_europe,small,self_service,paid_social
2024-12-01,subscription_00000023,63.75,1,account_00000085,DE,dach,micro,self_service,organic_search
2024-12-01,subscription_00000026,112.34,1,account_00000089,SE,nordics,small,self_service,organic_search
2024-12-01,subscription_00000028,50.87,1,account_00000093,ES,southern_europe,micro,sales_assisted,outbound_sales
2024-12-01,subscription_00000033,159.45,2,account_00000104,NO,nordics,micro,sales_assisted,direct
2024-12-01,subscription_00000035,160.69,1,account_00000106,NO,nordics,small,partner_led,organic_search
2024-12-01,subscription_00000037,1071.62,1,account_00000110,PL,central_europe,medium,partner_led,organic_search
2024-12-01,subscription_00000039,1537.0,1,account_00000113,BE,benelux,medium,self_service,organic_search
2024-12-01,subscription_00000042,46.92,1,account_00000123,FR,western_europe,micro,partner_led,partner
2024-12-01,subscription_00000043,99.0,1,account_00000124,DE,dach,micro,self_service,paid_search
2024-12-01,subscription_00000046,1883.0,2,account_00000128,AT,dach,medium,sales_assisted,outbound_sales
2024-12-01,subscription_00000050,3412.87,2,account_00000134,BE,benelux,mid_market,partner_led,outbound_sales
2024-12-01,subscription_00000052,1464.7,1,account_00000136,AT,dach,medium,sales_assisted,organic_search
2024-12-01,subscription_00000054,183.0,1,account_00000138,DE,dach,small,self_service,referral
2024-12-01,subscription_00000056,8941.02,2,account_00000152,IE,western_europe,mid_market,partner_led,paid_search
2024-12-01,subscription_00000057,43.35,1,account_00000155,DE,dach,micro,self_service,paid_search
2024-12-01,subscription_00000058,96.03,1,account_00000157,NL,benelux,micro,partner_led,organic_search
2024-12-01,subscription_00000063,118.0,1,account_00000173,SE,nordics,small,self_service,referral
2024-12-01,subscription_00000065,33.15,1,account_00000183,IE,western_europe,micro,self_service,events
2024-12-01,subscription_00000078,53.55,1,account_00000229,GB,western_europe,micro,sales_assisted,outbound_sales
2024-12-01,subscription_00000080,1003.96,1,account_00000234,IT,southern_europe,medium,sales_assisted,organic_search
2024-12-01,subscription_00000081,210.33,1,account_00000244,ES,southern_europe,small,sales_assisted,outbound_sales
2025-01-01,subscription_00000001,51.0,1,account_00000001,BE,benelux,micro,self_service,referral
2025-01-01,subscription_00000003,187.6,2,account_00000004,NO,nordics,small,sales_assisted,referral
2025-01-01,subscription_00000006,898.0500000000001,2,account_00000013,NL,benelux,medium,partner_led,outbound_sales
2025-01-01,subscription_00000008,270.0,1,account_00000022,SE,nordics,small,self_service,referral
2025-01-01,subscription_00000009,108.97,1,account_00000023,DE,dach,small,partner_led,partner
2025-01-01,subscription_00000011,251.0,1,account_00000035,CH,dach,small,self_service,organic_search
2025-01-01,subscription_00000015,541.9,3,account_00000044,NL,benelux,small,sales_assisted,paid_search
2025-01-01,subscription_00000019,496.1,2,account_00000069,AT,dach,medium,self_service,referral
2025-01-01,subscription_00000022,251.0,1,account_00000083,GB,western_europe,small,self_service,paid_social
2025-01-01,subscription_00000023,63.75,1,account_00000085,DE,dach,micro,self_service,organic_search
2025-01-01,subscription_00000026,112.34,1,account_00000089,SE,nordics,small,self_service,organic_search
2025-01-01,subscription_00000028,50.87,1,account_00000093,ES,southern_europe,micro,sales_assisted,outbound_sales
2025-01-01,subscription_00000033,159.45,2,account_00000104,NO,nordics,micro,sales_assisted,direct
2025-01-01,subscription_00000035,160.69,1,account_00000106,NO,nordics,small,partner_led,organic_search
2025-01-01,subscription_00000037,1071.62,1,account_00000110,PL,central_europe,medium,partner_led,organic_search
2025-01-01,subscription_00000038,156.0,1,account_00000111,DE,dach,small,sales_assisted,outbound_sales
2025-01-01,subscription_00000039,1537.0,1,account_00000113,BE,benelux,medium,self_service,organic_search
2025-01-01,subscription_00000042,46.92,1,account_00000123,FR,western_europe,micro,partner_led,partner
2025-01-01,subscription_00000043,99.0,1,account_00000124,DE,dach,micro,self_service,paid_search
2025-01-01,subscription_00000046,1883.0,2,account_00000128,AT,dach,medium,sales_assisted,outbound_sales
2025-01-01,subscription_00000050,3528.97,3,account_00000134,BE,benelux,mid_market,partner_led,outbound_sales
2025-01-01,subscription_00000052,1464.7,1,account_00000136,AT,dach,medium,sales_assisted,organic_search
2025-01-01,subscription_00000054,183.0,1,account_00000138,DE,dach,small,self_service,referral
2025-01-01,subscription_00000056,8941.02,2,account_00000152,IE,western_europe,mid_market,partner_led,paid_search
2025-01-01,subscription_00000057,43.35,1,account_00000155,DE,dach,micro,self_service,paid_search
2025-01-01,subscription_00000058,96.03,1,account_00000157,NL,benelux,micro,partner_led,organic_search
2025-01-01,subscription_00000061,39.0,1,account_00000166,FR,western_europe,micro,self_service,referral
2025-01-01,subscription_00000063,118.0,1,account_00000173,SE,nordics,small,self_service,referral
2025-01-01,subscription_00000065,33.15,1,account_00000183,IE,western_europe,micro,self_service,events
2025-01-01,subscription_00000078,53.55,1,account_00000229,GB,western_europe,micro,sales_assisted,outbound_sales
2025-01-01,subscription_00000080,1003.96,1,account_00000234,IT,southern_europe,medium,sales_assisted,organic_search
2025-01-01,subscription_00000081,210.33,1,account_00000244,ES,southern_europe,small,sales_assisted,outbound_sales
2025-02-01,subscription_00000001,51.0,1,account_00000001,BE,benelux,micro,self_service,referral
2025-02-01,subscription_00000003,187.6,2,account_00000004,NO,nordics,small,sales_assisted,referral
2025-02-01,subscription_00000006,1257.15,3,account_00000013,NL,benelux,medium,partner_led,outbound_sales
2025-02-01,subscription_00000008,270.0,1,account_00000022,SE,nordics,small,self_service,referral
2025-02-01,subscription_00000009,108.97,1,account_00000023,DE,dach,small,partner_led,partner
2025-02-01,subscription_00000011,251.0,1,account_00000035,CH,dach,small,self_service,organic_search
2025-02-01,subscription_00000015,541.9,3,account_00000044,NL,benelux,small,sales_assisted,paid_search
2025-02-01,subscription_00000019,496.1,2,account_00000069,AT,dach,medium,self_service,referral
2025-02-01,subscription_00000022,251.0,1,account_00000083,GB,western_europe,small,self_service,paid_social
2025-02-01,subscription_00000023,63.75,1,account_00000085,DE,dach,micro,self_service,organic_search
2025-02-01,subscription_00000025,244.98,1,account_00000087,ES,southern_europe,small,sales_assisted,outbound_sales
2025-02-01,subscription_00000026,112.34,1,account_00000089,SE,nordics,small,self_service,organic_search
2025-02-01,subscription_00000028,50.87,1,account_00000093,ES,southern_europe,micro,sales_assisted,outbound_sales
2025-02-01,subscription_00000033,159.45,2,account_00000104,NO,nordics,micro,sales_assisted,direct
2025-02-01,subscription_00000035,160.69,1,account_00000106,NO,nordics,small,partner_led,organic_search
2025-02-01,subscription_00000037,1071.62,1,account_00000110,PL,central_europe,medium,partner_led,organic_search
2025-02-01,subscription_00000038,156.0,1,account_00000111,DE,dach,small,sales_assisted,outbound_sales
2025-02-01,subscription_00000039,2029.0,2,account_00000113,BE,benelux,medium,self_service,organic_search
2025-02-01,subscription_00000042,46.92,1,account_00000123,FR,western_europe,micro,partner_led,partner
2025-02-01,subscription_00000043,99.0,1,account_00000124,DE,dach,micro,self_service,paid_search
2025-02-01,subscription_00000045,127.92,1,account_00000127,AT,dach,small,self_service,organic_search
2025-02-01,subscription_00000046,1883.0,2,account_00000128,AT,dach,medium,sales_assisted,outbound_sales
2025-02-01,subscription_00000050,3528.97,3,account_00000134,BE,benelux,mid_market,partner_led,outbound_sales
2025-02-01,subscription_00000052,1464.7,1,account_00000136,AT,dach,medium,sales_assisted,organic_search
2025-02-01,subscription_00000054,183.0,1,account_00000138,DE,dach,small,self_service,referral
2025-02-01,subscription_00000056,8941.02,2,account_00000152,IE,western_europe,mid_market,partner_led,paid_search
2025-02-01,subscription_00000057,43.35,1,account_00000155,DE,dach,micro,self_service,paid_search
2025-02-01,subscription_00000058,96.03,1,account_00000157,NL,benelux,micro,partner_led,organic_search
2025-02-01,subscription_00000061,39.0,1,account_00000166,FR,western_europe,micro,self_service,referral
2025-02-01,subscription_00000063,118.0,1,account_00000173,SE,nordics,small,self_service,referral
2025-02-01,subscription_00000065,33.15,1,account_00000183,IE,western_europe,micro,self_service,events
2025-02-01,subscription_00000067,236.98,1,account_00000192,DE,dach,small,self_service,events
2025-02-01,subscription_00000076,1051.0,1,account_00000222,DE,dach,medium,sales_assisted,paid_search
2025-02-01,subscription_00000078,53.55,1,account_00000229,GB,western_europe,micro,sales_assisted,outbound_sales
2025-02-01,subscription_00000080,819.28,1,account_00000234,IT,southern_europe,medium,sales_assisted,organic_search
2025-02-01,subscription_00000081,210.33,1,account_00000244,ES,southern_europe,small,sales_assisted,outbound_sales
2025-03-01,subscription_00000001,51.0,1,account_00000001,BE,benelux,micro,self_service,referral
2025-03-01,subscription_00000003,187.6,2,account_00000004,NO,nordics,small,sales_assisted,referral
2025-03-01,subscription_00000005,243.0,1,account_00000009,BE,benelux,small,partner_led,partner
2025-03-01,subscription_00000006,1390.21,3,account_00000013,NL,benelux,medium,partner_led,outbound_sales
2025-03-01,subscription_00000008,270.0,1,account_00000022,SE,nordics,small,self_service,referral
2025-03-01,subscription_00000009,108.97,1,account_00000023,DE,dach,small,partner_led,partner
2025-03-01,subscription_00000011,251.0,1,account_00000035,CH,dach,small,self_service,organic_search
2025-03-01,subscription_00000015,541.9,3,account_00000044,NL,benelux,small,sales_assisted,paid_search
2025-03-01,subscription_00000019,496.1,2,account_00000069,AT,dach,medium,self_service,referral
2025-03-01,subscription_00000022,251.0,1,account_00000083,GB,western_europe,small,self_service,paid_social
2025-03-01,subscription_00000023,63.75,1,account_00000085,DE,dach,micro,self_service,organic_search
2025-03-01,subscription_00000025,244.98,1,account_00000087,ES,southern_europe,small,sales_assisted,outbound_sales
2025-03-01,subscription_00000026,112.34,1,account_00000089,SE,nordics,small,self_service,organic_search
2025-03-01,subscription_00000028,50.87,1,account_00000093,ES,southern_europe,micro,sales_assisted,outbound_sales
2025-03-01,subscription_00000033,159.45,2,account_00000104,NO,nordics,micro,sales_assisted,direct
2025-03-01,subscription_00000035,160.69,1,account_00000106,NO,nordics,small,partner_led,organic_search
2025-03-01,subscription_00000037,1071.62,1,account_00000110,PL,central_europe,medium,partner_led,organic_search
2025-03-01,subscription_00000038,405.0,2,account_00000111,DE,dach,small,sales_assisted,outbound_sales
2025-03-01,subscription_00000039,2029.0,2,account_00000113,BE,benelux,medium,self_service,organic_search
2025-03-01,subscription_00000042,46.92,1,account_00000123,FR,western_europe,micro,partner_led,partner
2025-03-01,subscription_00000043,99.0,1,account_00000124,DE,dach,micro,self_service,paid_search
2025-03-01,subscription_00000045,127.92,1,account_00000127,AT,dach,small,self_service,organic_search
2025-03-01,subscription_00000046,1883.0,2,account_00000128,AT,dach,medium,sales_assisted,outbound_sales
2025-03-01,subscription_00000050,3528.97,3,account_00000134,BE,benelux,mid_market,partner_led,outbound_sales
2025-03-01,subscription_00000052,1464.7,1,account_00000136,AT,dach,medium,sales_assisted,organic_search
2025-03-01,subscription_00000054,289.0,1,account_00000138,DE,dach,small,self_service,referral
2025-03-01,subscription_00000056,8941.02,2,account_00000152,IE,western_europe,mid_market,partner_led,paid_search
2025-03-01,subscription_00000057,43.35,1,account_00000155,DE,dach,micro,self_service,paid_search
2025-03-01,subscription_00000058,96.03,1,account_00000157,NL,benelux,micro,partner_led,organic_search
2025-03-01,subscription_00000061,39.0,1,account_00000166,FR,western_europe,micro,self_service,referral
2025-03-01,subscription_00000063,118.0,1,account_00000173,SE,nordics,small,self_service,referral
2025-03-01,subscription_00000065,33.15,1,account_00000183,IE,western_europe,micro,self_service,events
2025-03-01,subscription_00000067,236.98,1,account_00000192,DE,dach,small,self_service,events
2025-03-01,subscription_00000076,1051.0,1,account_00000222,DE,dach,medium,sales_assisted,paid_search
2025-03-01,subscription_00000078,53.55,1,account_00000229,GB,western_europe,micro,sales_assisted,outbound_sales
2025-03-01,subscription_00000080,819.28,1,account_00000234,IT,southern_europe,medium,sales_assisted,organic_search
2025-03-01,subscription_00000081,210.33,1,account_00000244,ES,southern_europe,small,sales_assisted,outbound_sales
2025-04-01,subscription_00000001,51.0,1,account_00000001,BE,benelux,micro,self_service,referral
2025-04-01,subscription_00000003,187.6,2,account_00000004,NO,nordics,small,sales_assisted,referral
2025-04-01,subscription_00000005,243.0,1,account_00000009,BE,benelux,small,partner_led,partner
2025-04-01,subscription_00000006,1390.21,3,account_00000013,NL,benelux,medium,partner_led,outbound_sales
2025-04-01,subscription_00000008,270.0,1,account_00000022,SE,nordics,small,self_service,referral
2025-04-01,subscription_00000009,108.97,1,account_00000023,DE,dach,small,partner_led,partner
2025-04-01,subscription_00000011,251.0,1,account_00000035,CH,dach,small,self_service,organic_search
2025-04-01,subscription_00000015,541.9,3,account_00000044,NL,benelux,small,sales_assisted,paid_search
2025-04-01,subscription_00000018,1500.73,1,account_00000056,DE,dach,medium,sales_assisted,outbound_sales
2025-04-01,subscription_00000019,496.1,2,account_00000069,AT,dach,medium,self_service,referral
2025-04-01,subscription_00000022,251.0,1,account_00000083,GB,western_europe,small,self_service,paid_social
2025-04-01,subscription_00000023,63.75,1,account_00000085,DE,dach,micro,self_service,organic_search
2025-04-01,subscription_00000025,244.98,1,account_00000087,ES,southern_europe,small,sales_assisted,outbound_sales
2025-04-01,subscription_00000026,112.34,1,account_00000089,SE,nordics,small,self_service,organic_search
2025-04-01,subscription_00000028,50.87,1,account_00000093,ES,southern_europe,micro,sales_assisted,outbound_sales
2025-04-01,subscription_00000033,159.45,2,account_00000104,NO,nordics,micro,sales_assisted,direct
2025-04-01,subscription_00000035,160.69,1,account_00000106,NO,nordics,small,partner_led,organic_search
2025-04-01,subscription_00000037,1071.62,1,account_00000110,PL,central_europe,medium,partner_led,organic_search
2025-04-01,subscription_00000038,454.0,3,account_00000111,DE,dach,small,sales_assisted,outbound_sales
2025-04-01,subscription_00000039,2029.0,2,account_00000113,BE,benelux,medium,self_service,organic_search
2025-04-01,subscription_00000042,46.92,1,account_00000123,FR,western_europe,micro,partner_led,partner
2025-04-01,subscription_00000043,99.0,1,account_00000124,DE,dach,micro,self_service,paid_search
2025-04-01,subscription_00000045,127.92,1,account_00000127,AT,dach,small,self_service,organic_search
2025-04-01,subscription_00000046,1883.0,2,account_00000128,AT,dach,medium,sales_assisted,outbound_sales
2025-04-01,subscription_00000050,4535.01,3,account_00000134,BE,benelux,mid_market,partner_led,outbound_sales
2025-04-01,subscription_00000052,1464.7,1,account_00000136,AT,dach,medium,sales_assisted,organic_search
2025-04-01,subscription_00000054,289.0,1,account_00000138,DE,dach,small,self_service,referral
2025-04-01,subscription_00000055,197.64,1,account_00000141,DE,dach,small,partner_led,partner
2025-04-01,subscription_00000056,8941.02,2,account_00000152,IE,western_europe,mid_market,partner_led,paid_search
2025-04-01,subscription_00000057,43.35,1,account_00000155,DE,dach,micro,self_service,paid_search
2025-04-01,subscription_00000058,96.03,1,account_00000157,NL,benelux,micro,partner_led,organic_search
2025-04-01,subscription_00000060,814.75,1,account_00000161,CH,dach,medium,sales_assisted,paid_search
2025-04-01,subscription_00000061,39.0,1,account_00000166,FR,western_europe,micro,self_service,referral
2025-04-01,subscription_00000063,118.0,1,account_00000173,SE,nordics,small,self_service,referral
2025-04-01,subscription_00000065,33.15,1,account_00000183,IE,western_europe,micro,self_service,events
2025-04-01,subscription_00000067,236.98,1,account_00000192,DE,dach,small,self_service,events
2025-04-01,subscription_00000073,143.52,1,account_00000208,DK,nordics,small,partner_led,paid_search
2025-04-01,subscription_00000076,1222.56,1,account_00000222,DE,dach,medium,sales_assisted,paid_search
2025-04-01,subscription_00000077,106.92,1,account_00000228,DE,dach,micro,self_service,paid_social
2025-04-01,subscription_00000078,46.82,1,account_00000229,GB,western_europe,micro,sales_assisted,outbound_sales
2025-04-01,subscription_00000080,819.28,1,account_00000234,IT,southern_europe,medium,sales_assisted,organic_search
2025-04-01,subscription_00000081,210.33,1,account_00000244,ES,southern_europe,small,sales_assisted,outbound_sales
2025-05-01,subscription_00000001,51.0,1,account_00000001,BE,benelux,micro,self_service,referral
2025-05-01,subscription_00000003,187.6,2,account_00000004,NO,nordics,small,sales_assisted,referral
2025-05-01,subscription_00000005,243.0,1,account_00000009,BE,benelux,small,partner_led,partner
2025-05-01,subscription_00000006,1390.21,3,account_00000013,NL,benelux,medium,partner_led,outbound_sales
2025-05-01,subscription_00000008,270.0,1,account_00000022,SE,nordics,small,self_service,referral
2025-05-01,subscription_00000009,108.97,1,account_00000023,DE,dach,small,partner_led,partner
2025-05-01,subscription_00000011,251.0,1,account_00000035,CH,dach,small,self_service,organic_search
2025-05-01,subscription_00000015,541.9,3,account_00000044,NL,benelux,small,sales_assisted,paid_search
2025-05-01,subscription_00000016,145.8,1,account_00000047,FR,western_europe,small,sales_assisted,referral
2025-05-01,subscription_00000017,87.67,1,account_00000051,AT,dach,micro,self_service,paid_search
2025-05-01,subscription_00000018,2280.38,1,account_00000056,DE,dach,medium,sales_assisted,outbound_sales
2025-05-01,subscription_00000019,496.1,2,account_00000069,AT,dach,medium,self_service,referral
2025-05-01,subscription_00000022,251.0,1,account_00000083,GB,western_europe,small,self_service,paid_social
2025-05-01,subscription_00000025,244.98,1,account_00000087,ES,southern_europe,small,sales_assisted,outbound_sales
2025-05-01,subscription_00000026,112.34,1,account_00000089,SE,nordics,small,self_service,organic_search
2025-05-01,subscription_00000028,50.87,1,account_00000093,ES,southern_europe,micro,sales_assisted,outbound_sales
2025-05-01,subscription_00000030,4500.58,1,account_00000095,SE,nordics,mid_market,sales_assisted,direct
2025-05-01,subscription_00000033,159.45,2,account_00000104,NO,nordics,micro,sales_assisted,direct
2025-05-01,subscription_00000035,160.69,1,account_00000106,NO,nordics,small,partner_led,organic_search
2025-05-01,subscription_00000036,26961.64,1,account_00000108,GB,western_europe,enterprise,partner_led,partner
2025-05-01,subscription_00000037,1071.62,1,account_00000110,PL,central_europe,medium,partner_led,organic_search
2025-05-01,subscription_00000038,454.0,3,account_00000111,DE,dach,small,sales_assisted,outbound_sales
2025-05-01,subscription_00000039,2029.0,2,account_00000113,BE,benelux,medium,self_service,organic_search
2025-05-01,subscription_00000042,62.6,1,account_00000123,FR,western_europe,micro,partner_led,partner
2025-05-01,subscription_00000043,99.0,1,account_00000124,DE,dach,micro,self_service,paid_search
2025-05-01,subscription_00000045,127.92,1,account_00000127,AT,dach,small,self_service,organic_search
2025-05-01,subscription_00000046,1883.0,2,account_00000128,AT,dach,medium,sales_assisted,outbound_sales
2025-05-01,subscription_00000049,39113.19,1,account_00000131,GB,western_europe,enterprise,partner_led,partner
2025-05-01,subscription_00000050,4535.01,3,account_00000134,BE,benelux,mid_market,partner_led,outbound_sales
2025-05-01,subscription_00000052,1464.7,1,account_00000136,AT,dach,medium,sales_assisted,organic_search
2025-05-01,subscription_00000054,289.0,1,account_00000138,DE,dach,small,self_service,referral
2025-05-01,subscription_00000055,197.64,1,account_00000141,DE,dach,small,partner_led,partner
2025-05-01,subscription_00000056,8941.02,2,account_00000152,IE,western_europe,mid_market,partner_led,paid_search
2025-05-01,subscription_00000057,43.35,1,account_00000155,DE,dach,micro,self_service,paid_search
2025-05-01,subscription_00000058,96.03,1,account_00000157,NL,benelux,micro,partner_led,organic_search
2025-05-01,subscription_00000060,814.75,1,account_00000161,CH,dach,medium,sales_assisted,paid_search
2025-05-01,subscription_00000061,39.0,1,account_00000166,FR,western_europe,micro,self_service,referral
2025-05-01,subscription_00000063,118.0,1,account_00000173,SE,nordics,small,self_service,referral
2025-05-01,subscription_00000065,33.15,1,account_00000183,IE,western_europe,micro,self_service,events
2025-05-01,subscription_00000067,236.98,1,account_00000192,DE,dach,small,self_service,events
2025-05-01,subscription_00000072,1841.18,1,account_00000207,DE,dach,medium,partner_led,paid_search
2025-05-01,subscription_00000073,143.52,1,account_00000208,DK,nordics,small,partner_led,paid_search
2025-05-01,subscription_00000076,1222.56,1,account_00000222,DE,dach,medium,sales_assisted,paid_search
2025-05-01,subscription_00000077,106.92,1,account_00000228,DE,dach,micro,self_service,paid_social
2025-05-01,subscription_00000078,46.82,1,account_00000229,GB,western_europe,micro,sales_assisted,outbound_sales
2025-05-01,subscription_00000080,819.28,1,account_00000234,IT,southern_europe,medium,sales_assisted,organic_search
2025-05-01,subscription_00000081,210.33,1,account_00000244,ES,southern_europe,small,sales_assisted,outbound_sales
2025-06-01,subscription_00000001,230.0,2,account_00000001,BE,benelux,micro,self_service,referral
2025-06-01,subscription_00000003,187.6,2,account_00000004,NO,nordics,small,sales_assisted,referral
2025-06-01,subscription_00000005,243.0,1,account_00000009,BE,benelux,small,partner_led,partner
2025-06-01,subscription_00000006,1390.21,3,account_00000013,NL,benelux,medium,partner_led,outbound_sales
2025-06-01,subscription_00000008,270.0,1,account_00000022,SE,nordics,small,self_service,referral
2025-06-01,subscription_00000009,101.37,1,account_00000023,DE,dach,small,partner_led,partner
2025-06-01,subscription_00000011,251.0,1,account_00000035,CH,dach,small,self_service,organic_search
2025-06-01,subscription_00000015,541.9,3,account_00000044,NL,benelux,small,sales_assisted,paid_search
2025-06-01,subscription_00000016,145.8,1,account_00000047,FR,western_europe,small,sales_assisted,referral
2025-06-01,subscription_00000017,87.67,1,account_00000051,AT,dach,micro,self_service,paid_search
2025-06-01,subscription_00000018,2280.38,1,account_00000056,DE,dach,medium,sales_assisted,outbound_sales
2025-06-01,subscription_00000019,496.1,2,account_00000069,AT,dach,medium,self_service,referral
2025-06-01,subscription_00000022,251.0,1,account_00000083,GB,western_europe,small,self_service,paid_social
2025-06-01,subscription_00000025,244.98,1,account_00000087,ES,southern_europe,small,sales_assisted,outbound_sales
2025-06-01,subscription_00000026,112.34,1,account_00000089,SE,nordics,small,self_service,organic_search
2025-06-01,subscription_00000028,50.87,1,account_00000093,ES,southern_europe,micro,sales_assisted,outbound_sales
2025-06-01,subscription_00000030,4500.58,1,account_00000095,SE,nordics,mid_market,sales_assisted,direct
2025-06-01,subscription_00000033,159.45,2,account_00000104,NO,nordics,micro,sales_assisted,direct
2025-06-01,subscription_00000035,160.69,1,account_00000106,NO,nordics,small,partner_led,organic_search
2025-06-01,subscription_00000036,26961.64,1,account_00000108,GB,western_europe,enterprise,partner_led,partner
2025-06-01,subscription_00000037,1071.62,1,account_00000110,PL,central_europe,medium,partner_led,organic_search
2025-06-01,subscription_00000038,454.0,3,account_00000111,DE,dach,small,sales_assisted,outbound_sales
2025-06-01,subscription_00000039,2029.0,2,account_00000113,BE,benelux,medium,self_service,organic_search
2025-06-01,subscription_00000042,62.6,1,account_00000123,FR,western_europe,micro,partner_led,partner
2025-06-01,subscription_00000043,106.92,1,account_00000124,DE,dach,micro,self_service,paid_search
2025-06-01,subscription_00000045,127.92,1,account_00000127,AT,dach,small,self_service,organic_search
2025-06-01,subscription_00000046,1883.0,2,account_00000128,AT,dach,medium,sales_assisted,outbound_sales
2025-06-01,subscription_00000047,42.12,1,account_00000129,SE,nordics,micro,sales_assisted,organic_search
2025-06-01,subscription_00000049,39113.19,1,account_00000131,GB,western_europe,enterprise,partner_led,partner
2025-06-01,subscription_00000050,4535.01,3,account_00000134,BE,benelux,mid_market,partner_led,outbound_sales
2025-06-01,subscription_00000052,1464.7,1,account_00000136,AT,dach,medium,sales_assisted,organic_search
2025-06-01,subscription_00000054,289.0,1,account_00000138,DE,dach,small,self_service,referral
2025-06-01,subscription_00000055,197.64,1,account_00000141,DE,dach,small,partner_led,partner
2025-06-01,subscription_00000056,8941.02,2,account_00000152,IE,western_europe,mid_market,partner_led,paid_search
2025-06-01,subscription_00000057,43.35,1,account_00000155,DE,dach,micro,self_service,paid_search
2025-06-01,subscription_00000058,96.03,1,account_00000157,NL,benelux,micro,partner_led,organic_search
2025-06-01,subscription_00000060,814.75,1,account_00000161,CH,dach,medium,sales_assisted,paid_search
2025-06-01,subscription_00000061,39.0,1,account_00000166,FR,western_europe,micro,self_service,referral
2025-06-01,subscription_00000063,118.0,1,account_00000173,SE,nordics,small,self_service,referral
2025-06-01,subscription_00000065,35.8,1,account_00000183,IE,western_europe,micro,self_service,events
2025-06-01,subscription_00000067,236.98,1,account_00000192,DE,dach,small,self_service,events
2025-06-01,subscription_00000072,1841.18,1,account_00000207,DE,dach,medium,partner_led,paid_search
2025-06-01,subscription_00000073,143.52,1,account_00000208,DK,nordics,small,partner_led,paid_search
2025-06-01,subscription_00000076,1222.56,1,account_00000222,DE,dach,medium,sales_assisted,paid_search
2025-06-01,subscription_00000077,106.92,1,account_00000228,DE,dach,micro,self_service,paid_social
2025-06-01,subscription_00000078,46.82,1,account_00000229,GB,western_europe,micro,sales_assisted,outbound_sales
2025-06-01,subscription_00000080,819.28,1,account_00000234,IT,southern_europe,medium,sales_assisted,organic_search
2025-06-01,subscription_00000081,210.33,1,account_00000244,ES,southern_europe,small,sales_assisted,outbound_sales
2025-07-01,subscription_00000001,230.0,2,account_00000001,BE,benelux,micro,self_service,referral
2025-07-01,subscription_00000003,187.6,2,account_00000004,NO,nordics,small,sales_assisted,referral
2025-07-01,subscription_00000006,1390.21,3,account_00000013,NL,benelux,medium,partner_led,outbound_sales
2025-07-01,subscription_00000008,270.0,1,account_00000022,SE,nordics,small,self_service,referral
2025-07-01,subscription_00000009,101.37,1,account_00000023,DE,dach,small,partner_led,partner
2025-07-01,subscription_00000010,906.98,1,account_00000024,CZ,central_europe,medium,partner_led,referral
2025-07-01,subscription_00000011,251.0,1,account_00000035,CH,dach,small,self_service,organic_search
2025-07-01,subscription_00000015,541.9,3,account_00000044,NL,benelux,small,sales_assisted,paid_search
2025-07-01,subscription_00000016,132.84,1,account_00000047,FR,western_europe,small,sales_assisted,referral
2025-07-01,subscription_00000017,87.67,1,account_00000051,AT,dach,micro,self_service,paid_search
2025-07-01,subscription_00000018,2869.78,1,account_00000056,DE,dach,medium,sales_assisted,outbound_sales
2025-07-01,subscription_00000019,496.1,2,account_00000069,AT,dach,medium,self_service,referral
2025-07-01,subscription_00000022,251.0,1,account_00000083,GB,western_europe,small,self_service,paid_social
2025-07-01,subscription_00000025,244.98,1,account_00000087,ES,southern_europe,small,sales_assisted,outbound_sales
2025-07-01,subscription_00000026,112.34,1,account_00000089,SE,nordics,small,self_service,organic_search
2025-07-01,subscription_00000028,50.87,1,account_00000093,ES,southern_europe,micro,sales_assisted,outbound_sales
2025-07-01,subscription_00000030,4500.58,1,account_00000095,SE,nordics,mid_market,sales_assisted,direct
2025-07-01,subscription_00000033,159.45,2,account_00000104,NO,nordics,micro,sales_assisted,direct
2025-07-01,subscription_00000035,204.5,1,account_00000106,NO,nordics,small,partner_led,organic_search
2025-07-01,subscription_00000036,26961.64,1,account_00000108,GB,western_europe,enterprise,partner_led,partner
2025-07-01,subscription_00000037,1071.62,1,account_00000110,PL,central_europe,medium,partner_led,organic_search
2025-07-01,subscription_00000038,454.0,3,account_00000111,DE,dach,small,sales_assisted,outbound_sales
2025-07-01,subscription_00000039,2029.0,2,account_00000113,BE,benelux,medium,self_service,organic_search
2025-07-01,subscription_00000042,62.6,1,account_00000123,FR,western_europe,micro,partner_led,partner
2025-07-01,subscription_00000043,106.92,1,account_00000124,DE,dach,micro,self_service,paid_search
2025-07-01,subscription_00000045,127.92,1,account_00000127,AT,dach,small,self_service,organic_search
2025-07-01,subscription_00000046,1883.0,2,account_00000128,AT,dach,medium,sales_assisted,outbound_sales
2025-07-01,subscription_00000047,55.08,1,account_00000129,SE,nordics,micro,sales_assisted,organic_search
2025-07-01,subscription_00000049,36798.0,1,account_00000131,GB,western_europe,enterprise,partner_led,partner
2025-07-01,subscription_00000050,4535.01,3,account_00000134,BE,benelux,mid_market,partner_led,outbound_sales
2025-07-01,subscription_00000052,1464.7,1,account_00000136,AT,dach,medium,sales_assisted,organic_search
2025-07-01,subscription_00000054,289.0,1,account_00000138,DE,dach,small,self_service,referral
2025-07-01,subscription_00000055,197.64,1,account_00000141,DE,dach,small,partner_led,partner
2025-07-01,subscription_00000056,8941.02,2,account_00000152,IE,western_europe,mid_market,partner_led,paid_search
2025-07-01,subscription_00000057,43.35,1,account_00000155,DE,dach,micro,self_service,paid_search
2025-07-01,subscription_00000058,96.03,1,account_00000157,NL,benelux,micro,partner_led,organic_search
2025-07-01,subscription_00000060,814.75,1,account_00000161,CH,dach,medium,sales_assisted,paid_search
2025-07-01,subscription_00000061,55.08,1,account_00000166,FR,western_europe,micro,self_service,referral
2025-07-01,subscription_00000063,106.92,1,account_00000173,SE,nordics,small,self_service,referral
2025-07-01,subscription_00000065,35.8,1,account_00000183,IE,western_europe,micro,self_service,events
2025-07-01,subscription_00000066,914.51,1,account_00000184,NO,nordics,medium,partner_led,outbound_sales
2025-07-01,subscription_00000067,236.98,1,account_00000192,DE,dach,small,self_service,events
2025-07-01,subscription_00000072,1841.18,1,account_00000207,DE,dach,medium,partner_led,paid_search
2025-07-01,subscription_00000073,143.52,1,account_00000208,DK,nordics,small,partner_led,paid_search
2025-07-01,subscription_00000076,1420.56,3,account_00000222,DE,dach,medium,sales_assisted,paid_search
2025-07-01,subscription_00000077,106.92,1,account_00000228,DE,dach,micro,self_service,paid_social
2025-07-01,subscription_00000078,46.82,1,account_00000229,GB,western_europe,micro,sales_assisted,outbound_sales
2025-07-01,subscription_00000080,819.28,1,account_00000234,IT,southern_europe,medium,sales_assisted,organic_search
2025-07-01,subscription_00000081,210.33,1,account_00000244,ES,southern_europe,small,sales_assisted,outbound_sales
2025-08-01,subscription_00000001,230.0,2,account_00000001,BE,benelux,micro,self_service,referral
2025-08-01,subscription_00000003,187.6,2,account_00000004,NO,nordics,small,sales_assisted,referral
2025-08-01,subscription_00000006,1390.21,3,account_00000013,NL,benelux,medium,partner_led,outbound_sales
2025-08-01,subscription_00000008,270.0,1,account_00000022,SE,nordics,small,self_service,referral
2025-08-01,subscription_00000009,101.37,1,account_00000023,DE,dach,small,partner_led,partner
2025-08-01,subscription_00000010,906.98,1,account_00000024,CZ,central_europe,medium,partner_led,referral
2025-08-01,subscription_00000011,251.0,1,account_00000035,CH,dach,small,self_service,organic_search
2025-08-01,subscription_00000015,541.9,3,account_00000044,NL,benelux,small,sales_assisted,paid_search
2025-08-01,subscription_00000016,132.84,1,account_00000047,FR,western_europe,small,sales_assisted,referral
2025-08-01,subscription_00000017,87.67,1,account_00000051,AT,dach,micro,self_service,paid_search
2025-08-01,subscription_00000018,2869.78,1,account_00000056,DE,dach,medium,sales_assisted,outbound_sales
2025-08-01,subscription_00000019,496.1,2,account_00000069,AT,dach,medium,self_service,referral
2025-08-01,subscription_00000022,251.0,1,account_00000083,GB,western_europe,small,self_service,paid_social
2025-08-01,subscription_00000025,244.98,1,account_00000087,ES,southern_europe,small,sales_assisted,outbound_sales
2025-08-01,subscription_00000026,112.34,1,account_00000089,SE,nordics,small,self_service,organic_search
2025-08-01,subscription_00000028,50.87,1,account_00000093,ES,southern_europe,micro,sales_assisted,outbound_sales
2025-08-01,subscription_00000030,4500.58,1,account_00000095,SE,nordics,mid_market,sales_assisted,direct
2025-08-01,subscription_00000033,159.45,2,account_00000104,NO,nordics,micro,sales_assisted,direct
2025-08-01,subscription_00000035,204.5,1,account_00000106,NO,nordics,small,partner_led,organic_search
2025-08-01,subscription_00000036,27005.739999999998,2,account_00000108,GB,western_europe,enterprise,partner_led,partner
2025-08-01,subscription_00000037,1071.62,1,account_00000110,PL,central_europe,medium,partner_led,organic_search
2025-08-01,subscription_00000038,454.0,3,account_00000111,DE,dach,small,sales_assisted,outbound_sales
2025-08-01,subscription_00000039,2029.0,2,account_00000113,BE,benelux,medium,self_service,organic_search
2025-08-01,subscription_00000040,93.96,1,account_00000116,GB,western_europe,small,sales_assisted,outbound_sales
2025-08-01,subscription_00000042,62.6,1,account_00000123,FR,western_europe,micro,partner_led,partner
2025-08-01,subscription_00000043,106.92,1,account_00000124,DE,dach,micro,self_service,paid_search
2025-08-01,subscription_00000045,127.92,1,account_00000127,AT,dach,small,self_service,organic_search
2025-08-01,subscription_00000046,2403.4,2,account_00000128,AT,dach,medium,sales_assisted,outbound_sales
2025-08-01,subscription_00000047,55.08,1,account_00000129,SE,nordics,micro,sales_assisted,organic_search
2025-08-01,subscription_00000049,36798.0,1,account_00000131,GB,western_europe,enterprise,partner_led,partner
2025-08-01,subscription_00000050,4535.01,3,account_00000134,BE,benelux,mid_market,partner_led,outbound_sales
2025-08-01,subscription_00000051,38.75,1,account_00000135,NL,benelux,micro,partner_led,partner
2025-08-01,subscription_00000052,1383.88,1,account_00000136,AT,dach,medium,sales_assisted,organic_search
2025-08-01,subscription_00000054,289.0,1,account_00000138,DE,dach,small,self_service,referral
2025-08-01,subscription_00000055,197.64,1,account_00000141,DE,dach,small,partner_led,partner
2025-08-01,subscription_00000056,8941.02,2,account_00000152,IE,western_europe,mid_market,partner_led,paid_search
2025-08-01,subscription_00000057,43.35,1,account_00000155,DE,dach,micro,self_service,paid_search
2025-08-01,subscription_00000058,96.03,1,account_00000157,NL,benelux,micro,partner_led,organic_search
2025-08-01,subscription_00000060,814.75,1,account_00000161,CH,dach,medium,sales_assisted,paid_search
2025-08-01,subscription_00000061,55.08,1,account_00000166,FR,western_europe,micro,self_service,referral
2025-08-01,subscription_00000063,106.92,1,account_00000173,SE,nordics,small,self_service,referral
2025-08-01,subscription_00000064,2191.1,1,account_00000177,IT,southern_europe,medium,self_service,referral
2025-08-01,subscription_00000065,35.8,1,account_00000183,IE,western_europe,micro,self_service,events
2025-08-01,subscription_00000066,914.51,1,account_00000184,NO,nordics,medium,partner_led,outbound_sales
2025-08-01,subscription_00000067,236.98,1,account_00000192,DE,dach,small,self_service,events
2025-08-01,subscription_00000072,1841.18,1,account_00000207,DE,dach,medium,partner_led,paid_search
2025-08-01,subscription_00000073,143.52,1,account_00000208,DK,nordics,small,partner_led,paid_search
2025-08-01,subscription_00000076,1819.56,4,account_00000222,DE,dach,medium,sales_assisted,paid_search
2025-08-01,subscription_00000077,106.92,1,account_00000228,DE,dach,micro,self_service,paid_social
2025-08-01,subscription_00000078,46.82,1,account_00000229,GB,western_europe,micro,sales_assisted,outbound_sales
2025-08-01,subscription_00000080,819.28,1,account_00000234,IT,southern_europe,medium,sales_assisted,organic_search
2025-08-01,subscription_00000081,210.33,1,account_00000244,ES,southern_europe,small,sales_assisted,outbound_sales
2025-09-01,subscription_00000001,230.0,2,account_00000001,BE,benelux,micro,self_service,referral
2025-09-01,subscription_00000003,187.6,2,account_00000004,NO,nordics,small,sales_assisted,referral
2025-09-01,subscription_00000006,1390.21,3,account_00000013,NL,benelux,medium,partner_led,outbound_sales
2025-09-01,subscription_00000008,270.0,1,account_00000022,SE,nordics,small,self_service,referral
2025-09-01,subscription_00000009,101.37,1,account_00000023,DE,dach,small,partner_led,partner
2025-09-01,subscription_00000010,906.98,1,account_00000024,CZ,central_europe,medium,partner_led,referral
2025-09-01,subscription_00000011,251.0,1,account_00000035,CH,dach,small,self_service,organic_search
2025-09-01,subscription_00000015,541.9,3,account_00000044,NL,benelux,small,sales_assisted,paid_search
2025-09-01,subscription_00000016,145.8,1,account_00000047,FR,western_europe,small,sales_assisted,referral
2025-09-01,subscription_00000017,87.67,1,account_00000051,AT,dach,micro,self_service,paid_search
2025-09-01,subscription_00000018,2869.78,1,account_00000056,DE,dach,medium,sales_assisted,outbound_sales
2025-09-01,subscription_00000019,496.1,2,account_00000069,AT,dach,medium,self_service,referral
2025-09-01,subscription_00000021,21184.59,1,account_00000080,FR,western_europe,enterprise,sales_assisted,outbound_sales
2025-09-01,subscription_00000022,251.0,1,account_00000083,GB,western_europe,small,self_service,paid_social
2025-09-01,subscription_00000025,244.98,1,account_00000087,ES,southern_europe,small,sales_assisted,outbound_sales
2025-09-01,subscription_00000026,112.34,1,account_00000089,SE,nordics,small,self_service,organic_search
2025-09-01,subscription_00000028,50.87,1,account_00000093,ES,southern_europe,micro,sales_assisted,outbound_sales
2025-09-01,subscription_00000030,5277.74,1,account_00000095,SE,nordics,mid_market,sales_assisted,direct
2025-09-01,subscription_00000033,159.45,2,account_00000104,NO,nordics,micro,sales_assisted,direct
2025-09-01,subscription_00000035,204.5,1,account_00000106,NO,nordics,small,partner_led,organic_search
2025-09-01,subscription_00000036,27005.739999999998,2,account_00000108,GB,western_europe,enterprise,partner_led,partner
2025-09-01,subscription_00000037,1071.62,1,account_00000110,PL,central_europe,medium,partner_led,organic_search
2025-09-01,subscription_00000038,487.0,3,account_00000111,DE,dach,small,sales_assisted,outbound_sales
2025-09-01,subscription_00000039,2029.0,2,account_00000113,BE,benelux,medium,self_service,organic_search
2025-09-01,subscription_00000040,93.96,1,account_00000116,GB,western_europe,small,sales_assisted,outbound_sales
2025-09-01,subscription_00000042,62.6,1,account_00000123,FR,western_europe,micro,partner_led,partner
2025-09-01,subscription_00000043,106.92,1,account_00000124,DE,dach,micro,self_service,paid_search
2025-09-01,subscription_00000045,127.92,1,account_00000127,AT,dach,small,self_service,organic_search
2025-09-01,subscription_00000046,2109.64,2,account_00000128,AT,dach,medium,sales_assisted,outbound_sales
2025-09-01,subscription_00000047,55.08,1,account_00000129,SE,nordics,micro,sales_assisted,organic_search
2025-09-01,subscription_00000049,30208.59,1,account_00000131,GB,western_europe,enterprise,partner_led,partner
2025-09-01,subscription_00000050,4535.01,3,account_00000134,BE,benelux,mid_market,partner_led,outbound_sales
2025-09-01,subscription_00000051,38.75,1,account_00000135,NL,benelux,micro,partner_led,partner
2025-09-01,subscription_00000052,1383.88,1,account_00000136,AT,dach,medium,sales_assisted,organic_search
2025-09-01,subscription_00000054,289.0,1,account_00000138,DE,dach,small,self_service,referral
2025-09-01,subscription_00000055,312.12,1,account_00000141,DE,dach,small,partner_led,partner
2025-09-01,subscription_00000056,11832.24,2,account_00000152,IE,western_europe,mid_market,partner_led,paid_search
2025-09-01,subscription_00000057,43.35,1,account_00000155,DE,dach,micro,self_service,paid_search
2025-09-01,subscription_00000058,96.03,1,account_00000157,NL,benelux,micro,partner_led,organic_search
2025-09-01,subscription_00000060,814.75,1,account_00000161,CH,dach,medium,sales_assisted,paid_search
2025-09-01,subscription_00000061,55.08,1,account_00000166,FR,western_europe,micro,self_service,referral
2025-09-01,subscription_00000063,106.92,1,account_00000173,SE,nordics,small,self_service,referral
2025-09-01,subscription_00000064,2750.98,1,account_00000177,IT,southern_europe,medium,self_service,referral
2025-09-01,subscription_00000065,35.8,1,account_00000183,IE,western_europe,micro,self_service,events
2025-09-01,subscription_00000066,1242.87,1,account_00000184,NO,nordics,medium,partner_led,outbound_sales
2025-09-01,subscription_00000067,236.98,1,account_00000192,DE,dach,small,self_service,events
2025-09-01,subscription_00000072,1841.18,1,account_00000207,DE,dach,medium,partner_led,paid_search
2025-09-01,subscription_00000073,143.52,1,account_00000208,DK,nordics,small,partner_led,paid_search
2025-09-01,subscription_00000076,1819.56,4,account_00000222,DE,dach,medium,sales_assisted,paid_search
2025-09-01,subscription_00000077,106.92,1,account_00000228,DE,dach,micro,self_service,paid_social
2025-09-01,subscription_00000078,46.82,1,account_00000229,GB,western_europe,micro,sales_assisted,outbound_sales
2025-09-01,subscription_00000080,819.28,1,account_00000234,IT,southern_europe,medium,sales_assisted,organic_search
2025-09-01,subscription_00000081,210.33,1,account_00000244,ES,southern_europe,small,sales_assisted,outbound_sales
2025-10-01,subscription_00000001,230.0,2,account_00000001,BE,benelux,micro,self_service,referral
2025-10-01,subscription_00000003,187.6,2,account_00000004,NO,nordics,small,sales_assisted,referral
2025-10-01,subscription_00000006,1390.21,3,account_00000013,NL,benelux,medium,partner_led,outbound_sales
2025-10-01,subscription_00000008,270.0,1,account_00000022,SE,nordics,small,self_service,referral
2025-10-01,subscription_00000009,85.04,1,account_00000023,DE,dach,small,partner_led,partner
2025-10-01,subscription_00000010,840.5,1,account_00000024,CZ,central_europe,medium,partner_led,referral
2025-10-01,subscription_00000011,251.0,1,account_00000035,CH,dach,small,self_service,organic_search
2025-10-01,subscription_00000015,541.9,3,account_00000044,NL,benelux,small,sales_assisted,paid_search
2025-10-01,subscription_00000016,145.8,1,account_00000047,FR,western_europe,small,sales_assisted,referral
2025-10-01,subscription_00000017,87.67,1,account_00000051,AT,dach,micro,self_service,paid_search
2025-10-01,subscription_00000018,2931.88,2,account_00000056,DE,dach,medium,sales_assisted,outbound_sales
2025-10-01,subscription_00000019,496.1,2,account_00000069,AT,dach,medium,self_service,referral
2025-10-01,subscription_00000020,1400.13,1,account_00000079,SE,nordics,medium,partner_led,outbound_sales
2025-10-01,subscription_00000021,21659.79,3,account_00000080,FR,western_europe,enterprise,sales_assisted,outbound_sales
2025-10-01,subscription_00000022,251.0,1,account_00000083,GB,western_europe,small,self_service,paid_social
2025-10-01,subscription_00000025,244.98,1,account_00000087,ES,southern_europe,small,sales_assisted,outbound_sales
2025-10-01,subscription_00000026,112.34,1,account_00000089,SE,nordics,small,self_service,organic_search
2025-10-01,subscription_00000028,50.87,1,account_00000093,ES,southern_europe,micro,sales_assisted,outbound_sales
2025-10-01,subscription_00000030,5277.74,1,account_00000095,SE,nordics,mid_market,sales_assisted,direct
2025-10-01,subscription_00000033,159.45,2,account_00000104,NO,nordics,micro,sales_assisted,direct
2025-10-01,subscription_00000035,204.5,1,account_00000106,NO,nordics,small,partner_led,organic_search
2025-10-01,subscription_00000036,27005.739999999998,2,account_00000108,GB,western_europe,enterprise,partner_led,partner
2025-10-01,subscription_00000037,1071.62,1,account_00000110,PL,central_europe,medium,partner_led,organic_search
2025-10-01,subscription_00000038,487.0,3,account_00000111,DE,dach,small,sales_assisted,outbound_sales
2025-10-01,subscription_00000039,2029.0,2,account_00000113,BE,benelux,medium,self_service,organic_search
2025-10-01,subscription_00000040,93.96,1,account_00000116,GB,western_europe,small,sales_assisted,outbound_sales
2025-10-01,subscription_00000041,40.01,1,account_00000122,NL,benelux,micro,sales_assisted,referral
2025-10-01,subscription_00000042,62.6,1,account_00000123,FR,western_europe,micro,partner_led,partner
2025-10-01,subscription_00000043,106.92,1,account_00000124,DE,dach,micro,self_service,paid_search
2025-10-01,subscription_00000045,127.92,1,account_00000127,AT,dach,small,self_service,organic_search
2025-10-01,subscription_00000046,2587.0,2,account_00000128,AT,dach,medium,sales_assisted,outbound_sales
2025-10-01,subscription_00000047,55.08,1,account_00000129,SE,nordics,micro,sales_assisted,organic_search
2025-10-01,subscription_00000048,35.8,1,account_00000130,ES,southern_europe,micro,self_service,paid_search
2025-10-01,subscription_00000049,30208.59,1,account_00000131,GB,western_europe,enterprise,partner_led,partner
2025-10-01,subscription_00000050,4535.01,3,account_00000134,BE,benelux,mid_market,partner_led,outbound_sales
2025-10-01,subscription_00000051,38.75,1,account_00000135,NL,benelux,micro,partner_led,partner
2025-10-01,subscription_00000052,1638.45,1,account_00000136,AT,dach,medium,sales_assisted,organic_search
2025-10-01,subscription_00000054,289.0,1,account_00000138,DE,dach,small,self_service,referral
2025-10-01,subscription_00000055,312.12,1,account_00000141,DE,dach,small,partner_led,partner
2025-10-01,subscription_00000056,11832.24,2,account_00000152,IE,western_europe,mid_market,partner_led,paid_search
2025-10-01,subscription_00000057,43.35,1,account_00000155,DE,dach,micro,self_service,paid_search
2025-10-01,subscription_00000058,96.03,1,account_00000157,NL,benelux,micro,partner_led,organic_search
2025-10-01,subscription_00000060,814.75,1,account_00000161,CH,dach,medium,sales_assisted,paid_search
2025-10-01,subscription_00000061,55.08,1,account_00000166,FR,western_europe,micro,self_service,referral
2025-10-01,subscription_00000063,106.92,1,account_00000173,SE,nordics,small,self_service,referral
2025-10-01,subscription_00000064,3184.7,1,account_00000177,IT,southern_europe,medium,self_service,referral
2025-10-01,subscription_00000065,35.8,1,account_00000183,IE,western_europe,micro,self_service,events
2025-10-01,subscription_00000066,1242.87,1,account_00000184,NO,nordics,medium,partner_led,outbound_sales
2025-10-01,subscription_00000067,236.98,1,account_00000192,DE,dach,small,self_service,events
2025-10-01,subscription_00000069,13213.17,1,account_00000204,IT,southern_europe,enterprise,sales_assisted,outbound_sales
2025-10-01,subscription_00000072,1841.18,1,account_00000207,DE,dach,medium,partner_led,paid_search
2025-10-01,subscription_00000073,143.52,1,account_00000208,DK,nordics,small,partner_led,paid_search
2025-10-01,subscription_00000075,323.24,1,account_00000221,NL,benelux,small,self_service,paid_search
2025-10-01,subscription_00000076,1819.56,4,account_00000222,DE,dach,medium,sales_assisted,paid_search
2025-10-01,subscription_00000077,106.92,1,account_00000228,DE,dach,micro,self_service,paid_social
2025-10-01,subscription_00000078,46.82,1,account_00000229,GB,western_europe,micro,sales_assisted,outbound_sales
2025-10-01,subscription_00000080,707.53,1,account_00000234,IT,southern_europe,medium,sales_assisted,organic_search
2025-10-01,subscription_00000081,210.33,1,account_00000244,ES,southern_europe,small,sales_assisted,outbound_sales
2025-11-01,subscription_00000001,230.0,2,account_00000001,BE,benelux,micro,self_service,referral
2025-11-01,subscription_00000003,187.6,2,account_00000004,NO,nordics,small,sales_assisted,referral
2025-11-01,subscription_00000006,1390.21,3,account_00000013,NL,benelux,medium,partner_led,outbound_sales
2025-11-01,subscription_00000008,270.0,1,account_00000022,SE,nordics,small,self_service,referral
2025-11-01,subscription_00000009,85.04,1,account_00000023,DE,dach,small,partner_led,partner
2025-11-01,subscription_00000010,840.5,1,account_00000024,CZ,central_europe,medium,partner_led,referral
2025-11-01,subscription_00000011,251.0,1,account_00000035,CH,dach,small,self_service,organic_search
2025-11-01,subscription_00000013,80.66,1,account_00000040,FR,western_europe,micro,partner_led,partner
2025-11-01,subscription_00000015,541.9,3,account_00000044,NL,benelux,small,sales_assisted,paid_search
2025-11-01,subscription_00000016,145.8,1,account_00000047,FR,western_europe,small,sales_assisted,referral
2025-11-01,subscription_00000017,87.67,1,account_00000051,AT,dach,micro,self_service,paid_search
2025-11-01,subscription_00000018,3200.9800000000005,3,account_00000056,DE,dach,medium,sales_assisted,outbound_sales
2025-11-01,subscription_00000019,496.1,2,account_00000069,AT,dach,medium,self_service,referral
2025-11-01,subscription_00000020,1400.13,1,account_00000079,SE,nordics,medium,partner_led,outbound_sales
2025-11-01,subscription_00000021,21659.79,3,account_00000080,FR,western_europe,enterprise,sales_assisted,outbound_sales
2025-11-01,subscription_00000022,251.0,1,account_00000083,GB,western_europe,small,self_service,paid_social
2025-11-01,subscription_00000025,244.98,1,account_00000087,ES,southern_europe,small,sales_assisted,outbound_sales
2025-11-01,subscription_00000026,112.34,1,account_00000089,SE,nordics,small,self_service,organic_search
2025-11-01,subscription_00000028,50.87,1,account_00000093,ES,southern_europe,micro,sales_assisted,outbound_sales
2025-11-01,subscription_00000030,5277.74,1,account_00000095,SE,nordics,mid_market,sales_assisted,direct
2025-11-01,subscription_00000033,159.45,2,account_00000104,NO,nordics,micro,sales_assisted,direct
2025-11-01,subscription_00000035,204.5,1,account_00000106,NO,nordics,small,partner_led,organic_search
2025-11-01,subscription_00000036,27005.739999999998,2,account_00000108,GB,western_europe,enterprise,partner_led,partner
2025-11-01,subscription_00000037,1071.62,1,account_00000110,PL,central_europe,medium,partner_led,organic_search
2025-11-01,subscription_00000038,487.0,3,account_00000111,DE,dach,small,sales_assisted,outbound_sales
2025-11-01,subscription_00000039,2029.0,2,account_00000113,BE,benelux,medium,self_service,organic_search
2025-11-01,subscription_00000040,93.96,1,account_00000116,GB,western_europe,small,sales_assisted,outbound_sales
2025-11-01,subscription_00000041,40.01,1,account_00000122,NL,benelux,micro,sales_assisted,referral
2025-11-01,subscription_00000042,62.6,1,account_00000123,FR,western_europe,micro,partner_led,partner
2025-11-01,subscription_00000043,106.92,1,account_00000124,DE,dach,micro,self_service,paid_search
2025-11-01,subscription_00000045,127.92,1,account_00000127,AT,dach,small,self_service,organic_search
2025-11-01,subscription_00000046,2072.92,2,account_00000128,AT,dach,medium,sales_assisted,outbound_sales
2025-11-01,subscription_00000047,55.08,1,account_00000129,SE,nordics,micro,sales_assisted,organic_search
2025-11-01,subscription_00000048,35.8,1,account_00000130,ES,southern_europe,micro,self_service,paid_search
2025-11-01,subscription_00000049,30457.59,2,account_00000131,GB,western_europe,enterprise,partner_led,partner
2025-11-01,subscription_00000050,4535.01,3,account_00000134,BE,benelux,mid_market,partner_led,outbound_sales
2025-11-01,subscription_00000051,38.75,1,account_00000135,NL,benelux,micro,partner_led,partner
2025-11-01,subscription_00000052,1638.45,1,account_00000136,AT,dach,medium,sales_assisted,organic_search
2025-11-01,subscription_00000053,168.48,1,account_00000137,FR,western_europe,small,self_service,referral
2025-11-01,subscription_00000054,289.0,1,account_00000138,DE,dach,small,self_service,referral
2025-11-01,subscription_00000055,312.12,1,account_00000141,DE,dach,small,partner_led,partner
2025-11-01,subscription_00000056,11832.24,2,account_00000152,IE,western_europe,mid_market,partner_led,paid_search
2025-11-01,subscription_00000057,43.35,1,account_00000155,DE,dach,micro,self_service,paid_search
2025-11-01,subscription_00000058,96.03,1,account_00000157,NL,benelux,micro,partner_led,organic_search
2025-11-01,subscription_00000060,814.75,1,account_00000161,CH,dach,medium,sales_assisted,paid_search
2025-11-01,subscription_00000061,55.08,1,account_00000166,FR,western_europe,micro,self_service,referral
2025-11-01,subscription_00000063,106.92,1,account_00000173,SE,nordics,small,self_service,referral
2025-11-01,subscription_00000064,3264.7999999999997,2,account_00000177,IT,southern_europe,medium,self_service,referral
2025-11-01,subscription_00000065,35.8,1,account_00000183,IE,western_europe,micro,self_service,events
2025-11-01,subscription_00000066,1242.87,1,account_00000184,NO,nordics,medium,partner_led,outbound_sales
2025-11-01,subscription_00000067,236.98,1,account_00000192,DE,dach,small,self_service,events
2025-11-01,subscription_00000069,13213.17,1,account_00000204,IT,southern_europe,enterprise,sales_assisted,outbound_sales
2025-11-01,subscription_00000072,2096.32,1,account_00000207,DE,dach,medium,partner_led,paid_search
2025-11-01,subscription_00000073,143.52,1,account_00000208,DK,nordics,small,partner_led,paid_search
2025-11-01,subscription_00000075,323.24,1,account_00000221,NL,benelux,small,self_service,paid_search
2025-11-01,subscription_00000076,1819.56,4,account_00000222,DE,dach,medium,sales_assisted,paid_search
2025-11-01,subscription_00000077,106.92,1,account_00000228,DE,dach,micro,self_service,paid_social
2025-11-01,subscription_00000078,46.82,1,account_00000229,GB,western_europe,micro,sales_assisted,outbound_sales
2025-11-01,subscription_00000080,707.53,1,account_00000234,IT,southern_europe,medium,sales_assisted,organic_search
2025-11-01,subscription_00000081,210.33,1,account_00000244,ES,southern_europe,small,sales_assisted,outbound_sales
2025-12-01,subscription_00000001,230.0,2,account_00000001,BE,benelux,micro,self_service,referral
2025-12-01,subscription_00000003,187.6,2,account_00000004,NO,nordics,small,sales_assisted,referral
2025-12-01,subscription_00000004,40.01,1,account_00000008,IE,western_europe,micro,partner_led,partner
2025-12-01,subscription_00000006,1390.21,3,account_00000013,NL,benelux,medium,partner_led,outbound_sales
2025-12-01,subscription_00000008,270.0,1,account_00000022,SE,nordics,small,self_service,referral
2025-12-01,subscription_00000009,85.04,1,account_00000023,DE,dach,small,partner_led,partner
2025-12-01,subscription_00000010,840.5,1,account_00000024,CZ,central_europe,medium,partner_led,referral
2025-12-01,subscription_00000011,251.0,1,account_00000035,CH,dach,small,self_service,organic_search
2025-12-01,subscription_00000013,80.66,1,account_00000040,FR,western_europe,micro,partner_led,partner
2025-12-01,subscription_00000015,541.9,3,account_00000044,NL,benelux,small,sales_assisted,paid_search
2025-12-01,subscription_00000016,145.8,1,account_00000047,FR,western_europe,small,sales_assisted,referral
2025-12-01,subscription_00000017,87.67,1,account_00000051,AT,dach,micro,self_service,paid_search
2025-12-01,subscription_00000018,3200.9800000000005,3,account_00000056,DE,dach,medium,sales_assisted,outbound_sales
2025-12-01,subscription_00000019,496.1,2,account_00000069,AT,dach,medium,self_service,referral
2025-12-01,subscription_00000020,1400.13,1,account_00000079,SE,nordics,medium,partner_led,outbound_sales
2025-12-01,subscription_00000021,21659.79,3,account_00000080,FR,western_europe,enterprise,sales_assisted,outbound_sales
2025-12-01,subscription_00000022,251.0,1,account_00000083,GB,western_europe,small,self_service,paid_social
2025-12-01,subscription_00000024,42.12,1,account_00000086,IT,southern_europe,micro,self_service,referral
2025-12-01,subscription_00000025,244.98,1,account_00000087,ES,southern_europe,small,sales_assisted,outbound_sales
2025-12-01,subscription_00000026,112.34,1,account_00000089,SE,nordics,small,self_service,organic_search
2025-12-01,subscription_00000028,50.87,1,account_00000093,ES,southern_europe,micro,sales_assisted,outbound_sales
2025-12-01,subscription_00000030,5277.74,1,account_00000095,SE,nordics,mid_market,sales_assisted,direct
2025-12-01,subscription_00000033,159.45,2,account_00000104,NO,nordics,micro,sales_assisted,direct
2025-12-01,subscription_00000035,204.5,1,account_00000106,NO,nordics,small,partner_led,organic_search
2025-12-01,subscription_00000036,27274.84,3,account_00000108,GB,western_europe,enterprise,partner_led,partner
2025-12-01,subscription_00000037,1071.62,1,account_00000110,PL,central_europe,medium,partner_led,organic_search
2025-12-01,subscription_00000038,487.0,3,account_00000111,DE,dach,small,sales_assisted,outbound_sales
2025-12-01,subscription_00000039,2029.0,2,account_00000113,BE,benelux,medium,self_service,organic_search
2025-12-01,subscription_00000040,93.96,1,account_00000116,GB,western_europe,small,sales_assisted,outbound_sales
2025-12-01,subscription_00000041,40.01,1,account_00000122,NL,benelux,micro,sales_assisted,referral
2025-12-01,subscription_00000042,62.6,1,account_00000123,FR,western_europe,micro,partner_led,partner
2025-12-01,subscription_00000043,106.92,1,account_00000124,DE,dach,micro,self_service,paid_search
2025-12-01,subscription_00000045,127.92,1,account_00000127,AT,dach,small,self_service,organic_search
2025-12-01,subscription_00000046,2072.92,2,account_00000128,AT,dach,medium,sales_assisted,outbound_sales
2025-12-01,subscription_00000047,55.08,1,account_00000129,SE,nordics,micro,sales_assisted,organic_search
2025-12-01,subscription_00000048,35.8,1,account_00000130,ES,southern_europe,micro,self_service,paid_search
2025-12-01,subscription_00000049,30457.59,2,account_00000131,GB,western_europe,enterprise,partner_led,partner
2025-12-01,subscription_00000050,4535.01,3,account_00000134,BE,benelux,mid_market,partner_led,outbound_sales
2025-12-01,subscription_00000051,38.75,1,account_00000135,NL,benelux,micro,partner_led,partner
2025-12-01,subscription_00000052,1638.45,1,account_00000136,AT,dach,medium,sales_assisted,organic_search
2025-12-01,subscription_00000053,168.48,1,account_00000137,FR,western_europe,small,self_service,referral
2025-12-01,subscription_00000054,289.0,1,account_00000138,DE,dach,small,self_service,referral
2025-12-01,subscription_00000055,312.12,1,account_00000141,DE,dach,small,partner_led,partner
2025-12-01,subscription_00000056,11832.24,2,account_00000152,IE,western_europe,mid_market,partner_led,paid_search
2025-12-01,subscription_00000057,43.35,1,account_00000155,DE,dach,micro,self_service,paid_search
2025-12-01,subscription_00000058,96.03,1,account_00000157,NL,benelux,micro,partner_led,organic_search
2025-12-01,subscription_00000060,814.75,1,account_00000161,CH,dach,medium,sales_assisted,paid_search
2025-12-01,subscription_00000061,55.08,1,account_00000166,FR,western_europe,micro,self_service,referral
2025-12-01,subscription_00000063,106.92,1,account_00000173,SE,nordics,small,self_service,referral
2025-12-01,subscription_00000064,3264.7999999999997,2,account_00000177,IT,southern_europe,medium,self_service,referral
2025-12-01,subscription_00000065,35.8,1,account_00000183,IE,western_europe,micro,self_service,events
2025-12-01,subscription_00000066,1511.9699999999998,2,account_00000184,NO,nordics,medium,partner_led,outbound_sales
2025-12-01,subscription_00000067,236.98,1,account_00000192,DE,dach,small,self_service,events
2025-12-01,subscription_00000069,13213.17,1,account_00000204,IT,southern_europe,enterprise,sales_assisted,outbound_sales
2025-12-01,subscription_00000072,2096.32,1,account_00000207,DE,dach,medium,partner_led,paid_search
2025-12-01,subscription_00000073,143.52,1,account_00000208,DK,nordics,small,partner_led,paid_search
2025-12-01,subscription_00000075,323.24,1,account_00000221,NL,benelux,small,self_service,paid_search
2025-12-01,subscription_00000076,1819.56,4,account_00000222,DE,dach,medium,sales_assisted,paid_search
2025-12-01,subscription_00000077,106.92,1,account_00000228,DE,dach,micro,self_service,paid_social
2025-12-01,subscription_00000078,46.82,1,account_00000229,GB,western_europe,micro,sales_assisted,outbound_sales
2025-12-01,subscription_00000080,707.53,1,account_00000234,IT,southern_europe,medium,sales_assisted,organic_search
2025-12-01,subscription_00000081,210.33,1,account_00000244,ES,southern_europe,small,sales_assisted,outbound_sales
2026-01-01,subscription_00000001,230.0,2,account_00000001,BE,benelux,micro,self_service,referral
2026-01-01,subscription_00000003,187.6,2,account_00000004,NO,nordics,small,sales_assisted,referral
2026-01-01,subscription_00000004,40.01,1,account_00000008,IE,western_europe,micro,partner_led,partner
2026-01-01,subscription_00000006,1390.21,3,account_00000013,NL,benelux,medium,partner_led,outbound_sales
2026-01-01,subscription_00000008,270.0,1,account_00000022,SE,nordics,small,self_service,referral
2026-01-01,subscription_00000009,85.04,1,account_00000023,DE,dach,small,partner_led,partner
2026-01-01,subscription_00000010,906.98,1,account_00000024,CZ,central_europe,medium,partner_led,referral
2026-01-01,subscription_00000011,251.0,1,account_00000035,CH,dach,small,self_service,organic_search
2026-01-01,subscription_00000013,80.66,1,account_00000040,FR,western_europe,micro,partner_led,partner
2026-01-01,subscription_00000015,541.9,3,account_00000044,NL,benelux,small,sales_assisted,paid_search
2026-01-01,subscription_00000016,145.8,1,account_00000047,FR,western_europe,small,sales_assisted,referral
2026-01-01,subscription_00000017,87.67,1,account_00000051,AT,dach,micro,self_service,paid_search
2026-01-01,subscription_00000018,3200.9800000000005,3,account_00000056,DE,dach,medium,sales_assisted,outbound_sales
2026-01-01,subscription_00000019,496.1,2,account_00000069,AT,dach,medium,self_service,referral
2026-01-01,subscription_00000020,1887.84,1,account_00000079,SE,nordics,medium,partner_led,outbound_sales
2026-01-01,subscription_00000021,21721.89,4,account_00000080,FR,western_europe,enterprise,sales_assisted,outbound_sales
2026-01-01,subscription_00000022,251.0,1,account_00000083,GB,western_europe,small,self_service,paid_social
2026-01-01,subscription_00000024,42.12,1,account_00000086,IT,southern_europe,micro,self_service,referral
2026-01-01,subscription_00000025,313.55,1,account_00000087,ES,southern_europe,small,sales_assisted,outbound_sales
2026-01-01,subscription_00000026,104.5,1,account_00000089,SE,nordics,small,self_service,organic_search
2026-01-01,subscription_00000028,50.87,1,account_00000093,ES,southern_europe,micro,sales_assisted,outbound_sales
2026-01-01,subscription_00000030,5277.74,1,account_00000095,SE,nordics,mid_market,sales_assisted,direct
2026-01-01,subscription_00000033,159.45,2,account_00000104,NO,nordics,micro,sales_assisted,direct
2026-01-01,subscription_00000035,173.54,1,account_00000106,NO,nordics,small,partner_led,organic_search
2026-01-01,subscription_00000036,27274.84,3,account_00000108,GB,western_europe,enterprise,partner_led,partner
2026-01-01,subscription_00000037,1071.62,1,account_00000110,PL,central_europe,medium,partner_led,organic_search
2026-01-01,subscription_00000038,487.0,3,account_00000111,DE,dach,small,sales_assisted,outbound_sales
2026-01-01,subscription_00000039,2029.0,2,account_00000113,BE,benelux,medium,self_service,organic_search
2026-01-01,subscription_00000040,182.95999999999998,2,account_00000116,GB,western_europe,small,sales_assisted,outbound_sales
2026-01-01,subscription_00000041,40.01,1,account_00000122,NL,benelux,micro,sales_assisted,referral
2026-01-01,subscription_00000042,62.6,1,account_00000123,FR,western_europe,micro,partner_led,partner
2026-01-01,subscription_00000043,106.92,1,account_00000124,DE,dach,micro,self_service,paid_search
2026-01-01,subscription_00000045,127.92,1,account_00000127,AT,dach,small,self_service,organic_search
2026-01-01,subscription_00000046,2072.92,2,account_00000128,AT,dach,medium,sales_assisted,outbound_sales
2026-01-01,subscription_00000047,55.08,1,account_00000129,SE,nordics,micro,sales_assisted,organic_search
2026-01-01,subscription_00000048,35.8,1,account_00000130,ES,southern_europe,micro,self_service,paid_search
2026-01-01,subscription_00000049,30457.59,2,account_00000131,GB,western_europe,enterprise,partner_led,partner
2026-01-01,subscription_00000050,4535.01,3,account_00000134,BE,benelux,mid_market,partner_led,outbound_sales
2026-01-01,subscription_00000051,38.75,1,account_00000135,NL,benelux,micro,partner_led,partner
2026-01-01,subscription_00000052,1638.45,1,account_00000136,AT,dach,medium,sales_assisted,organic_search
2026-01-01,subscription_00000053,467.48,2,account_00000137,FR,western_europe,small,self_service,referral
2026-01-01,subscription_00000054,289.0,1,account_00000138,DE,dach,small,self_service,referral
2026-01-01,subscription_00000055,312.12,1,account_00000141,DE,dach,small,partner_led,partner
2026-01-01,subscription_00000056,11832.24,2,account_00000152,IE,western_europe,mid_market,partner_led,paid_search
2026-01-01,subscription_00000057,43.35,1,account_00000155,DE,dach,micro,self_service,paid_search
2026-01-01,subscription_00000058,96.03,1,account_00000157,NL,benelux,micro,partner_led,organic_search
2026-01-01,subscription_00000060,814.75,1,account_00000161,CH,dach,medium,sales_assisted,paid_search
2026-01-01,subscription_00000061,55.08,1,account_00000166,FR,western_europe,micro,self_service,referral
2026-01-01,subscription_00000063,106.92,1,account_00000173,SE,nordics,small,self_service,referral
2026-01-01,subscription_00000064,3425.8999999999996,3,account_00000177,IT,southern_europe,medium,self_service,referral
2026-01-01,subscription_00000065,35.8,1,account_00000183,IE,western_europe,micro,self_service,events
2026-01-01,subscription_00000066,1511.9699999999998,2,account_00000184,NO,nordics,medium,partner_led,outbound_sales
2026-01-01,subscription_00000067,236.98,1,account_00000192,DE,dach,small,self_service,events
2026-01-01,subscription_00000069,13213.17,1,account_00000204,IT,southern_europe,enterprise,sales_assisted,outbound_sales
2026-01-01,subscription_00000072,2096.32,1,account_00000207,DE,dach,medium,partner_led,paid_search
2026-01-01,subscription_00000073,143.52,1,account_00000208,DK,nordics,small,partner_led,paid_search
2026-01-01,subscription_00000075,323.24,1,account_00000221,NL,benelux,small,self_service,paid_search
2026-01-01,subscription_00000076,1819.56,4,account_00000222,DE,dach,medium,sales_assisted,paid_search
2026-01-01,subscription_00000077,106.92,1,account_00000228,DE,dach,micro,self_service,paid_social
2026-01-01,subscription_00000078,46.82,1,account_00000229,GB,western_europe,micro,sales_assisted,outbound_sales
2026-01-01,subscription_00000080,707.53,1,account_00000234,IT,southern_europe,medium,sales_assisted,organic_search
2026-01-01,subscription_00000081,210.33,1,account_00000244,ES,southern_europe,small,sales_assisted,outbound_sales
2026-02-01,subscription_00000001,230.0,2,account_00000001,BE,benelux,micro,self_service,referral
2026-02-01,subscription_00000003,187.6,2,account_00000004,NO,nordics,small,sales_assisted,referral
2026-02-01,subscription_00000004,40.01,1,account_00000008,IE,western_europe,micro,partner_led,partner
2026-02-01,subscription_00000006,1390.21,3,account_00000013,NL,benelux,medium,partner_led,outbound_sales
2026-02-01,subscription_00000008,270.0,1,account_00000022,SE,nordics,small,self_service,referral
2026-02-01,subscription_00000009,85.04,1,account_00000023,DE,dach,small,partner_led,partner
2026-02-01,subscription_00000010,1128.6,1,account_00000024,CZ,central_europe,medium,partner_led,referral
2026-02-01,subscription_00000011,251.0,1,account_00000035,CH,dach,small,self_service,organic_search
2026-02-01,subscription_00000013,80.66,1,account_00000040,FR,western_europe,micro,partner_led,partner
2026-02-01,subscription_00000015,541.9,3,account_00000044,NL,benelux,small,sales_assisted,paid_search
2026-02-01,subscription_00000016,145.8,1,account_00000047,FR,western_europe,small,sales_assisted,referral
2026-02-01,subscription_00000017,87.67,1,account_00000051,AT,dach,micro,self_service,paid_search
2026-02-01,subscription_00000018,3200.9800000000005,3,account_00000056,DE,dach,medium,sales_assisted,outbound_sales
2026-02-01,subscription_00000019,602.24,2,account_00000069,AT,dach,medium,self_service,referral
2026-02-01,subscription_00000020,1887.84,1,account_00000079,SE,nordics,medium,partner_led,outbound_sales
2026-02-01,subscription_00000021,21721.89,4,account_00000080,FR,western_europe,enterprise,sales_assisted,outbound_sales
2026-02-01,subscription_00000022,251.0,1,account_00000083,GB,western_europe,small,self_service,paid_social
2026-02-01,subscription_00000024,42.12,1,account_00000086,IT,southern_europe,micro,self_service,referral
2026-02-01,subscription_00000025,313.55,1,account_00000087,ES,southern_europe,small,sales_assisted,outbound_sales
2026-02-01,subscription_00000026,104.5,1,account_00000089,SE,nordics,small,self_service,organic_search
2026-02-01,subscription_00000027,35.8,1,account_00000092,AT,dach,micro,sales_assisted,outbound_sales
2026-02-01,subscription_00000028,50.87,1,account_00000093,ES,southern_europe,micro,sales_assisted,outbound_sales
2026-02-01,subscription_00000029,312.12,1,account_00000094,BE,benelux,small,self_service,organic_search
2026-02-01,subscription_00000030,5277.74,1,account_00000095,SE,nordics,mid_market,sales_assisted,direct
2026-02-01,subscription_00000033,159.45,2,account_00000104,NO,nordics,micro,sales_assisted,direct
2026-02-01,subscription_00000035,173.54,1,account_00000106,NO,nordics,small,partner_led,organic_search
2026-02-01,subscription_00000036,27274.84,3,account_00000108,GB,western_europe,enterprise,partner_led,partner
2026-02-01,subscription_00000037,1071.62,1,account_00000110,PL,central_europe,medium,partner_led,organic_search
2026-02-01,subscription_00000038,487.0,3,account_00000111,DE,dach,small,sales_assisted,outbound_sales
2026-02-01,subscription_00000039,2029.0,2,account_00000113,BE,benelux,medium,self_service,organic_search
2026-02-01,subscription_00000040,481.96,3,account_00000116,GB,western_europe,small,sales_assisted,outbound_sales
2026-02-01,subscription_00000041,40.01,1,account_00000122,NL,benelux,micro,sales_assisted,referral
2026-02-01,subscription_00000042,62.6,1,account_00000123,FR,western_europe,micro,partner_led,partner
2026-02-01,subscription_00000043,106.92,1,account_00000124,DE,dach,micro,self_service,paid_search
2026-02-01,subscription_00000045,127.92,1,account_00000127,AT,dach,small,self_service,organic_search
2026-02-01,subscription_00000046,2072.92,2,account_00000128,AT,dach,medium,sales_assisted,outbound_sales
2026-02-01,subscription_00000047,55.08,1,account_00000129,SE,nordics,micro,sales_assisted,organic_search
2026-02-01,subscription_00000049,34945.51,2,account_00000131,GB,western_europe,enterprise,partner_led,partner
2026-02-01,subscription_00000050,3753.6,3,account_00000134,BE,benelux,mid_market,partner_led,outbound_sales
2026-02-01,subscription_00000051,38.75,1,account_00000135,NL,benelux,micro,partner_led,partner
2026-02-01,subscription_00000052,1893.01,1,account_00000136,AT,dach,medium,sales_assisted,organic_search
2026-02-01,subscription_00000053,467.48,2,account_00000137,FR,western_europe,small,self_service,referral
2026-02-01,subscription_00000054,289.0,1,account_00000138,DE,dach,small,self_service,referral
2026-02-01,subscription_00000055,312.12,1,account_00000141,DE,dach,small,partner_led,partner
2026-02-01,subscription_00000056,11832.24,2,account_00000152,IE,western_europe,mid_market,partner_led,paid_search
2026-02-01,subscription_00000057,43.35,1,account_00000155,DE,dach,micro,self_service,paid_search
2026-02-01,subscription_00000058,96.03,1,account_00000157,NL,benelux,micro,partner_led,organic_search
2026-02-01,subscription_00000060,814.75,1,account_00000161,CH,dach,medium,sales_assisted,paid_search
2026-02-01,subscription_00000061,55.08,1,account_00000166,FR,western_europe,micro,self_service,referral
2026-02-01,subscription_00000063,106.92,1,account_00000173,SE,nordics,small,self_service,referral
2026-02-01,subscription_00000064,3425.8999999999996,3,account_00000177,IT,southern_europe,medium,self_service,referral
2026-02-01,subscription_00000065,35.8,1,account_00000183,IE,western_europe,micro,self_service,events
2026-02-01,subscription_00000066,1592.07,3,account_00000184,NO,nordics,medium,partner_led,outbound_sales
2026-02-01,subscription_00000067,236.98,1,account_00000192,DE,dach,small,self_service,events
2026-02-01,subscription_00000069,13482.27,2,account_00000204,IT,southern_europe,enterprise,sales_assisted,outbound_sales
2026-02-01,subscription_00000071,619.92,1,account_00000206,DE,dach,medium,self_service,organic_search
2026-02-01,subscription_00000072,2096.32,1,account_00000207,DE,dach,medium,partner_led,paid_search
2026-02-01,subscription_00000073,143.52,1,account_00000208,DK,nordics,small,partner_led,paid_search
2026-02-01,subscription_00000075,323.24,1,account_00000221,NL,benelux,small,self_service,paid_search
2026-02-01,subscription_00000076,1819.56,4,account_00000222,DE,dach,medium,sales_assisted,paid_search
2026-02-01,subscription_00000077,106.92,1,account_00000228,DE,dach,micro,self_service,paid_social
2026-02-01,subscription_00000078,46.82,1,account_00000229,GB,western_europe,micro,sales_assisted,outbound_sales
2026-02-01,subscription_00000080,707.53,1,account_00000234,IT,southern_europe,medium,sales_assisted,organic_search
2026-02-01,subscription_00000081,210.33,1,account_00000244,ES,southern_europe,small,sales_assisted,outbound_sales
2026-03-01,subscription_00000001,230.0,2,account_00000001,BE,benelux,micro,self_service,referral
2026-03-01,subscription_00000002,42.12,1,account_00000002,NL,benelux,micro,self_service,referral
2026-03-01,subscription_00000003,187.6,2,account_00000004,NO,nordics,small,sales_assisted,referral
2026-03-01,subscription_00000004,40.01,1,account_00000008,IE,western_europe,micro,partner_led,partner
2026-03-01,subscription_00000006,1390.21,3,account_00000013,NL,benelux,medium,partner_led,outbound_sales
2026-03-01,subscription_00000007,11909.81,1,account_00000019,ES,southern_europe,mid_market,sales_assisted,paid_social
2026-03-01,subscription_00000008,373.68,1,account_00000022,SE,nordics,small,self_service,referral
2026-03-01,subscription_00000009,85.04,1,account_00000023,DE,dach,small,partner_led,partner
2026-03-01,subscription_00000010,1128.6,1,account_00000024,CZ,central_europe,medium,partner_led,referral
2026-03-01,subscription_00000011,251.0,1,account_00000035,CH,dach,small,self_service,organic_search
2026-03-01,subscription_00000013,80.66,1,account_00000040,FR,western_europe,micro,partner_led,partner
2026-03-01,subscription_00000014,243.14,1,account_00000043,AT,dach,small,partner_led,partner
2026-03-01,subscription_00000015,541.9,3,account_00000044,NL,benelux,small,sales_assisted,paid_search
2026-03-01,subscription_00000016,145.8,1,account_00000047,FR,western_europe,small,sales_assisted,referral
2026-03-01,subscription_00000017,87.67,1,account_00000051,AT,dach,micro,self_service,paid_search
2026-03-01,subscription_00000018,3200.9800000000005,3,account_00000056,DE,dach,medium,sales_assisted,outbound_sales
2026-03-01,subscription_00000019,602.24,2,account_00000069,AT,dach,medium,self_service,referral
2026-03-01,subscription_00000020,1887.84,1,account_00000079,SE,nordics,medium,partner_led,outbound_sales
2026-03-01,subscription_00000021,21721.89,4,account_00000080,FR,western_europe,enterprise,sales_assisted,outbound_sales
2026-03-01,subscription_00000022,251.0,1,account_00000083,GB,western_europe,small,self_service,paid_social
2026-03-01,subscription_00000024,42.12,1,account_00000086,IT,southern_europe,micro,self_service,referral
2026-03-01,subscription_00000025,313.55,1,account_00000087,ES,southern_europe,small,sales_assisted,outbound_sales
2026-03-01,subscription_00000026,138.15,1,account_00000089,SE,nordics,small,self_service,organic_search
2026-03-01,subscription_00000027,35.8,1,account_00000092,AT,dach,micro,sales_assisted,outbound_sales
2026-03-01,subscription_00000028,65.41,1,account_00000093,ES,southern_europe,micro,sales_assisted,outbound_sales
2026-03-01,subscription_00000029,312.12,1,account_00000094,BE,benelux,small,self_service,organic_search
2026-03-01,subscription_00000030,5277.74,1,account_00000095,SE,nordics,mid_market,sales_assisted,direct
2026-03-01,subscription_00000033,159.45,2,account_00000104,NO,nordics,micro,sales_assisted,direct
2026-03-01,subscription_00000035,173.54,1,account_00000106,NO,nordics,small,partner_led,organic_search
2026-03-01,subscription_00000036,27274.84,3,account_00000108,GB,western_europe,enterprise,partner_led,partner
2026-03-01,subscription_00000037,1071.62,1,account_00000110,PL,central_europe,medium,partner_led,organic_search
2026-03-01,subscription_00000038,487.0,3,account_00000111,DE,dach,small,sales_assisted,outbound_sales
2026-03-01,subscription_00000039,2029.0,2,account_00000113,BE,benelux,medium,self_service,organic_search
2026-03-01,subscription_00000040,610.96,4,account_00000116,GB,western_europe,small,sales_assisted,outbound_sales
2026-03-01,subscription_00000041,40.01,1,account_00000122,NL,benelux,micro,sales_assisted,referral
2026-03-01,subscription_00000042,62.6,1,account_00000123,FR,western_europe,micro,partner_led,partner
2026-03-01,subscription_00000043,106.92,1,account_00000124,DE,dach,micro,self_service,paid_search
2026-03-01,subscription_00000044,35.8,1,account_00000126,SE,nordics,micro,self_service,paid_search
2026-03-01,subscription_00000045,127.92,1,account_00000127,AT,dach,small,self_service,organic_search
2026-03-01,subscription_00000046,2072.92,2,account_00000128,AT,dach,medium,sales_assisted,outbound_sales
2026-03-01,subscription_00000047,55.08,1,account_00000129,SE,nordics,micro,sales_assisted,organic_search
2026-03-01,subscription_00000049,34945.51,2,account_00000131,GB,western_europe,enterprise,partner_led,partner
2026-03-01,subscription_00000050,3753.6,3,account_00000134,BE,benelux,mid_market,partner_led,outbound_sales
2026-03-01,subscription_00000051,38.75,1,account_00000135,NL,benelux,micro,partner_led,partner
2026-03-01,subscription_00000052,2402.15,1,account_00000136,AT,dach,medium,sales_assisted,organic_search
2026-03-01,subscription_00000053,467.48,2,account_00000137,FR,western_europe,small,self_service,referral
2026-03-01,subscription_00000054,289.0,1,account_00000138,DE,dach,small,self_service,referral
2026-03-01,subscription_00000055,353.16,1,account_00000141,DE,dach,small,partner_led,partner
2026-03-01,subscription_00000056,11832.24,2,account_00000152,IE,western_europe,mid_market,partner_led,paid_search
2026-03-01,subscription_00000057,43.35,1,account_00000155,DE,dach,micro,self_service,paid_search
2026-03-01,subscription_00000058,96.03,1,account_00000157,NL,benelux,micro,partner_led,organic_search
2026-03-01,subscription_00000060,814.75,1,account_00000161,CH,dach,medium,sales_assisted,paid_search
2026-03-01,subscription_00000061,55.08,1,account_00000166,FR,western_europe,micro,self_service,referral
2026-03-01,subscription_00000063,106.92,1,account_00000173,SE,nordics,small,self_service,referral
2026-03-01,subscription_00000064,3785.0,4,account_00000177,IT,southern_europe,medium,self_service,referral
2026-03-01,subscription_00000065,35.8,1,account_00000183,IE,western_europe,micro,self_service,events
2026-03-01,subscription_00000066,1592.07,3,account_00000184,NO,nordics,medium,partner_led,outbound_sales
2026-03-01,subscription_00000067,236.98,1,account_00000192,DE,dach,small,self_service,events
2026-03-01,subscription_00000069,15903.48,2,account_00000204,IT,southern_europe,enterprise,sales_assisted,outbound_sales
2026-03-01,subscription_00000071,619.92,1,account_00000206,DE,dach,medium,self_service,organic_search
2026-03-01,subscription_00000072,2096.32,1,account_00000207,DE,dach,medium,partner_led,paid_search
2026-03-01,subscription_00000073,143.52,1,account_00000208,DK,nordics,small,partner_led,paid_search
2026-03-01,subscription_00000075,323.24,1,account_00000221,NL,benelux,small,self_service,paid_search
2026-03-01,subscription_00000076,1819.56,4,account_00000222,DE,dach,medium,sales_assisted,paid_search
2026-03-01,subscription_00000077,106.92,1,account_00000228,DE,dach,micro,self_service,paid_social
2026-03-01,subscription_00000078,46.82,1,account_00000229,GB,western_europe,micro,sales_assisted,outbound_sales
2026-03-01,subscription_00000080,707.53,1,account_00000234,IT,southern_europe,medium,sales_assisted,organic_search
2026-03-01,subscription_00000081,259.13,1,account_00000244,ES,southern_europe,small,sales_assisted,outbound_sales
2026-04-01,subscription_00000001,230.0,2,account_00000001,BE,benelux,micro,self_service,referral
2026-04-01,subscription_00000002,42.12,1,account_00000002,NL,benelux,micro,self_service,referral
2026-04-01,subscription_00000003,187.6,2,account_00000004,NO,nordics,small,sales_assisted,referral
2026-04-01,subscription_00000004,40.01,1,account_00000008,IE,western_europe,micro,partner_led,partner
2026-04-01,subscription_00000006,1674.46,3,account_00000013,NL,benelux,medium,partner_led,outbound_sales
2026-04-01,subscription_00000007,11909.81,1,account_00000019,ES,southern_europe,mid_market,sales_assisted,paid_social
2026-04-01,subscription_00000008,373.68,1,account_00000022,SE,nordics,small,self_service,referral
2026-04-01,subscription_00000009,85.04,1,account_00000023,DE,dach,small,partner_led,partner
2026-04-01,subscription_00000010,1128.6,1,account_00000024,CZ,central_europe,medium,partner_led,referral
2026-04-01,subscription_00000011,251.0,1,account_00000035,CH,dach,small,self_service,organic_search
2026-04-01,subscription_00000013,80.66,1,account_00000040,FR,western_europe,micro,partner_led,partner
2026-04-01,subscription_00000014,243.14,1,account_00000043,AT,dach,small,partner_led,partner
2026-04-01,subscription_00000015,541.9,3,account_00000044,NL,benelux,small,sales_assisted,paid_search
2026-04-01,subscription_00000016,145.8,1,account_00000047,FR,western_europe,small,sales_assisted,referral
2026-04-01,subscription_00000017,87.67,1,account_00000051,AT,dach,micro,self_service,paid_search
2026-04-01,subscription_00000018,3200.9800000000005,3,account_00000056,DE,dach,medium,sales_assisted,outbound_sales
2026-04-01,subscription_00000019,602.24,2,account_00000069,AT,dach,medium,self_service,referral
2026-04-01,subscription_00000020,1887.84,1,account_00000079,SE,nordics,medium,partner_led,outbound_sales
2026-04-01,subscription_00000021,21721.89,4,account_00000080,FR,western_europe,enterprise,sales_assisted,outbound_sales
2026-04-01,subscription_00000022,251.0,1,account_00000083,GB,western_europe,small,self_service,paid_social
2026-04-01,subscription_00000024,42.12,1,account_00000086,IT,southern_europe,micro,self_service,referral
2026-04-01,subscription_00000025,313.55,1,account_00000087,ES,southern_europe,small,sales_assisted,outbound_sales
2026-04-01,subscription_00000026,138.15,1,account_00000089,SE,nordics,small,self_service,organic_search
2026-04-01,subscription_00000027,35.8,1,account_00000092,AT,dach,micro,sales_assisted,outbound_sales
2026-04-01,subscription_00000028,65.41,1,account_00000093,ES,southern_europe,micro,sales_assisted,outbound_sales
2026-04-01,subscription_00000029,611.12,2,account_00000094,BE,benelux,small,self_service,organic_search
2026-04-01,subscription_00000030,6031.24,1,account_00000095,SE,nordics,mid_market,sales_assisted,direct
2026-04-01,subscription_00000033,159.45,2,account_00000104,NO,nordics,micro,sales_assisted,direct
2026-04-01,subscription_00000035,173.54,1,account_00000106,NO,nordics,small,partner_led,organic_search
2026-04-01,subscription_00000036,27274.84,3,account_00000108,GB,western_europe,enterprise,partner_led,partner
2026-04-01,subscription_00000037,1071.62,1,account_00000110,PL,central_europe,medium,partner_led,organic_search
2026-04-01,subscription_00000038,487.0,3,account_00000111,DE,dach,small,sales_assisted,outbound_sales
2026-04-01,subscription_00000039,2375.52,2,account_00000113,BE,benelux,medium,self_service,organic_search
2026-04-01,subscription_00000040,610.96,4,account_00000116,GB,western_europe,small,sales_assisted,outbound_sales
2026-04-01,subscription_00000041,40.01,1,account_00000122,NL,benelux,micro,sales_assisted,referral
2026-04-01,subscription_00000042,62.6,1,account_00000123,FR,western_europe,micro,partner_led,partner
2026-04-01,subscription_00000043,106.92,1,account_00000124,DE,dach,micro,self_service,paid_search
2026-04-01,subscription_00000044,35.8,1,account_00000126,SE,nordics,micro,self_service,paid_search
2026-04-01,subscription_00000045,127.92,1,account_00000127,AT,dach,small,self_service,organic_search
2026-04-01,subscription_00000046,2072.92,2,account_00000128,AT,dach,medium,sales_assisted,outbound_sales
2026-04-01,subscription_00000047,68.04,1,account_00000129,SE,nordics,micro,sales_assisted,organic_search
2026-04-01,subscription_00000049,34945.51,2,account_00000131,GB,western_europe,enterprise,partner_led,partner
2026-04-01,subscription_00000050,3753.6,3,account_00000134,BE,benelux,mid_market,partner_led,outbound_sales
2026-04-01,subscription_00000051,38.75,1,account_00000135,NL,benelux,micro,partner_led,partner
2026-04-01,subscription_00000052,2402.15,1,account_00000136,AT,dach,medium,sales_assisted,organic_search
2026-04-01,subscription_00000053,596.48,3,account_00000137,FR,western_europe,small,self_service,referral
2026-04-01,subscription_00000054,289.0,1,account_00000138,DE,dach,small,self_service,referral
2026-04-01,subscription_00000055,353.16,1,account_00000141,DE,dach,small,partner_led,partner
2026-04-01,subscription_00000056,11832.24,2,account_00000152,IE,western_europe,mid_market,partner_led,paid_search
2026-04-01,subscription_00000057,43.35,1,account_00000155,DE,dach,micro,self_service,paid_search
2026-04-01,subscription_00000058,96.03,1,account_00000157,NL,benelux,micro,partner_led,organic_search
2026-04-01,subscription_00000059,335.5,1,account_00000159,GB,western_europe,small,sales_assisted,outbound_sales
2026-04-01,subscription_00000060,698.11,1,account_00000161,CH,dach,medium,sales_assisted,paid_search
2026-04-01,subscription_00000061,55.08,1,account_00000166,FR,western_europe,micro,self_service,referral
2026-04-01,subscription_00000063,106.92,1,account_00000173,SE,nordics,small,self_service,referral
2026-04-01,subscription_00000064,3785.0,4,account_00000177,IT,southern_europe,medium,self_service,referral
2026-04-01,subscription_00000065,35.8,1,account_00000183,IE,western_europe,micro,self_service,events
2026-04-01,subscription_00000066,1592.07,3,account_00000184,NO,nordics,medium,partner_led,outbound_sales
2026-04-01,subscription_00000067,236.98,1,account_00000192,DE,dach,small,self_service,events
2026-04-01,subscription_00000069,15903.48,2,account_00000204,IT,southern_europe,enterprise,sales_assisted,outbound_sales
2026-04-01,subscription_00000071,619.92,1,account_00000206,DE,dach,medium,self_service,organic_search
2026-04-01,subscription_00000072,2096.32,1,account_00000207,DE,dach,medium,partner_led,paid_search
2026-04-01,subscription_00000073,143.52,1,account_00000208,DK,nordics,small,partner_led,paid_search
2026-04-01,subscription_00000075,323.24,1,account_00000221,NL,benelux,small,self_service,paid_search
2026-04-01,subscription_00000076,1819.56,4,account_00000222,DE,dach,medium,sales_assisted,paid_search
2026-04-01,subscription_00000077,106.92,1,account_00000228,DE,dach,micro,self_service,paid_social
2026-04-01,subscription_00000078,46.82,1,account_00000229,GB,western_europe,micro,sales_assisted,outbound_sales
2026-04-01,subscription_00000079,35.8,1,account_00000230,PL,central_europe,micro,sales_assisted,organic_search
2026-04-01,subscription_00000080,707.53,1,account_00000234,IT,southern_europe,medium,sales_assisted,organic_search
2026-04-01,subscription_00000081,259.13,1,account_00000244,ES,southern_europe,small,sales_assisted,outbound_sales
2026-04-01,subscription_00000083,104.5,1,account_00000247,FR,western_europe,small,self_service,paid_search
2026-05-01,subscription_00000001,230.0,2,account_00000001,BE,benelux,micro,self_service,referral
2026-05-01,subscription_00000002,42.12,1,account_00000002,NL,benelux,micro,self_service,referral
2026-05-01,subscription_00000003,187.6,2,account_00000004,NO,nordics,small,sales_assisted,referral
2026-05-01,subscription_00000004,40.01,1,account_00000008,IE,western_europe,micro,partner_led,partner
2026-05-01,subscription_00000006,1674.46,3,account_00000013,NL,benelux,medium,partner_led,outbound_sales
2026-05-01,subscription_00000007,11909.81,1,account_00000019,ES,southern_europe,mid_market,sales_assisted,paid_social
2026-05-01,subscription_00000008,373.68,1,account_00000022,SE,nordics,small,self_service,referral
2026-05-01,subscription_00000009,85.04,1,account_00000023,DE,dach,small,partner_led,partner
2026-05-01,subscription_00000010,1128.6,1,account_00000024,CZ,central_europe,medium,partner_led,referral
2026-05-01,subscription_00000011,251.0,1,account_00000035,CH,dach,small,self_service,organic_search
2026-05-01,subscription_00000013,80.66,1,account_00000040,FR,western_europe,micro,partner_led,partner
2026-05-01,subscription_00000014,243.14,1,account_00000043,AT,dach,small,partner_led,partner
2026-05-01,subscription_00000015,541.9,3,account_00000044,NL,benelux,small,sales_assisted,paid_search
2026-05-01,subscription_00000016,145.8,1,account_00000047,FR,western_europe,small,sales_assisted,referral
2026-05-01,subscription_00000017,87.67,1,account_00000051,AT,dach,micro,self_service,paid_search
2026-05-01,subscription_00000018,3200.9800000000005,3,account_00000056,DE,dach,medium,sales_assisted,outbound_sales
2026-05-01,subscription_00000019,602.24,2,account_00000069,AT,dach,medium,self_service,referral
2026-05-01,subscription_00000020,2156.94,2,account_00000079,SE,nordics,medium,partner_led,outbound_sales
2026-05-01,subscription_00000021,21721.89,4,account_00000080,FR,western_europe,enterprise,sales_assisted,outbound_sales
2026-05-01,subscription_00000022,251.0,1,account_00000083,GB,western_europe,small,self_service,paid_social
2026-05-01,subscription_00000024,42.12,1,account_00000086,IT,southern_europe,micro,self_service,referral
2026-05-01,subscription_00000025,313.55,1,account_00000087,ES,southern_europe,small,sales_assisted,outbound_sales
2026-05-01,subscription_00000026,138.15,1,account_00000089,SE,nordics,small,self_service,organic_search
2026-05-01,subscription_00000027,35.8,1,account_00000092,AT,dach,micro,sales_assisted,outbound_sales
2026-05-01,subscription_00000028,65.41,1,account_00000093,ES,southern_europe,micro,sales_assisted,outbound_sales
2026-05-01,subscription_00000029,1079.12,4,account_00000094,BE,benelux,small,self_service,organic_search
2026-05-01,subscription_00000030,6031.24,1,account_00000095,SE,nordics,mid_market,sales_assisted,direct
2026-05-01,subscription_00000031,106.92,1,account_00000100,GB,western_europe,micro,self_service,paid_search
2026-05-01,subscription_00000032,87.67,1,account_00000101,NO,nordics,micro,self_service,paid_search
2026-05-01,subscription_00000033,159.45,2,account_00000104,NO,nordics,micro,sales_assisted,direct
2026-05-01,subscription_00000034,212.06,1,account_00000105,AT,dach,small,self_service,paid_search
2026-05-01,subscription_00000035,173.54,1,account_00000106,NO,nordics,small,partner_led,organic_search
2026-05-01,subscription_00000036,27274.84,3,account_00000108,GB,western_europe,enterprise,partner_led,partner
2026-05-01,subscription_00000037,1071.62,1,account_00000110,PL,central_europe,medium,partner_led,organic_search
2026-05-01,subscription_00000038,487.0,3,account_00000111,DE,dach,small,sales_assisted,outbound_sales
2026-05-01,subscription_00000039,2375.52,2,account_00000113,BE,benelux,medium,self_service,organic_search
2026-05-01,subscription_00000040,610.96,4,account_00000116,GB,western_europe,small,sales_assisted,outbound_sales
2026-05-01,subscription_00000041,358.01,3,account_00000122,NL,benelux,micro,sales_assisted,referral
2026-05-01,subscription_00000042,62.6,1,account_00000123,FR,western_europe,micro,partner_led,partner
2026-05-01,subscription_00000043,106.92,1,account_00000124,DE,dach,micro,self_service,paid_search
2026-05-01,subscription_00000044,35.8,1,account_00000126,SE,nordics,micro,self_service,paid_search
2026-05-01,subscription_00000045,127.92,1,account_00000127,AT,dach,small,self_service,organic_search
2026-05-01,subscription_00000046,2072.92,2,account_00000128,AT,dach,medium,sales_assisted,outbound_sales
2026-05-01,subscription_00000047,68.04,1,account_00000129,SE,nordics,micro,sales_assisted,organic_search
2026-05-01,subscription_00000049,34945.51,2,account_00000131,GB,western_europe,enterprise,partner_led,partner
2026-05-01,subscription_00000050,3753.6,3,account_00000134,BE,benelux,mid_market,partner_led,outbound_sales
2026-05-01,subscription_00000051,38.75,1,account_00000135,NL,benelux,micro,partner_led,partner
2026-05-01,subscription_00000052,2402.15,1,account_00000136,AT,dach,medium,sales_assisted,organic_search
2026-05-01,subscription_00000053,596.48,3,account_00000137,FR,western_europe,small,self_service,referral
2026-05-01,subscription_00000054,289.0,1,account_00000138,DE,dach,small,self_service,referral
2026-05-01,subscription_00000055,353.16,1,account_00000141,DE,dach,small,partner_led,partner
2026-05-01,subscription_00000056,11832.24,2,account_00000152,IE,western_europe,mid_market,partner_led,paid_search
2026-05-01,subscription_00000057,43.35,1,account_00000155,DE,dach,micro,self_service,paid_search
2026-05-01,subscription_00000058,96.03,1,account_00000157,NL,benelux,micro,partner_led,organic_search
2026-05-01,subscription_00000059,413.48,1,account_00000159,GB,western_europe,small,sales_assisted,outbound_sales
2026-05-01,subscription_00000060,698.11,1,account_00000161,CH,dach,medium,sales_assisted,paid_search
2026-05-01,subscription_00000061,55.08,1,account_00000166,FR,western_europe,micro,self_service,referral
2026-05-01,subscription_00000063,106.92,1,account_00000173,SE,nordics,small,self_service,referral
2026-05-01,subscription_00000064,3785.0,4,account_00000177,IT,southern_europe,medium,self_service,referral
2026-05-01,subscription_00000065,35.8,1,account_00000183,IE,western_europe,micro,self_service,events
2026-05-01,subscription_00000066,1592.07,3,account_00000184,NO,nordics,medium,partner_led,outbound_sales
2026-05-01,subscription_00000067,236.98,1,account_00000192,DE,dach,small,self_service,events
2026-05-01,subscription_00000069,19365.59,2,account_00000204,IT,southern_europe,enterprise,sales_assisted,outbound_sales
2026-05-01,subscription_00000070,40.86,1,account_00000205,DE,dach,micro,partner_led,partner
2026-05-01,subscription_00000071,619.92,1,account_00000206,DE,dach,medium,self_service,organic_search
2026-05-01,subscription_00000072,2096.32,1,account_00000207,DE,dach,medium,partner_led,paid_search
2026-05-01,subscription_00000073,143.52,1,account_00000208,DK,nordics,small,partner_led,paid_search
2026-05-01,subscription_00000075,289.59,1,account_00000221,NL,benelux,small,self_service,paid_search
2026-05-01,subscription_00000076,1819.56,4,account_00000222,DE,dach,medium,sales_assisted,paid_search
2026-05-01,subscription_00000077,106.92,1,account_00000228,DE,dach,micro,self_service,paid_social
2026-05-01,subscription_00000078,46.82,1,account_00000229,GB,western_europe,micro,sales_assisted,outbound_sales
2026-05-01,subscription_00000079,35.8,1,account_00000230,PL,central_europe,micro,sales_assisted,organic_search
2026-05-01,subscription_00000080,707.53,1,account_00000234,IT,southern_europe,medium,sales_assisted,organic_search
2026-05-01,subscription_00000081,259.13,1,account_00000244,ES,southern_europe,small,sales_assisted,outbound_sales
2026-05-01,subscription_00000082,166.65,1,account_00000245,NL,benelux,small,sales_assisted,outbound_sales
2026-05-01,subscription_00000083,463.6,2,account_00000247,FR,western_europe,small,self_service,paid_search
2026-06-01,subscription_00000001,230.0,2,account_00000001,BE,benelux,micro,self_service,referral
2026-06-01,subscription_00000002,42.12,1,account_00000002,NL,benelux,micro,self_service,referral
2026-06-01,subscription_00000003,187.6,2,account_00000004,NO,nordics,small,sales_assisted,referral
2026-06-01,subscription_00000004,40.01,1,account_00000008,IE,western_europe,micro,partner_led,partner
2026-06-01,subscription_00000006,1941.3300000000002,3,account_00000013,NL,benelux,medium,partner_led,outbound_sales
2026-06-01,subscription_00000007,11909.81,1,account_00000019,ES,southern_europe,mid_market,sales_assisted,paid_social
2026-06-01,subscription_00000008,373.68,1,account_00000022,SE,nordics,small,self_service,referral
2026-06-01,subscription_00000009,85.04,1,account_00000023,DE,dach,small,partner_led,partner
2026-06-01,subscription_00000010,1128.6,1,account_00000024,CZ,central_europe,medium,partner_led,referral
2026-06-01,subscription_00000011,251.0,1,account_00000035,CH,dach,small,self_service,organic_search
2026-06-01,subscription_00000012,6048.48,1,account_00000039,DE,dach,mid_market,sales_assisted,paid_social
2026-06-01,subscription_00000013,80.66,1,account_00000040,FR,western_europe,micro,partner_led,partner
2026-06-01,subscription_00000014,243.14,1,account_00000043,AT,dach,small,partner_led,partner
2026-06-01,subscription_00000015,541.9,3,account_00000044,NL,benelux,small,sales_assisted,paid_search
2026-06-01,subscription_00000016,145.8,1,account_00000047,FR,western_europe,small,sales_assisted,referral
2026-06-01,subscription_00000017,87.67,1,account_00000051,AT,dach,micro,self_service,paid_search
2026-06-01,subscription_00000018,3200.9800000000005,3,account_00000056,DE,dach,medium,sales_assisted,outbound_sales
2026-06-01,subscription_00000019,602.24,2,account_00000069,AT,dach,medium,self_service,referral
2026-06-01,subscription_00000020,2156.94,2,account_00000079,SE,nordics,medium,partner_led,outbound_sales
2026-06-01,subscription_00000021,21721.89,4,account_00000080,FR,western_europe,enterprise,sales_assisted,outbound_sales
2026-06-01,subscription_00000022,251.0,1,account_00000083,GB,western_europe,small,self_service,paid_social
2026-06-01,subscription_00000024,42.12,1,account_00000086,IT,southern_europe,micro,self_service,referral
2026-06-01,subscription_00000025,313.55,1,account_00000087,ES,southern_europe,small,sales_assisted,outbound_sales
2026-06-01,subscription_00000026,138.15,1,account_00000089,SE,nordics,small,self_service,organic_search
2026-06-01,subscription_00000027,35.8,1,account_00000092,AT,dach,micro,sales_assisted,outbound_sales
2026-06-01,subscription_00000028,65.41,1,account_00000093,ES,southern_europe,micro,sales_assisted,outbound_sales
2026-06-01,subscription_00000029,1079.12,4,account_00000094,BE,benelux,small,self_service,organic_search
2026-06-01,subscription_00000031,106.92,1,account_00000100,GB,western_europe,micro,self_service,paid_search
2026-06-01,subscription_00000032,87.67,1,account_00000101,NO,nordics,micro,self_service,paid_search
2026-06-01,subscription_00000033,159.45,2,account_00000104,NO,nordics,micro,sales_assisted,direct
2026-06-01,subscription_00000034,212.06,1,account_00000105,AT,dach,small,self_service,paid_search
2026-06-01,subscription_00000035,173.54,1,account_00000106,NO,nordics,small,partner_led,organic_search
2026-06-01,subscription_00000036,27274.84,3,account_00000108,GB,western_europe,enterprise,partner_led,partner
2026-06-01,subscription_00000037,1071.62,1,account_00000110,PL,central_europe,medium,partner_led,organic_search
2026-06-01,subscription_00000038,487.0,3,account_00000111,DE,dach,small,sales_assisted,outbound_sales
2026-06-01,subscription_00000039,2787.0,2,account_00000113,BE,benelux,medium,self_service,organic_search
2026-06-01,subscription_00000040,610.96,4,account_00000116,GB,western_europe,small,sales_assisted,outbound_sales
2026-06-01,subscription_00000041,358.01,3,account_00000122,NL,benelux,micro,sales_assisted,referral
2026-06-01,subscription_00000042,62.6,1,account_00000123,FR,western_europe,micro,partner_led,partner
2026-06-01,subscription_00000043,106.92,1,account_00000124,DE,dach,micro,self_service,paid_search
2026-06-01,subscription_00000044,35.8,1,account_00000126,SE,nordics,micro,self_service,paid_search
2026-06-01,subscription_00000045,127.92,1,account_00000127,AT,dach,small,self_service,organic_search
2026-06-01,subscription_00000046,2072.92,2,account_00000128,AT,dach,medium,sales_assisted,outbound_sales
2026-06-01,subscription_00000047,68.04,1,account_00000129,SE,nordics,micro,sales_assisted,organic_search
2026-06-01,subscription_00000049,34945.51,2,account_00000131,GB,western_europe,enterprise,partner_led,partner
2026-06-01,subscription_00000050,3753.6,3,account_00000134,BE,benelux,mid_market,partner_led,outbound_sales
2026-06-01,subscription_00000051,38.75,1,account_00000135,NL,benelux,micro,partner_led,partner
2026-06-01,subscription_00000052,3672.89,1,account_00000136,AT,dach,medium,sales_assisted,organic_search
2026-06-01,subscription_00000053,596.48,3,account_00000137,FR,western_europe,small,self_service,referral
2026-06-01,subscription_00000054,289.0,1,account_00000138,DE,dach,small,self_service,referral
2026-06-01,subscription_00000055,353.16,1,account_00000141,DE,dach,small,partner_led,partner
2026-06-01,subscription_00000056,11832.24,2,account_00000152,IE,western_europe,mid_market,partner_led,paid_search
2026-06-01,subscription_00000057,43.35,1,account_00000155,DE,dach,micro,self_service,paid_search
2026-06-01,subscription_00000058,96.03,1,account_00000157,NL,benelux,micro,partner_led,organic_search
2026-06-01,subscription_00000059,413.48,1,account_00000159,GB,western_europe,small,sales_assisted,outbound_sales
2026-06-01,subscription_00000060,698.11,1,account_00000161,CH,dach,medium,sales_assisted,paid_search
2026-06-01,subscription_00000061,55.08,1,account_00000166,FR,western_europe,micro,self_service,referral
2026-06-01,subscription_00000062,271.08,1,account_00000169,GB,western_europe,small,self_service,organic_search
2026-06-01,subscription_00000063,106.92,1,account_00000173,SE,nordics,small,self_service,referral
2026-06-01,subscription_00000064,3785.0,4,account_00000177,IT,southern_europe,medium,self_service,referral
2026-06-01,subscription_00000065,35.8,1,account_00000183,IE,western_europe,micro,self_service,events
2026-06-01,subscription_00000066,1592.07,3,account_00000184,NO,nordics,medium,partner_led,outbound_sales
2026-06-01,subscription_00000067,236.98,1,account_00000192,DE,dach,small,self_service,events
2026-06-01,subscription_00000068,35.8,1,account_00000197,FR,western_europe,micro,self_service,paid_social
2026-06-01,subscription_00000069,19365.59,2,account_00000204,IT,southern_europe,enterprise,sales_assisted,outbound_sales
2026-06-01,subscription_00000070,40.86,1,account_00000205,DE,dach,micro,partner_led,partner
2026-06-01,subscription_00000071,619.92,1,account_00000206,DE,dach,medium,self_service,organic_search
2026-06-01,subscription_00000072,2096.32,1,account_00000207,DE,dach,medium,partner_led,paid_search
2026-06-01,subscription_00000073,143.52,1,account_00000208,DK,nordics,small,partner_led,paid_search
2026-06-01,subscription_00000074,1517.92,1,account_00000213,IT,southern_europe,medium,partner_led,partner
2026-06-01,subscription_00000075,289.59,1,account_00000221,NL,benelux,small,self_service,paid_search
2026-06-01,subscription_00000076,1819.56,4,account_00000222,DE,dach,medium,sales_assisted,paid_search
2026-06-01,subscription_00000077,106.92,1,account_00000228,DE,dach,micro,self_service,paid_social
2026-06-01,subscription_00000078,46.82,1,account_00000229,GB,western_europe,micro,sales_assisted,outbound_sales
2026-06-01,subscription_00000079,35.8,1,account_00000230,PL,central_europe,micro,sales_assisted,organic_search
2026-06-01,subscription_00000080,707.53,1,account_00000234,IT,southern_europe,medium,sales_assisted,organic_search
2026-06-01,subscription_00000081,259.13,1,account_00000244,ES,southern_europe,small,sales_assisted,outbound_sales
2026-06-01,subscription_00000082,150.33,1,account_00000245,NL,benelux,small,sales_assisted,outbound_sales
2026-06-01,subscription_00000083,687.7,3,account_00000247,FR,western_europe,small,self_service,paid_search
